{"mae": 23.627527236938477, "mse": 1175.3564453125, "rmse": 34.283471897001625, "r2": 0.5896595518000508}