{"mae": 0.10259108990430832, "mse": 0.02417408861219883, "rmse": 0.15548019111156464, "r2": 0.5731164813041687}