{"mae": 0.05942125990986824, "mse": 0.010408816859126091, "rmse": 0.10202360898256302, "r2": 0.8607479929924011}