{"mae": 0.023712290450930595, "mse": 0.0009762279805727303, "rmse": 0.03124464675784111, "r2": 0.9864694476127625}