{"mae": 13.30730152130127, "mse": 275.60540771484375, "rmse": 16.601367645915314, "r2": 0.9774602019628944}