{"mae": 0.07996081560850143, "mse": 0.012804321944713593, "rmse": 0.11315618385538456, "r2": 0.8003093880174852}