{"mae": 0.39035728573799133, "mse": 0.273554265499115, "rmse": 0.5230241417884827, "r2": 0.9998975992202759}