{"mae": 0.02185467630624771, "mse": 0.000763419084250927, "rmse": 0.027630040422081947, "r2": 0.9906411170959473}