{"mae": 12.219366073608398, "mse": 285.2903137207031, "rmse": 16.890539177915638, "r2": 0.9957467961743619}