{"mae": 93.88880157470703, "mse": 13989.421875, "rmse": 118.27688647829719, "r2": 0.9708828445032288}