{"mae": 90.90187072753906, "mse": 12946.56640625, "rmse": 113.7829794224514, "r2": 0.9247829293849805}