{"mae": 27.37697982788086, "mse": 1573.8331298828125, "rmse": 39.67156576041349, "r2": 0.9948283071968779}