{"mae": 0.052233751863241196, "mse": 0.004921898245811462, "rmse": 0.07015624167393421, "r2": 0.9302619250781503}