{"mae": 16.477935791015625, "mse": 416.201416015625, "rmse": 20.40101432800293, "r2": 0.9936375021934509}