{"mae": 31.068023681640625, "mse": 2354.9814453125, "rmse": 48.52815106010634, "r2": -1.27347221332957}