{"mae": 105.05716705322266, "mse": 17503.8046875, "rmse": 132.30194513876205, "r2": 0.9669838382263167}