{"mae": 0.022073300555348396, "mse": 0.000537828600499779, "rmse": 0.023191131936578235, "r2": 0.3612750303605642}