{"mae": 109.6801986694336, "mse": 14260.32421875, "rmse": 119.4166030883789, "r2": 0.5637474060058594}