{"mae": 0.06490590423345566, "mse": 0.006506624631583691, "rmse": 0.08066365124133479, "r2": 0.8769900062220584}