{"mae": 17.678234100341797, "mse": 572.2142333984375, "rmse": 23.920999841111104, "r2": 0.888628012526934}