{"mae": 0.02286093309521675, "mse": 0.0009246364352293313, "rmse": 0.030407835096062517, "r2": 0.9826231589700145}