{"mae": 0.07600045204162598, "mse": 0.008022832684218884, "rmse": 0.08957026674192102, "r2": 0.8461086416362165}