{"mae": 0.07572361826896667, "mse": 0.011220071464776993, "rmse": 0.10592483875265986, "r2": 0.7535992590186488}