{"mae": 0.0036201218608766794, "mse": 2.507398858142551e-05, "rmse": 0.005007393192499876, "r2": 0.9836843609809875}