{"mae": 11.792596817016602, "mse": 221.099365234375, "rmse": 14.86941038623842, "r2": 0.9072026594256568}