{"mae": 10.76336669921875, "mse": 247.91278076171875, "rmse": 15.745246290919642, "r2": 0.989049861111883}