{"mae": 137.6283416748047, "mse": 30783.96484375, "rmse": 175.45359740897305, "r2": 0.9078402526309673}