{"mae": 17.89739227294922, "mse": 654.0586547851562, "rmse": 25.574570471176173, "r2": 0.961807102112653}