{"mae": 75.69065856933594, "mse": 9744.9794921875, "rmse": 98.71665954589844, "r2": 0.9390102624893188}