{"mae": 0.08002610504627228, "mse": 0.02202787436544895, "rmse": 0.14841790446387845, "r2": 0.4529123886485349}