{"mae": 64.61595153808594, "mse": 6967.7109375, "rmse": 83.47281555991746, "r2": 0.35818313107606425}