{"mae": 17.85788917541504, "mse": 594.84033203125, "rmse": 24.389348741433217, "r2": 0.9691712390842727}