{"mae": 18.482030868530273, "mse": 478.5099792480469, "rmse": 21.87487030029297, "r2": 0.9563053250312805}