{"mae": 38.668766021728516, "mse": 2443.68310546875, "rmse": 49.43362322821128, "r2": 0.5824629150079677}