{"mae": 140.15945434570312, "mse": 34331.4140625, "rmse": 185.28738236183273, "r2": -0.22042929762328378}