{"mae": 0.09440410137176514, "mse": 0.010852515697479248, "rmse": 0.10417541116476059, "r2": 0.7364630699157715}