{"mae": 21.609256744384766, "mse": 896.38232421875, "rmse": 29.939644690923604, "r2": 0.6206771141016705}