{"mae": 93.36881256103516, "mse": 15990.9912109375, "rmse": 126.45549102722863, "r2": 0.9735791435203343}