{"mae": 0.06726904213428497, "mse": 0.006082836538553238, "rmse": 0.07799254357814789, "r2": 0.8899474740028381}