{"mae": 104.57893371582031, "mse": 14473.5400390625, "rmse": 120.30602661156465, "r2": 0.9326013819614734}