{"mae": 99.96116638183594, "mse": 15488.1474609375, "rmse": 124.45138593417713, "r2": 0.7533931805879298}