{"mae": 87.89017486572266, "mse": 10499.8759765625, "rmse": 102.46890248540042, "r2": 0.9663693546442056}