{"mae": 18.5185546875, "mse": 458.83929443359375, "rmse": 21.420534133911133, "r2": 0.9854496121406555}