{"mae": 26.570295333862305, "mse": 1012.8991088867188, "rmse": 31.82607592661588, "r2": 0.9216429848114023}