{"mae": 0.4766532778739929, "mse": 0.23314417898654938, "rmse": 0.482850044965744, "r2": -3.6038589477539062}