{"mae": 99.78601837158203, "mse": 21388.224609375, "rmse": 146.24713538861198, "r2": 0.7791588993163785}