{"mae": 12.147561073303223, "mse": 223.5257568359375, "rmse": 14.950778007507324, "r2": 0.9962273240089417}