{"mae": 0.023703213781118393, "mse": 0.0014315927401185036, "rmse": 0.037836394385809324, "r2": -0.32066807154788735}