{"mae": 0.16617345809936523, "mse": 0.0383286252617836, "rmse": 0.19577698409557343, "r2": 0.20642536878585815}