{"mae": 0.04970364272594452, "mse": 0.004451174754649401, "rmse": 0.06671712489795555, "r2": 0.9319062204089721}