{"mae": 75.62737274169922, "mse": 9371.671875, "rmse": 96.8073959350586, "r2": 0.5457850694656372}