{"mae": 0.12049063295125961, "mse": 0.024844694882631302, "rmse": 0.15762199461460114, "r2": 0.17647701501846313}