{"mae": 215.53736877441406, "mse": 60309.4140625, "rmse": 245.5797576904297, "r2": -0.7317036390304565}