{"mae": 122.4972152709961, "mse": 17568.0390625, "rmse": 132.5444793701172, "r2": -2.4117727279663086}