{"mae": 47.744998931884766, "mse": 3316.023681640625, "rmse": 57.58492660522461, "r2": -6.723594665527344}