{"mae": 42.893463134765625, "mse": 3248.96044921875, "rmse": 56.99965286254883, "r2": 0.8021478652954102}