{"mae": 16.243064880371094, "mse": 437.977783203125, "rmse": 20.92791874991694, "r2": 0.9906811110859626}