{"mae": 223.38597106933594, "mse": 101668.875, "rmse": 318.8555603027344, "r2": -1.980640172958374}