{"mae": 0.040373075753450394, "mse": 0.006273325067013502, "rmse": 0.07920432479993439, "r2": 0.8873719618222274}