{"mae": 31.964000701904297, "mse": 1473.363525390625, "rmse": 38.384417741977344, "r2": 0.9650674414387727}