{"mae": 0.013627693057060242, "mse": 0.0004892062279395759, "rmse": 0.022118006870863748, "r2": 0.8026522640896906}