{"mae": 0.1472412347793579, "mse": 0.032181352376937866, "rmse": 0.17939162254333496, "r2": -0.7352093458175659}