{"mae": 0.027973420917987823, "mse": 0.002021073130890727, "rmse": 0.044956346947797335, "r2": -0.544091943892951}