{"mae": 0.015150019899010658, "mse": 0.00045950329513289034, "rmse": 0.021436027970052902, "r2": 0.681538201303094}