{"mae": 18.929590225219727, "mse": 559.848876953125, "rmse": 23.661125859796382, "r2": 0.9686826152232246}