{"mae": 30.925125122070312, "mse": 2197.345458984375, "rmse": 46.87585155476511, "r2": -1.4954740668048467}