{"mae": 28.09803581237793, "mse": 1157.020751953125, "rmse": 34.01500701904297, "r2": 0.9007623791694641}