{"mae": 10.92581844329834, "mse": 205.03720092773438, "rmse": 14.319120117092893, "r2": 0.9339462944315405}