{"mae": 0.042111851274967194, "mse": 0.0024488146882504225, "rmse": 0.049485499777716935, "r2": 0.9731476478537546}