{"mae": 0.06150488182902336, "mse": 0.00667057279497385, "rmse": 0.08167357464304995, "r2": 0.880118771235668}