{"mae": 0.04424222186207771, "mse": 0.0031084062065929174, "rmse": 0.055753082036972046, "r2": 0.9554271101951599}