{"mae": 88.15426635742188, "mse": 10296.73046875, "rmse": 101.47280654810923, "r2": 0.9696493817668199}