{"mae": 0.21514426171779633, "mse": 0.08321148157119751, "rmse": 0.2884640097618103, "r2": -6.46721887588501}