{"mae": 10.495816230773926, "mse": 171.90518188476562, "rmse": 13.11126164351721, "r2": 0.9393120479317699}