{"mae": 18.998767852783203, "mse": 811.0861206054688, "rmse": 28.47957374339491, "r2": 0.9836133853314789}