{"mae": 0.11614358425140381, "mse": 0.019629141315817833, "rmse": 0.1401040374715084, "r2": 0.5746317936627956}