{"mae": 0.01216147281229496, "mse": 0.00026603881269693375, "rmse": 0.016310696266466793, "r2": 0.9967253523116408}