{"mae": 41.73295593261719, "mse": 2401.861572265625, "rmse": 49.0087890625, "r2": -1.4146809577941895}