{"mae": 9.219915390014648, "mse": 149.34512329101562, "rmse": 12.220684239886719, "r2": 0.9910713433035939}