{"mae": 0.043788760900497437, "mse": 0.0038975144270807505, "rmse": 0.062430076302057734, "r2": 0.16326702165148133}