{"mae": 146.51222229003906, "mse": 34149.86328125, "rmse": 184.7968162097226, "r2": 0.7618589237153474}