{"mae": 0.025543564930558205, "mse": 0.0007271433132700622, "rmse": 0.026965594991953397, "r2": 0.17413383010147943}