{"mae": 42.066802978515625, "mse": 2844.926025390625, "rmse": 53.33784796362359, "r2": -1.9576149075856462}