{"mae": 93.11628723144531, "mse": 16330.3095703125, "rmse": 127.79010009765625, "r2": 0.9737757444381714}