{"mae": 50.0794792175293, "mse": 4932.1630859375, "rmse": 70.22936248779297, "r2": 0.6768710017204285}