{"mae": 13.543755531311035, "mse": 278.3497009277344, "rmse": 16.683815538651054, "r2": 0.9752147812593877}