{"mae": 0.015660258010029793, "mse": 0.0003716576611623168, "rmse": 0.019278423860669136, "r2": 0.8302018642425537}