{"mae": 9.86895751953125, "mse": 160.92079162597656, "rmse": 12.68545590926777, "r2": 0.9973110618580805}