{"mae": 29.016645431518555, "mse": 1231.724609375, "rmse": 35.09593437102081, "r2": 0.9366361165571927}