{"mae": 0.13174067437648773, "mse": 0.02371104247868061, "rmse": 0.15398390331031556, "r2": -0.061987618751447204}