{"mae": 0.040672898292541504, "mse": 0.0025975473690778017, "rmse": 0.05096613988280296, "r2": 0.949102520942688}