{"mae": 106.88899993896484, "mse": 19123.474609375, "rmse": 138.2876516879761, "r2": 0.6581621061936678}