{"mae": 0.10130410641431808, "mse": 0.01466354075819254, "rmse": 0.12109310780631795, "r2": 0.7628328489553136}