{"mae": 0.02092735283076763, "mse": 0.001253944355994463, "rmse": 0.035411076741529095, "r2": 0.4791890667679709}