{"mae": 67.62596893310547, "mse": 7476.48388671875, "rmse": 86.46666344157585, "r2": 0.8315135516244572}