{"mae": 0.05490836128592491, "mse": 0.004244346171617508, "rmse": 0.06514864414930344, "r2": 0.9533631205558777}