{"mae": 102.96244812011719, "mse": 13415.6806640625, "rmse": 115.82608032226562, "r2": -10.770953178405762}