{"mae": 53.25777053833008, "mse": 4042.27978515625, "rmse": 63.578925637008446, "r2": 0.7186939409531525}