{"mae": 11.814020156860352, "mse": 214.52699279785156, "rmse": 14.646740005811926, "r2": 0.9930513821685415}