{"mae": 0.21695512533187866, "mse": 0.08188587427139282, "rmse": 0.2861570797156569, "r2": -1.2323805987356722}