{"mae": 15.547920227050781, "mse": 340.4449462890625, "rmse": 18.45115089416504, "r2": 0.9360624551773071}