{"mae": 12.76109504699707, "mse": 246.16481018066406, "rmse": 15.689640045166016, "r2": 0.9888598322868347}