{"mae": 0.028476722538471222, "mse": 0.0016281971475109458, "rmse": 0.040350924989533334, "r2": 0.9749554670654241}