{"mae": 12.338346481323242, "mse": 307.7030029296875, "rmse": 17.541465759277344, "r2": 0.9868670701980591}