{"mae": 28.673078536987305, "mse": 1456.1485595703125, "rmse": 38.159514666336, "r2": 0.9939654533683223}