{"mae": 0.06260908395051956, "mse": 0.010982349514961243, "rmse": 0.1047967056493726, "r2": 0.7191587818671865}