{"mae": 0.008740479126572609, "mse": 0.000418592884670943, "rmse": 0.020459542631030222, "r2": 0.8446088717733335}