{"mae": 0.009396218694746494, "mse": 0.0001350289530819282, "rmse": 0.011620195914094055, "r2": 0.9346182772891249}