{"mae": 85.99736785888672, "mse": 13612.8876953125, "rmse": 116.67428035052326, "r2": 0.9697369446713182}