{"mae": 0.09333248436450958, "mse": 0.016336388885974884, "rmse": 0.12781388377627403, "r2": 0.519997946469991}