{"mae": 2.8655145168304443, "mse": 82.98915100097656, "rmse": 9.109838485717773, "r2": 0.9991492033004761}