{"mae": 17.176958084106445, "mse": 387.807373046875, "rmse": 19.692825420616387, "r2": 0.9776787366890638}