{"mae": 0.14251627027988434, "mse": 0.04510493949055672, "rmse": 0.21237923507385725, "r2": -0.07173523600649734}