{"mae": 0.026314863935112953, "mse": 0.0013844186905771494, "rmse": 0.03720777728616894, "r2": 0.9793449671368574}