{"mae": 0.053509313613176346, "mse": 0.0038154860958456993, "rmse": 0.061769621140538813, "r2": 0.9291542801237963}