{"mae": 0.05893177166581154, "mse": 0.005918554030358791, "rmse": 0.07693213912506783, "r2": 0.8903442317928617}