{"mae": 17.74007797241211, "mse": 531.80908203125, "rmse": 23.060986146113745, "r2": 0.9806390354450295}