{"mae": 17.684282302856445, "mse": 530.0828247070312, "rmse": 23.023527145385742, "r2": 0.9629050493240356}