{"mae": 0.20040832459926605, "mse": 0.04973817244172096, "rmse": 0.22302056849002838, "r2": -0.7992855310440063}