{"mae": 112.79131317138672, "mse": 18594.8671875, "rmse": 136.3629913330078, "r2": 0.22321254014968872}