{"mae": 0.05658987537026405, "mse": 0.007302610203623772, "rmse": 0.08545531114930055, "r2": 0.8859622492944672}