{"mae": 0.18569256365299225, "mse": 0.0393066480755806, "rmse": 0.1982590428595392, "r2": 0.38134071360587185}