{"mae": 0.008421020582318306, "mse": 0.00013899971963837743, "rmse": 0.011789814569056034, "r2": 0.9035812616348267}