{"mae": 129.6964111328125, "mse": 27665.046875, "rmse": 166.32813013738837, "r2": 0.20786133544751617}