{"mae": 97.21995544433594, "mse": 20435.779296875, "rmse": 142.95376586914062, "r2": 0.910897433757782}