{"mae": 40.69789505004883, "mse": 3154.5888671875, "rmse": 56.16572680191631, "r2": 0.8812698251143424}