{"mae": 705.2322998046875, "mse": 514118.59375, "rmse": 717.0206298828125, "r2": -0.7485628128051758}