{"mae": 0.12495771050453186, "mse": 0.028313012793660164, "rmse": 0.16826471048220468, "r2": -0.1277003630802349}