{"mae": 23.99046516418457, "mse": 964.0673828125, "rmse": 31.04943450068777, "r2": 0.9071932587572267}