{"mae": 36.300636291503906, "mse": 1952.4515380859375, "rmse": 44.18655381545315, "r2": 0.9951745425854813}