{"mae": 0.06700310111045837, "mse": 0.006899080704897642, "rmse": 0.08306070493860283, "r2": 0.9023935985647926}