{"mae": 0.015180024318397045, "mse": 0.00039256003219634295, "rmse": 0.019813127774189084, "r2": 0.9953465949923147}