{"mae": 0.15174517035484314, "mse": 0.024811485782265663, "rmse": 0.15751661360263824, "r2": 0.7394905090332031}