{"mae": 0.0031696055084466934, "mse": 1.7508536984678358e-05, "rmse": 0.004184320569038391, "r2": 0.9849432706832886}