{"mae": 0.07129426300525665, "mse": 0.007063435390591621, "rmse": 0.08404424662397553, "r2": 0.8651329475443404}