{"mae": 0.00809861533343792, "mse": 0.00010064084926852956, "rmse": 0.010031991638243198, "r2": 0.9516976475715637}