{"mae": 25.289100646972656, "mse": 824.562255859375, "rmse": 28.715192794799805, "r2": 0.9049896001815796}