{"mae": 0.006424503400921822, "mse": 5.7335171732120216e-05, "rmse": 0.007571998983621597, "r2": 0.9300146102905273}