{"mae": 20.278793334960938, "mse": 546.9019165039062, "rmse": 23.385934159316925, "r2": 0.988860409663988}