{"mae": 0.05990643426775932, "mse": 0.011581157334148884, "rmse": 0.10761578381061554, "r2": 0.7561779022216797}