{"mae": 0.10084409266710281, "mse": 0.01858668215572834, "rmse": 0.13633298264076943, "r2": 0.5426968713247329}