{"mae": 52.765419006347656, "mse": 3877.529052734375, "rmse": 62.26980851692395, "r2": 0.9248029545394655}