{"mae": 52.99711227416992, "mse": 7694.2451171875, "rmse": 87.71684625650595, "r2": 0.5399080088541233}