{"mae": 0.011528590694069862, "mse": 0.00022334465757012367, "rmse": 0.014944720081984997, "r2": 0.8684481382369995}