{"mae": 184.76199340820312, "mse": 37322.32421875, "rmse": 193.1898651123047, "r2": -4.888017177581787}