{"mae": 45.89476013183594, "mse": 3974.921142578125, "rmse": 63.046974182128906, "r2": 0.9063029885292053}