{"mae": 0.020848862826824188, "mse": 0.0008795905159786344, "rmse": 0.02965789129352649, "r2": 0.671400662682931}