{"mae": 0.6709551811218262, "mse": 1.4121017456054688, "rmse": 1.1883188486099243, "r2": 0.9999656081199646}