{"mae": 117.30530548095703, "mse": 24476.880859375, "rmse": 156.45089721679688, "r2": 0.8392251133918762}