{"mae": 0.019340194761753082, "mse": 0.0005424562841653824, "rmse": 0.02329069093361943, "r2": 0.3381480103954866}