{"mae": 6.38479471206665, "mse": 64.04022979736328, "rmse": 8.00251396733322, "r2": 0.9979623018931659}