{"mae": 370.60589599609375, "mse": 165385.3125, "rmse": 406.6759338378906, "r2": 0.6020706295967102}