{"mae": 0.019069284200668335, "mse": 0.00040856620762497187, "rmse": 0.020213020744682668, "r2": 0.4359509664308773}