{"mae": 29.986936569213867, "mse": 1296.095458984375, "rmse": 36.00132579481449, "r2": 0.9005384098274055}