{"mae": 0.0073560019955039024, "mse": 0.00018415084923617542, "rmse": 0.013570219278335571, "r2": 0.7779383063316345}