{"mae": 0.07637875527143478, "mse": 0.01393063459545374, "rmse": 0.11802810934456986, "r2": 0.6486806476451671}