{"mae": 0.13530279695987701, "mse": 0.02416197955608368, "rmse": 0.15544124149042196, "r2": 0.08055995992613585}