{"mae": 0.04762742295861244, "mse": 0.0051619489677250385, "rmse": 0.0718467046406795, "r2": 0.8971602488357945}