{"mae": 18.452808380126953, "mse": 464.9294738769531, "rmse": 21.562223305516365, "r2": 0.941723187799711}