{"mae": 0.05432432144880295, "mse": 0.0049615344032645226, "rmse": 0.0704381601354303, "r2": 0.9023640156223343}