{"mae": 17.280418395996094, "mse": 505.30010986328125, "rmse": 22.47888141930735, "r2": 0.9733752634089077}