{"mae": 43.436180114746094, "mse": 3362.85791015625, "rmse": 57.99015426635742, "r2": 0.9365233182907104}