{"mae": 0.004578751046210527, "mse": 4.836402877117507e-05, "rmse": 0.006954425014555454, "r2": 0.9761129021644592}