{"mae": 48.04317092895508, "mse": 4054.399169921875, "rmse": 63.674163818359375, "r2": 0.8367140293121338}