{"mae": 0.06530135869979858, "mse": 0.006393455900251865, "rmse": 0.07995908707380295, "r2": 0.9408684372901917}