{"mae": 22.645858764648438, "mse": 1452.4208984375, "rmse": 38.11064147949219, "r2": 0.6747360229492188}