{"mae": 0.030906783416867256, "mse": 0.0025602139066904783, "rmse": 0.05059855636962855, "r2": 0.9540598544290438}