{"mae": 30.073286056518555, "mse": 1583.362548828125, "rmse": 39.79148864746094, "r2": 0.3349154591560364}