{"mae": 14.284371376037598, "mse": 334.71356201171875, "rmse": 18.29517936706543, "r2": 0.9819861054420471}