{"mae": 86.5079345703125, "mse": 11401.1767578125, "rmse": 106.77629089355469, "r2": 0.8359311819076538}