{"mae": 0.13989529013633728, "mse": 0.02587004192173481, "rmse": 0.1608416736125946, "r2": 0.5538400411605835}