{"mae": 39.711265563964844, "mse": 2589.18798828125, "rmse": 50.88406418792872, "r2": 0.9638559156784889}