{"mae": 258.68060302734375, "mse": 78637.53125, "rmse": 280.423828125, "r2": 0.8928155899047852}