{"mae": 0.030647996813058853, "mse": 0.0015325314598158002, "rmse": 0.039147560074873126, "r2": 0.9762168158751512}