{"mae": 0.6078790426254272, "mse": 0.40231603384017944, "rmse": 0.6342839002609253, "r2": -60.09665298461914}