{"mae": 283.046630859375, "mse": 150812.09375, "rmse": 388.3453369140625, "r2": -2.4301986694335938}