{"mae": 1.1601687669754028, "mse": 4.949258327484131, "rmse": 2.2246928215026855, "r2": 0.9998711347579956}