{"mae": 0.09834014624357224, "mse": 0.013194193132221699, "rmse": 0.11486597900258239, "r2": 0.7660993688421158}