{"mae": 0.06580032408237457, "mse": 0.009229175746440887, "rmse": 0.09606859916976455, "r2": 0.8071784062480761}