{"mae": 0.1530623883008957, "mse": 0.05525887385010719, "rmse": 0.23507206097302843, "r2": 0.07374141351248009}