{"mae": 0.037315819412469864, "mse": 0.0026580719277262688, "rmse": 0.051556492585573245, "r2": 0.9419102625145371}