{"mae": 20.828506469726562, "mse": 953.0840454101562, "rmse": 30.872058868408203, "r2": 0.75478196144104}