{"mae": 0.08929941803216934, "mse": 0.011554938741028309, "rmse": 0.10749390094804592, "r2": 0.7583171629070815}