{"mae": 0.10040517151355743, "mse": 0.017884738743305206, "rmse": 0.13373383544677542, "r2": 0.5620381975734873}