{"mae": 0.05859111249446869, "mse": 0.005742873530834913, "rmse": 0.07578174932551315, "r2": 0.9213416222155254}