{"mae": 0.07097135484218597, "mse": 0.008768942207098007, "rmse": 0.09364263028716145, "r2": 0.8780296189631047}