{"mae": 95.40432739257812, "mse": 13533.265625, "rmse": 116.33256530761719, "r2": 0.36899518966674805}