{"mae": 0.01423568930476904, "mse": 0.00027086312184110284, "rmse": 0.01645791973006014, "r2": 0.779387154677118}