{"mae": 187.62484741210938, "mse": 57900.58984375, "rmse": 240.6254139606829, "r2": -0.34046302706979326}