{"mae": 34.006107330322266, "mse": 1526.7154541015625, "rmse": 39.07320785522461, "r2": 0.9816755652427673}