{"mae": 29.514150619506836, "mse": 966.3477172851562, "rmse": 31.08613395690918, "r2": -2.341092824935913}