{"mae": 7.230246067047119, "mse": 87.46611785888672, "rmse": 9.352332214955087, "r2": 0.9931995110699878}