{"mae": 0.07221643626689911, "mse": 0.00939041469246149, "rmse": 0.0969041520909269, "r2": 0.834479498007952}