{"mae": 94.6148452758789, "mse": 12904.8466796875, "rmse": 113.59950122992399, "r2": 0.9478137567871455}