{"mae": 0.03668101504445076, "mse": 0.0027677721809595823, "rmse": 0.05260961875319481, "r2": 0.9475361108779907}