{"mae": 0.18057401478290558, "mse": 0.03630860522389412, "rmse": 0.1905481703504238, "r2": -0.8212007486303354}