{"mae": 163.54379272460938, "mse": 40648.13671875, "rmse": 201.61383067327003, "r2": -0.21049146464726864}