{"mae": 0.07191093266010284, "mse": 0.0053573669865727425, "rmse": 0.07319403439760208, "r2": -1.0121722221374512}