{"mae": 31.637643814086914, "mse": 1736.0257568359375, "rmse": 41.665642402775184, "r2": 0.8888330088731003}