{"mae": 0.04046108201146126, "mse": 0.0029903689865022898, "rmse": 0.05468426635241886, "r2": 0.9568179529032699}