{"mae": 23.764667510986328, "mse": 834.8622436523438, "rmse": 28.89398282778516, "r2": 0.9394133577530005}