{"mae": 34.75597381591797, "mse": 1915.4368896484375, "rmse": 43.765704491627204, "r2": 0.8559479005395905}