{"mae": 25.421689987182617, "mse": 1351.7183837890625, "rmse": 36.76572294663961, "r2": 0.534766308843615}