{"mae": 0.022199291735887527, "mse": 0.0008520101546309888, "rmse": 0.029189212984097206, "r2": -2.2131795198140956}