{"mae": 116.90318298339844, "mse": 19592.4375, "rmse": 139.97299194335938, "r2": 0.21420305967330933}