{"mae": 0.0751771554350853, "mse": 0.012404898181557655, "rmse": 0.11137727856954333, "r2": 0.7446904231485951}