{"mae": 0.04727904871106148, "mse": 0.003114069811999798, "rmse": 0.055803850293159485, "r2": 0.9412485361099243}