{"mae": 0.03381519019603729, "mse": 0.0026541557163000107, "rmse": 0.05151849985122681, "r2": 0.9458054304122925}