{"mae": 8.560144424438477, "mse": 105.94245147705078, "rmse": 10.292834958214902, "r2": 0.9304000934290213}