{"mae": 0.0024593714624643326, "mse": 8.550089660275262e-06, "rmse": 0.0029240536969155073, "r2": 0.9928738474845886}