{"mae": 18.308334350585938, "mse": 445.66094970703125, "rmse": 21.110683307440127, "r2": 0.9783887651822673}