{"mae": 0.030701620504260063, "mse": 0.00133214530069381, "rmse": 0.03649856573474922, "r2": -0.12623364493742306}