{"mae": 137.3674774169922, "mse": 31804.103515625, "rmse": 178.33705031659855, "r2": 0.04067378511312669}