{"mae": 64.97624969482422, "mse": 5962.326171875, "rmse": 77.21610047053011, "r2": -84.67361606715687}