{"mae": 10.346839904785156, "mse": 187.5675506591797, "rmse": 13.69552993774414, "r2": 0.9870529770851135}