{"mae": 69.43199157714844, "mse": 8781.7421875, "rmse": 93.71095020060356, "r2": 0.9290221661424156}