{"mae": 23.052709579467773, "mse": 836.7874145507812, "rmse": 28.92727803563241, "r2": 0.9972159428500371}