{"mae": 0.06466679275035858, "mse": 0.008592368103563786, "rmse": 0.09269502739394268, "r2": 0.837293127832127}