{"mae": 19.43500328063965, "mse": 600.4397583007812, "rmse": 24.5038723123669, "r2": 0.9545776002926363}