{"mae": 19.356847763061523, "mse": 718.0162353515625, "rmse": 26.795824961205476, "r2": 0.9764648804740456}