{"mae": 21.072153091430664, "mse": 607.8751220703125, "rmse": 24.65512364743508, "r2": 0.569666828666167}