{"mae": 23.07962417602539, "mse": 864.4465942382812, "rmse": 29.4014726542444, "r2": 0.982562950480749}