{"mae": 0.0591951347887516, "mse": 0.011309067718684673, "rmse": 0.10634410053540663, "r2": 0.7526871512897572}