{"mae": 0.0778576210141182, "mse": 0.01095947902649641, "rmse": 0.10468752682209015, "r2": 0.8218702077865601}