{"mae": 75.06034851074219, "mse": 9287.423828125, "rmse": 96.37128113771757, "r2": 0.8185148405381643}