{"mae": 0.06324045360088348, "mse": 0.0063399458304047585, "rmse": 0.07962377679063433, "r2": 0.881280112145561}