{"mae": 0.051117297261953354, "mse": 0.0030535003170371056, "rmse": 0.05525848641991615, "r2": -0.531927227973938}