{"mae": 0.29841911792755127, "mse": 0.11655750870704651, "rmse": 0.341405197246683, "r2": -6.095283155866039}