{"mae": 0.1710091531276703, "mse": 0.0358155183494091, "rmse": 0.1892498880624771, "r2": -0.11093246936798096}