{"mae": 0.06056559085845947, "mse": 0.0070183598436415195, "rmse": 0.08377565443515778, "r2": 0.8752340078353882}