{"mae": 0.06533168256282806, "mse": 0.009136687032878399, "rmse": 0.09558601902411461, "r2": 0.843757186557055}