{"mae": 9.291366577148438, "mse": 308.3630676269531, "rmse": 17.56026957728591, "r2": 0.9945158801823261}