{"mae": 0.05448603257536888, "mse": 0.004921071231365204, "rmse": 0.0701503473360268, "r2": 0.9182945227107306}