{"mae": 15.701863288879395, "mse": 414.86871337890625, "rmse": 20.368326229194835, "r2": 0.9974455326160003}