{"mae": 14.11467170715332, "mse": 331.2539367675781, "rmse": 18.200382232666016, "r2": 0.952035129070282}