{"mae": 0.04898339882493019, "mse": 0.0046814922243356705, "rmse": 0.06842143103104224, "r2": 0.9345460451030323}