{"mae": 23.997760772705078, "mse": 847.2222900390625, "rmse": 29.10708315924257, "r2": 0.951991845955779}