{"mae": 180.41416931152344, "mse": 53637.109375, "rmse": 231.59686823227986, "r2": -0.3104444708350813}