{"mae": 0.3928081691265106, "mse": 0.187026709318161, "rmse": 0.4324658513069153, "r2": 0.9999895095825195}