{"mae": 0.01066379901021719, "mse": 0.0001432738354196772, "rmse": 0.011969705112278461, "r2": 0.8974829316139221}