{"mae": 0.08929940313100815, "mse": 0.009930533356964588, "rmse": 0.09965205937623978, "r2": 0.88685542345047}