{"mae": 0.196185901761055, "mse": 0.06488798558712006, "rmse": 0.2547312080860138, "r2": -0.6723434925079346}