{"mae": 26.521013259887695, "mse": 1254.1943359375, "rmse": 35.4146062513407, "r2": 0.9675732437993165}