{"mae": 0.04399382695555687, "mse": 0.00378342904150486, "rmse": 0.06150958314538002, "r2": 0.9418386220932007}