{"mae": 16.678131103515625, "mse": 450.168701171875, "rmse": 21.217179387747915, "r2": 0.9836193323619782}