{"mae": 1.1233830451965332, "mse": 1.9534693956375122, "rmse": 1.3976657390594482, "r2": 0.9999657273292542}