{"mae": 81.5948715209961, "mse": 8802.8583984375, "rmse": 93.82354927435595, "r2": 0.9748877070149706}