{"mae": 0.15446388721466064, "mse": 0.03367583453655243, "rmse": 0.18350976705551147, "r2": -0.03628993034362793}