{"mae": 20.146005630493164, "mse": 734.8256225585938, "rmse": 27.107667228269452, "r2": 0.9546576638766102}