{"mae": 0.009371792897582054, "mse": 0.00012022598821204156, "rmse": 0.01096476148813963, "r2": 0.9984379410743713}