{"mae": 11.857786178588867, "mse": 194.27101135253906, "rmse": 13.93811321258545, "r2": 0.9895203113555908}