{"mae": 54.18022537231445, "mse": 6505.4697265625, "rmse": 80.65649215384029, "r2": 0.9762997512716732}