{"mae": 0.0299362912774086, "mse": 0.001495329663157463, "rmse": 0.03866949304938316, "r2": 0.9685673117637634}