{"mae": 30.18132972717285, "mse": 1327.1798095703125, "rmse": 36.43047912902481, "r2": 0.8752265222838106}