{"mae": 14.679927825927734, "mse": 372.4970397949219, "rmse": 19.30018237724509, "r2": 0.9524079577888478}