{"mae": 75.13818359375, "mse": 12132.8203125, "rmse": 110.14908599853516, "r2": 0.799680233001709}