{"mae": 130.7401885986328, "mse": 32016.072265625, "rmse": 178.9303559087306, "r2": 0.625847045013908}