{"mae": 25.555574417114258, "mse": 1086.4869384765625, "rmse": 32.96190131768133, "r2": 0.9812085306406371}