{"mae": 0.1334637850522995, "mse": 0.02300424873828888, "rmse": 0.15167151590951045, "r2": 0.5145727469853774}