{"mae": 28.88990020751953, "mse": 2388.032958984375, "rmse": 48.86750412067691, "r2": -0.4986283816385808}