{"mae": 26.497373580932617, "mse": 1031.1263427734375, "rmse": 32.11115646362305, "r2": 0.8997222185134888}