{"mae": 0.02464543841779232, "mse": 0.001729845185764134, "rmse": 0.04159140759536919, "r2": -0.031324944016149825}