{"mae": 36.867393493652344, "mse": 2858.4560546875, "rmse": 53.46453094482422, "r2": 0.8899132609367371}