{"mae": 0.026635564863681793, "mse": 0.000934590061660856, "rmse": 0.030571065843105316, "r2": 0.629043459892273}