{"mae": 0.02103888988494873, "mse": 0.0010725334286689758, "rmse": 0.03274955615987758, "r2": 0.6645709869426565}