{"mae": 20.68366050720215, "mse": 624.1353149414062, "rmse": 24.982700313244887, "r2": 0.9979306981725905}