{"mae": 0.018726933747529984, "mse": 0.0009042755700647831, "rmse": 0.03007117506957091, "r2": 0.10266977064073612}