{"mae": 0.050988707691431046, "mse": 0.003919537644833326, "rmse": 0.06260621091260296, "r2": 0.9089612686489494}