{"mae": 0.010435059666633606, "mse": 0.00019659272220451385, "rmse": 0.014021152670323287, "r2": 0.797043866162037}