{"mae": 20.18081283569336, "mse": 739.3720092773438, "rmse": 27.191395868497516, "r2": 0.9619949908486133}