{"mae": 140.5133514404297, "mse": 33847.16015625, "rmse": 183.97597711725842, "r2": 0.9267483954171402}