{"mae": 0.20275762677192688, "mse": 0.062691830098629, "rmse": 0.25038336625788266, "r2": -5.5419643981288}