{"mae": 23.97016716003418, "mse": 1052.6021728515625, "rmse": 32.44383104461559, "r2": 0.9745396433905172}