{"mae": 0.05693718045949936, "mse": 0.009303444996476173, "rmse": 0.09645436743080209, "r2": 0.7858522570128477}