{"mae": 39.609012603759766, "mse": 2650.2646484375, "rmse": 51.480721133619525, "r2": 0.7483513517182078}