{"mae": 0.15250518918037415, "mse": 0.04500837251543999, "rmse": 0.21215176582336426, "r2": -1.611250638961792}