{"mae": 0.02726954035460949, "mse": 0.0008358708000741899, "rmse": 0.028911430266837197, "r2": 0.429547397907848}