{"mae": 0.018300754949450493, "mse": 0.0005746345850639045, "rmse": 0.02397153712809086, "r2": 0.9925711750984192}