{"mae": 0.0540025494992733, "mse": 0.004962396342307329, "rmse": 0.07044427827941266, "r2": 0.937733697669493}