{"mae": 0.2893584072589874, "mse": 0.08955151587724686, "rmse": 0.29925158619880676, "r2": -1.246091365814209}