{"mae": 8.180669784545898, "mse": 107.43260955810547, "rmse": 10.364970311491755, "r2": 0.9938020715610303}