{"mae": 0.014171237125992775, "mse": 0.00038119847886264324, "rmse": 0.019524304824055663, "r2": 0.9946047328568034}