{"mae": 0.018376970663666725, "mse": 0.0005888307350687683, "rmse": 0.02426583506166935, "r2": 0.992091715335846}