{"mae": 64.91292572021484, "mse": 5925.1484375, "rmse": 76.97498321533203, "r2": -77.92002868652344}