{"mae": 32.039066314697266, "mse": 2382.36083984375, "rmse": 48.80943392259072, "r2": -2.630936570455308}