{"mae": 541.62158203125, "mse": 308387.3125, "rmse": 555.3262939453125, "r2": -0.3519388437271118}