{"mae": 0.020814770832657814, "mse": 0.0006945580244064331, "rmse": 0.026354468774885845, "r2": 0.13343408421898117}