{"mae": 36.39703369140625, "mse": 2062.904052734375, "rmse": 45.41920471191406, "r2": 0.9954810738563538}