{"mae": 0.23937319219112396, "mse": 0.07784705609083176, "rmse": 0.2790108529982871, "r2": -33.884134004170114}