{"mae": 18.15105628967285, "mse": 448.7113952636719, "rmse": 21.18280895593575, "r2": 0.9763244238518158}