{"mae": 151.35333251953125, "mse": 35915.6328125, "rmse": 189.5142059326172, "r2": -0.8234827518463135}