{"mae": 0.03420897573232651, "mse": 0.0022503486834466457, "rmse": 0.04743783921003342, "r2": 0.9756813645362854}