{"mae": 119.98588562011719, "mse": 25465.53125, "rmse": 159.57923889160156, "r2": 0.23522144556045532}