{"mae": 0.048856109380722046, "mse": 0.0045801387168467045, "rmse": 0.06767672300338745, "r2": 0.9375206828117371}