{"mae": 0.2745540738105774, "mse": 0.09580289572477341, "rmse": 0.30952042860653545, "r2": -0.52563028510009}