{"mae": 33.42323303222656, "mse": 2465.242431640625, "rmse": 49.651207756112285, "r2": 0.834545120824057}