{"mae": 36.52887725830078, "mse": 1709.0032958984375, "rmse": 41.340091705322266, "r2": 0.7535443305969238}