{"mae": 0.1998526006937027, "mse": 0.06415756046772003, "rmse": 0.2532934276046657, "r2": -2.5760349584782967}