{"mae": 9.48611068725586, "mse": 187.10057067871094, "rmse": 13.67847106509755, "r2": 0.9933281329705013}