{"mae": 0.25725170969963074, "mse": 0.08810277283191681, "rmse": 0.2968211125104089, "r2": -48.44213066724456}