{"mae": 48.596900939941406, "mse": 3497.985107421875, "rmse": 59.143768310546875, "r2": -2.92370343208313}