{"mae": 0.03466176986694336, "mse": 0.0031398527789860964, "rmse": 0.05603438925326211, "r2": 0.940339210322097}