{"mae": 146.1446990966797, "mse": 30412.275390625, "rmse": 174.39115628558977, "r2": 0.6758850149755609}