{"mae": 0.06231310963630676, "mse": 0.006715075578540564, "rmse": 0.08194556472769325, "r2": 0.876987407247782}