{"mae": 21.905241012573242, "mse": 704.177978515625, "rmse": 26.53635201974124, "r2": 0.9889990287498794}