{"mae": 0.0877608060836792, "mse": 0.011784281581640244, "rmse": 0.10855543091729793, "r2": 0.6963894857919745}