{"mae": 0.20772399008274078, "mse": 0.044555313885211945, "rmse": 0.21108129620552063, "r2": 0.5158815979957581}