{"mae": 0.025088587775826454, "mse": 0.0007597876829095185, "rmse": 0.027564246460034393, "r2": 0.34126809719937257}