{"mae": 0.04503665864467621, "mse": 0.0029615135863423347, "rmse": 0.05441978946328163, "r2": 0.9664490222930908}