{"mae": 53.96109390258789, "mse": 4725.75537109375, "rmse": 68.74412972097144, "r2": -1.7319244193951624}