{"mae": 0.04015107452869415, "mse": 0.002956987824290991, "rmse": 0.054378192871809006, "r2": 0.947912871837616}