{"mae": 0.055394891649484634, "mse": 0.005774636287242174, "rmse": 0.07599102705717087, "r2": 0.8997860550880432}