{"mae": 0.04884519428014755, "mse": 0.00453784829005599, "rmse": 0.06736355274915695, "r2": 0.9389258623123169}