{"mae": 0.019847141578793526, "mse": 0.0006792409112676978, "rmse": 0.0260622501373291, "r2": 0.9914941787719727}