{"mae": 0.010493073612451553, "mse": 0.00019303667068015784, "rmse": 0.013893763534724712, "r2": 0.99760901927948}