{"mae": 25.527292251586914, "mse": 1159.1143798828125, "rmse": 34.04576889839342, "r2": 0.9954369176248421}