{"mae": 34.9671516418457, "mse": 2498.040771484375, "rmse": 49.98040387476251, "r2": 0.9490070086064695}