{"mae": 17.01796531677246, "mse": 389.3560791015625, "rmse": 19.732107162475586, "r2": 0.9877045750617981}