{"mae": 0.0429881289601326, "mse": 0.003165231319144368, "rmse": 0.05626038854420016, "r2": 0.9480031731148426}