{"mae": 0.18487654626369476, "mse": 0.049114473164081573, "rmse": 0.22161785389287023, "r2": -1.1981652567174987}