{"mae": 0.010287891142070293, "mse": 0.00016513033187948167, "rmse": 0.012850304738778831, "r2": 0.9200761128660697}