{"mae": 0.07790658622980118, "mse": 0.009349249303340912, "rmse": 0.09669151902198792, "r2": 0.8804165124893188}