{"mae": 16.938844680786133, "mse": 462.6698303222656, "rmse": 21.509761810302734, "r2": 0.9261899590492249}