{"mae": 9.480703353881836, "mse": 179.76077270507812, "rmse": 13.407489425879781, "r2": 0.9849890804304519}