{"mae": 15.217514038085938, "mse": 428.8818359375, "rmse": 20.70946247340814, "r2": 0.9971614764150165}