{"mae": 27.54932975769043, "mse": 1156.60302734375, "rmse": 34.00886535644531, "r2": 0.9050489068031311}