{"mae": 90.669921875, "mse": 13069.65625, "rmse": 114.32259728505122, "r2": 0.7748049948440497}