{"mae": 0.016841260716319084, "mse": 0.0005848301225341856, "rmse": 0.02418326120551539, "r2": 0.991992930794315}