{"mae": 39.902584075927734, "mse": 2488.681640625, "rmse": 49.88668801017963, "r2": 0.5145783383206428}