{"mae": 0.017085125669836998, "mse": 0.0004405150830280036, "rmse": 0.02098845118220979, "r2": 0.9947570344907396}