{"mae": 57.524906158447266, "mse": 5281.0810546875, "rmse": 72.67104688036014, "r2": 0.7433671759963323}