{"mae": 0.19223260879516602, "mse": 0.060737766325473785, "rmse": 0.24645033478736877, "r2": -0.24388957023620605}