{"mae": 11.19587516784668, "mse": 248.2767333984375, "rmse": 15.756799592507278, "r2": 0.9956973013864999}