{"mae": 58.07180404663086, "mse": 8443.8544921875, "rmse": 91.89044831856846, "r2": 0.9686489713083103}