{"mae": 0.0487300343811512, "mse": 0.004172125831246376, "rmse": 0.06459199510191937, "r2": 0.9165165432294089}