{"mae": 116.05878448486328, "mse": 22867.021484375, "rmse": 151.21845616317805, "r2": -0.006451063617747277}