{"mae": 0.04721999913454056, "mse": 0.005852299742400646, "rmse": 0.07650032511303888, "r2": 0.9213843942118065}