{"mae": 0.12288542836904526, "mse": 0.028553204610943794, "rmse": 0.16897693514484097, "r2": 0.3042035131860096}