{"mae": 0.09772580116987228, "mse": 0.018966250121593475, "rmse": 0.13771800943084195, "r2": 0.7055037296337336}