{"mae": 0.027512656524777412, "mse": 0.0011848068097606301, "rmse": 0.03442102278783462, "r2": -8.909952168688763}