{"mae": 0.014430752024054527, "mse": 0.00034200589288957417, "rmse": 0.018493401333707495, "r2": 0.7387644637252497}