{"mae": 0.11453461647033691, "mse": 0.017115028575062752, "rmse": 0.13082441887913263, "r2": 0.674638284342113}