{"mae": 0.08780946582555771, "mse": 0.01769617572426796, "rmse": 0.13302697367176314, "r2": 0.769994770830416}