{"mae": 106.08638000488281, "mse": 18690.0625, "rmse": 136.71160888671875, "r2": 0.1919572353363037}