{"mae": 0.21433238685131073, "mse": 0.05316169559955597, "rmse": 0.23056820034980774, "r2": -2.302114486694336}