{"mae": 0.06634944677352905, "mse": 0.006654547527432442, "rmse": 0.081575408577919, "r2": 0.9064706563949585}