{"mae": 81.11888885498047, "mse": 8760.595703125, "rmse": 93.59805394945452, "r2": -1.4059235678574078}