{"mae": 39.950016021728516, "mse": 2905.64501953125, "rmse": 53.90403366088867, "r2": 0.9173709154129028}