{"mae": 9.313425064086914, "mse": 304.32366943359375, "rmse": 17.44487516245369, "r2": 0.9748070981616599}