{"mae": 26.47275733947754, "mse": 1062.016845703125, "rmse": 32.588599934687664, "r2": 0.9249358530898278}