{"mae": 0.010333198122680187, "mse": 0.00015588750829920173, "rmse": 0.012485492043197155, "r2": 0.9300005435943604}