{"mae": 0.5040927529335022, "mse": 0.2739412486553192, "rmse": 0.523393988609314, "r2": -17.121803283691406}