{"mae": 34.05464553833008, "mse": 1625.0064697265625, "rmse": 40.311370849609375, "r2": 0.935713529586792}