{"mae": 50.18610382080078, "mse": 5819.17431640625, "rmse": 76.28351274296595, "r2": 0.8119865048874261}