{"mae": 0.002987132640555501, "mse": 1.4854297660349403e-05, "rmse": 0.0038541273679584265, "r2": 0.9864797592163086}