{"mae": 0.13112616539001465, "mse": 0.025850210338830948, "rmse": 0.16078000602945303, "r2": 0.03450122461768401}