{"mae": 0.04936857149004936, "mse": 0.003550601191818714, "rmse": 0.05958692131515702, "r2": 0.9347219572857484}