{"mae": 102.55467224121094, "mse": 18397.11328125, "rmse": 135.63595865864627, "r2": 0.7866600468229386}