{"mae": 0.017038896679878235, "mse": 0.0005138179403729737, "rmse": 0.022667552588953525, "r2": 0.9931031902642319}