{"mae": 0.02170586585998535, "mse": 0.0009726547868922353, "rmse": 0.03118741391799319, "r2": 0.1008510405505515}