{"mae": 1.7326809167861938, "mse": 7.165319442749023, "rmse": 2.676811456680298, "r2": 0.9997763633728027}