{"mae": 15.592264175415039, "mse": 411.1092529296875, "rmse": 20.275829278470646, "r2": 0.9984450952219404}