{"mae": 0.05734207108616829, "mse": 0.0042398530058562756, "rmse": 0.06511415365230723, "r2": 0.9538880882128715}