{"mae": 21.7581729888916, "mse": 754.8023071289062, "rmse": 27.473665702430505, "r2": 0.9400925193358229}