{"mae": 9.233017921447754, "mse": 138.4355010986328, "rmse": 11.765861511230469, "r2": 0.9945948123931885}