{"mae": 0.06941768527030945, "mse": 0.007088213227689266, "rmse": 0.08419152705402881, "r2": 0.8576857699446356}