{"mae": 0.049879852682352066, "mse": 0.003977122250944376, "rmse": 0.06306442618370056, "r2": 0.9483733177185059}