{"mae": 27.394359588623047, "mse": 1416.916259765625, "rmse": 37.641948139882786, "r2": 0.9209135240437559}