{"mae": 0.5049986243247986, "mse": 0.30947792530059814, "rmse": 0.5563073754310608, "r2": 0.999982476234436}