{"mae": 72.18704986572266, "mse": 8999.1064453125, "rmse": 94.86362024144186, "r2": 0.9477822607477339}