{"mae": 14.409929275512695, "mse": 327.729248046875, "rmse": 18.103294372558594, "r2": 0.9888361692428589}