{"mae": 13.436891555786133, "mse": 349.259765625, "rmse": 18.688493728637695, "r2": 0.9915432929992676}