{"mae": 0.015410001389682293, "mse": 0.000850347860250622, "rmse": 0.029160724618064997, "r2": 0.6745769414849665}