{"mae": 0.2029254287481308, "mse": 0.06520834565162659, "rmse": 0.25535924822028, "r2": -23.21590523035341}