{"mae": 0.028516825288534164, "mse": 0.001248852233402431, "rmse": 0.035339103460648676, "r2": -6.230907759226343}