{"mae": 5.933595180511475, "mse": 50.74276351928711, "rmse": 7.1233954429626465, "r2": 0.9784165620803833}