{"mae": 0.06990406662225723, "mse": 0.007102477364242077, "rmse": 0.08427619934082031, "r2": 0.9011216759681702}