{"mae": 0.06529273837804794, "mse": 0.006451195105910301, "rmse": 0.08031933208082785, "r2": 0.8825393504947072}