{"mae": 0.0675438940525055, "mse": 0.006732666399329901, "rmse": 0.08205282688201486, "r2": 0.8845433348485968}