{"mae": 0.039775822311639786, "mse": 0.001767995418049395, "rmse": 0.042047537597930694, "r2": -0.9753126781021861}