{"mae": 93.65203857421875, "mse": 17451.91796875, "rmse": 132.105712890625, "r2": 0.9019067883491516}