{"mae": 0.021205488592386246, "mse": 0.0009422727162018418, "rmse": 0.0306964609719401, "r2": 0.6236218011872592}