{"mae": 136.443359375, "mse": 29179.85546875, "rmse": 170.8211212606626, "r2": 0.9178063122584859}