{"mae": 0.08951009809970856, "mse": 0.01174855325371027, "rmse": 0.10839074339495172, "r2": 0.7037873870547826}