{"mae": 25.36863136291504, "mse": 1012.4482421875, "rmse": 31.818992614746094, "r2": 0.9956779479980469}