{"mae": 57.026145935058594, "mse": 5198.42431640625, "rmse": 72.10009928152839, "r2": 0.7497590293497256}