{"mae": 0.007802779320627451, "mse": 0.00013393668632488698, "rmse": 0.01157310139387846, "r2": 0.9643427729606628}