{"mae": 0.1070844903588295, "mse": 0.019869737327098846, "rmse": 0.14096005578566875, "r2": 0.31027498902856376}