{"mae": 39.934654235839844, "mse": 2543.912109375, "rmse": 50.437209571654535, "r2": 0.9609375368612721}