{"mae": 0.003320637159049511, "mse": 2.0435729311429895e-05, "rmse": 0.0045205894857645035, "r2": 0.985201895236969}