{"mae": 32.3762321472168, "mse": 1847.7406005859375, "rmse": 42.98535332628938, "r2": 0.9004359336078205}