{"mae": 48.0348014831543, "mse": 4632.10595703125, "rmse": 68.05957652697562, "r2": 0.8055584201835018}