{"mae": 0.0932907909154892, "mse": 0.011506929062306881, "rmse": 0.10727035500224133, "r2": 0.7964088528020683}