{"mae": 421.6147155761719, "mse": 204144.296875, "rmse": 451.82330322265625, "r2": 0.41525858640670776}