{"mae": 0.04872932657599449, "mse": 0.004099193494766951, "rmse": 0.06402494758367538, "r2": 0.947789192199707}