{"mae": 14.640110969543457, "mse": 403.48443603515625, "rmse": 20.086922014961782, "r2": 0.9931288218626703}