{"mae": 2.6319739818573, "mse": 21.419151306152344, "rmse": 4.628082752227783, "r2": 0.9966260194778442}