{"mae": 0.018672378733754158, "mse": 0.0008168864878825843, "rmse": 0.028581226143792087, "r2": 0.4893891614038741}