{"mae": 156.26695251464844, "mse": 36955.3828125, "rmse": 192.2378287759722, "r2": 0.9220571811609828}