{"mae": 75.74182891845703, "mse": 9442.5751953125, "rmse": 97.17291389740507, "r2": 0.8171671296571298}