{"mae": 26.638120651245117, "mse": 1373.687255859375, "rmse": 37.063287170181965, "r2": 0.9222520182311158}