{"mae": 0.023033389821648598, "mse": 0.0006672862800769508, "rmse": 0.025831884950133832, "r2": -0.5855116547981576}