{"mae": 0.06643201410770416, "mse": 0.007358586881309748, "rmse": 0.08578220608791631, "r2": 0.8440734961762226}