{"mae": 24.25197410583496, "mse": 835.16357421875, "rmse": 28.89919662475586, "r2": 0.9891887903213501}