{"mae": 0.05935387685894966, "mse": 0.005937402136623859, "rmse": 0.07705454001305737, "r2": 0.9302918510637012}