{"mae": 0.011794028803706169, "mse": 0.00025432187248952687, "rmse": 0.015947472291542846, "r2": 0.8850440405656951}