{"mae": 15.624701499938965, "mse": 408.24542236328125, "rmse": 20.20508407216563, "r2": 0.9969777542629725}