{"mae": 144.0826873779297, "mse": 37282.8359375, "rmse": 193.08763122558594, "r2": -0.2150038480758667}