{"mae": 0.046803440898656845, "mse": 0.003386799478903413, "rmse": 0.05819621682167053, "r2": 0.9537795186042786}