{"mae": 128.8589324951172, "mse": 23103.986328125, "rmse": 151.9999542236328, "r2": 0.8730307817459106}