{"mae": 0.16819964349269867, "mse": 0.04451259598135948, "rmse": 0.21098008432399368, "r2": -0.4188644154148262}