{"mae": 0.2502630054950714, "mse": 0.0645236223936081, "rmse": 0.2540149986743927, "r2": -11.738707542419434}