{"mae": 107.45037078857422, "mse": 15445.56640625, "rmse": 124.28019313732176, "r2": 0.9457527327304394}