{"mae": 0.01581263728439808, "mse": 0.0003026495687663555, "rmse": 0.017396826297044754, "r2": 0.8279404044151306}