{"mae": 12.521904945373535, "mse": 340.6015930175781, "rmse": 18.455394686041753, "r2": 0.9915305410185107}