{"mae": 0.04235828295350075, "mse": 0.00394079415127635, "rmse": 0.06277574492808786, "r2": 0.9404005594715441}