{"mae": 0.06954970955848694, "mse": 0.007550052832812071, "rmse": 0.0868910400030525, "r2": 0.8812328225735481}