{"mae": 0.45655930042266846, "mse": 0.5071922540664673, "rmse": 0.7121742963790894, "r2": 0.9999700784683228}