{"mae": 0.02167184092104435, "mse": 0.0009651262080296874, "rmse": 0.03106648102402687, "r2": 0.9819575548171997}