{"mae": 206.3738250732422, "mse": 63291.7890625, "rmse": 251.57859802246094, "r2": 0.7003188729286194}