{"mae": 11.444096565246582, "mse": 223.21484375, "rmse": 14.94037629211527, "r2": 0.9665214633971418}