{"mae": 0.24562160670757294, "mse": 0.06080817058682442, "rmse": 0.24659313261508942, "r2": -33.75953674316406}