{"mae": 51.439056396484375, "mse": 3464.521484375, "rmse": 58.86018590163473, "r2": 0.8743318633900645}