{"mae": 40.99005126953125, "mse": 2565.970703125, "rmse": 50.65541139034407, "r2": 0.9464221278818664}