{"mae": 0.3438364267349243, "mse": 0.11956621706485748, "rmse": 0.3457834720611572, "r2": -0.22852301597595215}