{"mae": 39.2370491027832, "mse": 2777.685302734375, "rmse": 52.70375061035156, "r2": 0.09272277355194092}