{"mae": 44.53892517089844, "mse": 3197.1552734375, "rmse": 56.54339283627664, "r2": 0.9196827949093574}