{"mae": 29.07289695739746, "mse": 1284.68017578125, "rmse": 35.84243540527415, "r2": 0.9019839427909042}