{"mae": 0.00578421913087368, "mse": 4.735126640298404e-05, "rmse": 0.0068812258541584015, "r2": 0.9720308184623718}