{"mae": 96.5452880859375, "mse": 10846.0107421875, "rmse": 104.14418029785156, "r2": -118.94386291503906}