{"mae": 14.813324928283691, "mse": 419.0172119140625, "rmse": 20.46990966796875, "r2": 0.9768034815788269}