{"mae": 103.49297332763672, "mse": 14786.435546875, "rmse": 121.5994873046875, "r2": -0.011853694915771484}