{"mae": 31.317903518676758, "mse": 1497.0274658203125, "rmse": 38.6914391800087, "r2": 0.9444947094849094}