{"mae": 0.15118920803070068, "mse": 0.02813250571489334, "rmse": 0.16772747453799375, "r2": 0.1529164668761157}