{"mae": 45.82229232788086, "mse": 4994.296875, "rmse": 70.67034149169922, "r2": 0.9826587438583374}