{"mae": 11.43730640411377, "mse": 235.11859130859375, "rmse": 15.333577156066895, "r2": 0.9858623743057251}