{"mae": 0.07480087876319885, "mse": 0.007579913828521967, "rmse": 0.08706270055840197, "r2": 0.8870516833316615}