{"mae": 0.0248696431517601, "mse": 0.0008340718341059983, "rmse": 0.02888030183543791, "r2": -2.786392526196909}