{"mae": 0.014492597430944443, "mse": 0.000267284776782617, "rmse": 0.01634884625673294, "r2": 0.9966774582862854}