{"mae": 29.481054306030273, "mse": 1189.57666015625, "rmse": 34.490240071015016, "r2": 0.9525820807699519}