{"mae": 0.07919967174530029, "mse": 0.008672820404171944, "rmse": 0.09312797863248157, "r2": 0.8279279126961184}