{"mae": 22.911457061767578, "mse": 784.8958129882812, "rmse": 28.01599209359328, "r2": 0.9287160572395692}