{"mae": 48.271766662597656, "mse": 3268.959228515625, "rmse": 57.174812885707155, "r2": 0.9252586063461361}