{"mae": 4.690575122833252, "mse": 33.76560592651367, "rmse": 5.810818008380031, "r2": 0.9861549031093392}