{"mae": 10.836118698120117, "mse": 174.46926879882812, "rmse": 13.208681106567383, "r2": 0.9866421818733215}