{"mae": 0.02820947766304016, "mse": 0.0016115535981953144, "rmse": 0.04014416038990021, "r2": 0.9616121053695679}