{"mae": 30.879411697387695, "mse": 1383.1717529296875, "rmse": 37.19101709996229, "r2": 0.9727377383907776}