{"mae": 0.007923999801278114, "mse": 0.00016310719365719706, "rmse": 0.012771342881023884, "r2": 0.7645641565322876}