{"mae": 8.468059539794922, "mse": 113.41578674316406, "rmse": 10.649684818958919, "r2": 0.9910485681294936}