{"mae": 91.2532730102539, "mse": 11955.21875, "rmse": 109.33992004394531, "r2": 0.24917680025100708}