{"mae": 0.11570186913013458, "mse": 0.029633956030011177, "rmse": 0.17214515976352973, "r2": 0.17351245417439154}