{"mae": 43.34245300292969, "mse": 2534.452880859375, "rmse": 50.343349916939125, "r2": 0.9675260080376212}