{"mae": 0.0533897690474987, "mse": 0.004782835021615028, "rmse": 0.06915804379546192, "r2": 0.9168255297795604}