{"mae": 0.11260557174682617, "mse": 0.03364182636141777, "rmse": 0.18341708306866558, "r2": 0.07221448879736025}