{"mae": 0.15218579769134521, "mse": 0.028351474553346634, "rmse": 0.1683789611363208, "r2": 0.5269481617146476}