{"mae": 8.21462631225586, "mse": 107.07733917236328, "rmse": 10.347818087517933, "r2": 0.9681834082853763}