{"mae": 0.04968341812491417, "mse": 0.003468357492238283, "rmse": 0.058892762647360014, "r2": 0.9580090520293829}