{"mae": 103.4831771850586, "mse": 14453.3515625, "rmse": 120.22209265563464, "r2": 0.9576995613964404}