{"mae": 24.21688461303711, "mse": 913.7777709960938, "rmse": 30.22875735117297, "r2": 0.9340184214434882}