{"mae": 21.467004776000977, "mse": 1007.0565185546875, "rmse": 31.734153818160767, "r2": 0.9479919550775541}