{"mae": 27.114093780517578, "mse": 1008.310302734375, "rmse": 31.75390216547212, "r2": 0.9574186052223042}