{"mae": 26.535696029663086, "mse": 899.27099609375, "rmse": 29.98784828186035, "r2": 0.8930971026420593}