{"mae": 0.11767153441905975, "mse": 0.02011118456721306, "rmse": 0.14181390404701233, "r2": 0.6467467546463013}