{"mae": 0.05841388925909996, "mse": 0.005399827379733324, "rmse": 0.07348351774196255, "r2": 0.900498804819372}