{"mae": 0.024148616939783096, "mse": 0.000841944944113493, "rmse": 0.029016287566011833, "r2": -2.024868274300547}