{"mae": 0.019063599407672882, "mse": 0.00042564873001538217, "rmse": 0.02063125614245003, "r2": 0.5708001754540767}