{"mae": 151.8477020263672, "mse": 38583.0234375, "rmse": 196.4256180784472, "r2": -0.045776757436173154}