{"mae": 0.011746639385819435, "mse": 0.00023374235024675727, "rmse": 0.015288634675691524, "r2": 0.9004536139822056}