{"mae": 0.3438302278518677, "mse": 0.12355197221040726, "rmse": 0.35149961709976196, "r2": -2.6059484481811523}