{"mae": 14.357720375061035, "mse": 407.3767395019531, "rmse": 20.183575984001276, "r2": 0.9774129807863436}