{"mae": 11.63891887664795, "mse": 204.75570678710938, "rmse": 14.309287071228027, "r2": 0.9945259690284729}