{"mae": 0.10698309540748596, "mse": 0.017020873725414276, "rmse": 0.1304640769958496, "r2": 0.783696174621582}