{"mae": 0.04213625192642212, "mse": 0.004145367536693811, "rmse": 0.06438452750444412, "r2": 0.9416078925132751}