{"mae": 0.09982664883136749, "mse": 0.01793462038040161, "rmse": 0.13392020153957956, "r2": 0.5616544403327133}