{"mae": 0.004181780852377415, "mse": 3.49177498719655e-05, "rmse": 0.005909124289771328, "r2": 0.9751926642543355}