{"mae": 130.627197265625, "mse": 25007.9296875, "rmse": 158.13895689392922, "r2": 0.9544078946585604}