{"mae": 0.023098250851035118, "mse": 0.0006676767952740192, "rmse": 0.025839442626999894, "r2": -0.5118739254923028}