{"mae": 0.030667133629322052, "mse": 0.0017263113986700773, "rmse": 0.04154890403151512, "r2": 0.9726301431655884}