{"mae": 49.803016662597656, "mse": 3534.723388671875, "rmse": 59.45353974888186, "r2": 0.9235163040837461}