{"mae": 37.49874496459961, "mse": 2296.94482421875, "rmse": 47.92645223901671, "r2": 0.848492131074174}