{"mae": 240.70132446289062, "mse": 71963.6484375, "rmse": 268.26041161062136, "r2": 0.8468879907895213}