{"mae": 0.30784979462623596, "mse": 0.09585055708885193, "rmse": 0.3095974028110504, "r2": -0.023196101188659668}