{"mae": 30.71717071533203, "mse": 1803.701904296875, "rmse": 42.47001182360178, "r2": 0.986720791954348}