{"mae": 0.025681983679533005, "mse": 0.0013480609050020576, "rmse": 0.036715948918720015, "r2": -7.412297590622339}