{"mae": 0.06552739441394806, "mse": 0.011194598861038685, "rmse": 0.10580453276634216, "r2": 0.775528073310852}