{"mae": 0.04368444159626961, "mse": 0.00310418545268476, "rmse": 0.05571521818637848, "r2": 0.9543724656105042}