{"mae": 32.29836654663086, "mse": 1974.3944091796875, "rmse": 44.43415813515192, "r2": 0.9646519174660968}