{"mae": 84.29368591308594, "mse": 10777.6533203125, "rmse": 103.81547726766226, "r2": 0.6124978106155703}