{"mae": 19.834510803222656, "mse": 953.7156372070312, "rmse": 30.88228678720265, "r2": 0.9466172532311737}