{"mae": 0.02909119240939617, "mse": 0.0013891124399378896, "rmse": 0.03727079927921295, "r2": 0.977423369884491}