{"mae": 348.1646423339844, "mse": 122751.2265625, "rmse": 350.35870361328125, "r2": -6.167889595031738}