{"mae": 0.019488276913762093, "mse": 0.0004936116747558117, "rmse": 0.022217373264087986, "r2": 0.7324326180329718}