{"mae": 0.02390173263847828, "mse": 0.0007957816123962402, "rmse": 0.02820960059762001, "r2": 0.985168993473053}