{"mae": 117.44644165039062, "mse": 19303.05859375, "rmse": 138.93544006347656, "r2": 0.6925445795059204}