{"mae": 0.03505938500165939, "mse": 0.0013609887100756168, "rmse": 0.036891580476791946, "r2": -2.3187753708552177}