{"mae": 13.814957618713379, "mse": 273.7948913574219, "rmse": 16.546748664236787, "r2": 0.937161169901222}