{"mae": 0.05892014876008034, "mse": 0.005438272841274738, "rmse": 0.07374464720487595, "r2": 0.9072622060775757}