{"mae": 0.2705903947353363, "mse": 0.09828080236911774, "rmse": 0.3134976911703143, "r2": -12.642647374557939}