{"mae": 9.14647388458252, "mse": 134.77603149414062, "rmse": 11.609308242797852, "r2": 0.9923633337020874}