{"mae": 0.006498430389910936, "mse": 7.641575939487666e-05, "rmse": 0.008741610800926603, "r2": 0.9418038057316066}