{"mae": 141.04302978515625, "mse": 26257.56640625, "rmse": 162.0418701171875, "r2": 0.9299674034118652}