{"mae": 0.05684738606214523, "mse": 0.004824268631637096, "rmse": 0.06945695728063583, "r2": 0.9182965755462646}