{"mae": 23.497406005859375, "mse": 863.580078125, "rmse": 29.386733029123874, "r2": 0.9544313621760332}