{"mae": 7.64319372177124, "mse": 96.9097900390625, "rmse": 9.844277019622238, "r2": 0.9944338286162333}