{"mae": 0.06384452432394028, "mse": 0.006706716492772102, "rmse": 0.08189454495124875, "r2": 0.9231204147294017}