{"mae": 27.341442108154297, "mse": 1369.2509765625, "rmse": 37.00339141974016, "r2": 0.9951401519210616}