{"mae": 49.43243408203125, "mse": 4146.65380859375, "rmse": 64.39451691404906, "r2": 0.8980539001109515}