{"mae": 113.40272521972656, "mse": 18400.44140625, "rmse": 135.64822387695312, "r2": 0.38881784677505493}