{"mae": 21.67501449584961, "mse": 878.0186767578125, "rmse": 29.63137993340527, "r2": 0.9325376590045878}