{"mae": 138.1204071044922, "mse": 22427.9609375, "rmse": 149.75967407226562, "r2": 0.6930032968521118}