{"mae": 0.09037575125694275, "mse": 0.014707624912261963, "rmse": 0.12127499706147991, "r2": 0.47634328096101985}