{"mae": 0.01385024469345808, "mse": 0.00028906669467687607, "rmse": 0.01700196149498275, "r2": 0.8365985470624592}