{"mae": 0.1616067737340927, "mse": 0.044085994362831116, "rmse": 0.20996664464473724, "r2": -0.024323463439941406}