{"mae": 27.99769401550293, "mse": 1937.4178466796875, "rmse": 44.01610894524512, "r2": 0.9232005850157394}