{"mae": 23.474834442138672, "mse": 1080.37109375, "rmse": 32.86899897699959, "r2": 0.3685547115814406}