{"mae": 47.24829864501953, "mse": 2916.89208984375, "rmse": 54.00825881958008, "r2": 0.8968102931976318}