{"mae": 0.02942483499646187, "mse": 0.003142042551189661, "rmse": 0.05605392538609282, "r2": 0.25919842323644804}