{"mae": 18.092670440673828, "mse": 470.3663024902344, "rmse": 21.687929153442383, "r2": 0.9913569092750549}