{"mae": 1.1739081144332886, "mse": 3.245363473892212, "rmse": 1.801489233970642, "r2": 0.9999933242797852}