{"mae": 24.732837677001953, "mse": 1115.2886962890625, "rmse": 33.39593832023682, "r2": -1.1481894120262206}