{"mae": 22.066509246826172, "mse": 829.3053588867188, "rmse": 28.79766238580345, "r2": 0.9903656554848563}