{"mae": 51.53188705444336, "mse": 4238.18212890625, "rmse": 65.10132202118672, "r2": 0.908485842026582}