{"mae": 0.3809010982513428, "mse": 0.15186378359794617, "rmse": 0.38969704508781433, "r2": -3.354341506958008}