{"mae": 0.30012330412864685, "mse": 0.11674150079488754, "rmse": 0.3416745539177414, "r2": -1.3011670249512308}