{"mae": 0.05671021714806557, "mse": 0.007130654528737068, "rmse": 0.08444320297535539, "r2": 0.8968270361344762}