{"mae": 73.26651763916016, "mse": 6337.78076171875, "rmse": 79.61018371582031, "r2": -1.0581257343292236}