{"mae": 0.18852277100086212, "mse": 0.036303743720054626, "rmse": 0.19053541123867035, "r2": -17.318565368652344}