{"mae": 0.21194207668304443, "mse": 0.059144530445337296, "rmse": 0.24319648526518078, "r2": -1.4432891204695775}