{"mae": 32.78813552856445, "mse": 1633.06884765625, "rmse": 40.41124654915077, "r2": 0.8775375851934918}