{"mae": 13.165057182312012, "mse": 281.4644775390625, "rmse": 16.77690309738548, "r2": 0.9394385652827728}