{"mae": 18.197961807250977, "mse": 635.5414428710938, "rmse": 25.209947300045943, "r2": 0.9805566468697764}