{"mae": 0.04948080703616142, "mse": 0.006542745977640152, "rmse": 0.0808872423663964, "r2": 0.8701688404509136}