{"mae": 26.902605056762695, "mse": 1194.789794921875, "rmse": 34.56573151145329, "r2": 0.9186193057970886}