{"mae": 26.20161247253418, "mse": 1607.0770263671875, "rmse": 40.08836522442874, "r2": -0.3444513545393495}