{"mae": 20.057218551635742, "mse": 808.0496826171875, "rmse": 28.42621470785703, "r2": 0.8444505694295976}