{"mae": 19.874189376831055, "mse": 654.3438720703125, "rmse": 25.580146052560227, "r2": 0.9892196068638559}