{"mae": 21.491559982299805, "mse": 889.3425903320312, "rmse": 29.821847533847247, "r2": 0.9551493970415195}