{"mae": 32.1254768371582, "mse": 2155.971435546875, "rmse": 46.432437896728516, "r2": 0.9890778064727783}