{"mae": 3.5226712226867676, "mse": 20.213233947753906, "rmse": 4.495913027156321, "r2": 0.992531165403214}