{"mae": 0.0405615009367466, "mse": 0.004970825742930174, "rmse": 0.0705040842294693, "r2": -117.55728149414062}