{"mae": 0.0575396791100502, "mse": 0.009279186837375164, "rmse": 0.09632853418588638, "r2": 0.8229762315750122}