{"mae": 76.67597961425781, "mse": 6835.0029296875, "rmse": 82.67407989501953, "r2": -113.61911010742188}