{"mae": 36.98334503173828, "mse": 2277.287353515625, "rmse": 47.720932026895966, "r2": -2.1199152218961492}