{"mae": 21.106626510620117, "mse": 696.1822509765625, "rmse": 26.385265350341797, "r2": 0.5124920606613159}