{"mae": 12.154732704162598, "mse": 234.5299072265625, "rmse": 15.31436930554316, "r2": 0.8951469606116521}