{"mae": 0.285605251789093, "mse": 0.11782132834196091, "rmse": 0.34325111557278426, "r2": -15.163642622008204}