{"mae": 21.815574645996094, "mse": 710.3239135742188, "rmse": 26.65190315246582, "r2": 0.9886947274208069}