{"mae": 0.005191266071051359, "mse": 4.5376098569249734e-05, "rmse": 0.006736178416758776, "r2": 0.9567062258720398}