{"mae": 0.16628862917423248, "mse": 0.03687978908419609, "rmse": 0.19204111300499196, "r2": 0.0938098504166941}