{"mae": 0.4374029040336609, "mse": 0.21501223742961884, "rmse": 0.46369412541389465, "r2": -8.465449333190918}