{"mae": 194.04541015625, "mse": 45973.03125, "rmse": 214.41322326660156, "r2": 0.5590834617614746}