{"mae": 0.09181172400712967, "mse": 0.014362309128046036, "rmse": 0.11984285180204131, "r2": 0.7579878981727752}