{"mae": 0.07257524877786636, "mse": 0.007066947408020496, "rmse": 0.0840651378873579, "r2": 0.8566888973578346}