{"mae": 10.413741111755371, "mse": 210.71656799316406, "rmse": 14.516079635809527, "r2": 0.9835807160821638}