{"mae": 20.57499885559082, "mse": 715.1004638671875, "rmse": 26.741362416062266, "r2": 0.9601382386867154}