{"mae": 0.048910319805145264, "mse": 0.0034170974977314472, "rmse": 0.05845594493061802, "r2": 0.957817751261983}