{"mae": 0.029436521232128143, "mse": 0.0016025183722376823, "rmse": 0.040031467275603104, "r2": 0.9758559091615067}