{"mae": 0.027659254148602486, "mse": 0.0010603010887280107, "rmse": 0.0325622633099556, "r2": 0.9822500348091125}