{"mae": 0.030043937265872955, "mse": 0.001802685554139316, "rmse": 0.042458044633959725, "r2": 0.9760552758341977}