{"mae": 0.012828969396650791, "mse": 0.000317021127557382, "rmse": 0.01780508712580149, "r2": 0.8690210883235883}