{"mae": 0.04726764187216759, "mse": 0.006610390264540911, "rmse": 0.08130430655593165, "r2": 0.885019157313247}