{"mae": 2.2253146171569824, "mse": 8.432183265686035, "rmse": 2.9038221821740455, "r2": 0.8232597312065124}