{"mae": 56.51259994506836, "mse": 5063.93359375, "rmse": 71.16132091066045, "r2": 0.8655125474414598}