{"mae": 0.02554325759410858, "mse": 0.0008797778282314539, "rmse": 0.029661049007603454, "r2": 0.510511826358467}