{"mae": 0.005373077932745218, "mse": 4.061749132233672e-05, "rmse": 0.006373185198754072, "r2": 0.9691553115844727}