{"mae": 80.8694839477539, "mse": 14005.8125, "rmse": 118.34615540861478, "r2": 0.8597402681236463}