{"mae": 0.08587882667779922, "mse": 0.011208971962332726, "rmse": 0.10587243249464294, "r2": 0.8200757016071829}