{"mae": 0.0791400894522667, "mse": 0.009829999879002571, "rmse": 0.09914635585336745, "r2": 0.8456329342142523}