{"mae": 0.037608060985803604, "mse": 0.003980979789048433, "rmse": 0.06309500336647034, "r2": 0.9586966633796692}