{"mae": 111.8663558959961, "mse": 14775.041015625, "rmse": 121.55262756347656, "r2": -69.7957763671875}