{"mae": 90.54254913330078, "mse": 14305.6328125, "rmse": 119.60615708440766, "r2": 0.387096260883394}