{"mae": 35.331756591796875, "mse": 2583.0693359375, "rmse": 50.82390516221181, "r2": 0.9168527178890316}