{"mae": 23.986007690429688, "mse": 1146.22119140625, "rmse": 33.85588857800442, "r2": 0.7196718494709401}