{"mae": 8.439701080322266, "mse": 112.32093811035156, "rmse": 10.598157297867944, "r2": 0.9652899645821377}