{"mae": 33.09214401245117, "mse": 1834.701416015625, "rmse": 42.83341598510742, "r2": 0.9899418354034424}