{"mae": 0.02830943837761879, "mse": 0.0009831403149291873, "rmse": 0.03135506808757782, "r2": 0.2291851043701172}