{"mae": 0.09159769862890244, "mse": 0.018296435475349426, "rmse": 0.13526431708085257, "r2": 0.7021674909043274}