{"mae": 267.9444885253906, "mse": 101542.890625, "rmse": 318.657958984375, "r2": 0.6174947023391724}