{"mae": 53.4154052734375, "mse": 5379.5205078125, "rmse": 73.34521462108145, "r2": 0.9776601381491572}