{"mae": 11.601522445678711, "mse": 211.20262145996094, "rmse": 14.53281189102649, "r2": 0.9351433331144798}