{"mae": 0.18885262310504913, "mse": 0.06736907362937927, "rmse": 0.25955551862716675, "r2": -1.8084678649902344}