{"mae": 17.916061401367188, "mse": 492.4075012207031, "rmse": 22.190256898483693, "r2": 0.9858325799822}