{"mae": 41.93081283569336, "mse": 3027.572021484375, "rmse": 55.02337646484375, "r2": 0.9102660417556763}