{"mae": 40.00423812866211, "mse": 2508.5673828125, "rmse": 50.08560055357727, "r2": 0.5331502170811171}