{"mae": 0.0626533105969429, "mse": 0.0049564046785235405, "rmse": 0.07040173775215737, "r2": 0.9447036247296948}