{"mae": 104.45738220214844, "mse": 14849.33984375, "rmse": 121.85786437988281, "r2": 0.6386294364929199}