{"mae": 0.039263542741537094, "mse": 0.002624129643663764, "rmse": 0.051226258277893066, "r2": 0.914859414100647}