{"mae": 13.361153602600098, "mse": 301.84942626953125, "rmse": 17.373814384571144, "r2": 0.9983047552040435}