{"mae": 320.90740966796875, "mse": 104320.15625, "rmse": 322.9862976074219, "r2": -3.8910045623779297}