{"mae": 0.115799181163311, "mse": 0.027254829183220863, "rmse": 0.16509036671841534, "r2": -0.03054585370174001}