{"mae": 0.05197323113679886, "mse": 0.004682075697928667, "rmse": 0.06842569261789322, "r2": 0.9399535655975342}