{"mae": 34.79417419433594, "mse": 2955.623046875, "rmse": 54.36564254760742, "r2": 0.8671875}