{"mae": 12.163313865661621, "mse": 290.75439453125, "rmse": 17.05152130126953, "r2": 0.9667107462882996}