{"mae": 0.026511194184422493, "mse": 0.0014040472451597452, "rmse": 0.037470618425104026, "r2": 0.9799088164749366}