{"mae": 3.8676576614379883, "mse": 23.782917022705078, "rmse": 4.876773218297636, "r2": 0.985934758606318}