{"mae": 15.271635055541992, "mse": 410.7865905761719, "rmse": 20.26787089400788, "r2": 0.9778829625954076}