{"mae": 34.07673645019531, "mse": 1893.0625, "rmse": 43.50933837890625, "r2": -0.5093834400177002}