{"mae": 0.04621781036257744, "mse": 0.004047614987939596, "rmse": 0.06362087279558182, "r2": 0.9496978521347046}