{"mae": 0.005362512078136206, "mse": 5.023013363825157e-05, "rmse": 0.007087322035737587, "r2": 0.9824729293566759}