{"mae": 166.8180389404297, "mse": 47609.828125, "rmse": 218.19676469874616, "r2": 0.42010661317451925}