{"mae": 0.029360363259911537, "mse": 0.0015953502152115107, "rmse": 0.03994183614850044, "r2": 0.9764339327812195}