{"mae": 0.047552336007356644, "mse": 0.006600872613489628, "rmse": 0.0812457544336295, "r2": 0.9164766828551181}