{"mae": 0.06151590496301651, "mse": 0.0059221661649644375, "rmse": 0.07695561165350086, "r2": 0.9378701097612473}