{"mae": 367.7094421386719, "mse": 140286.078125, "rmse": 374.5478210449219, "r2": -1.8761475086212158}