{"mae": 56.529666900634766, "mse": 5594.083984375, "rmse": 74.79360961914062, "r2": 0.9797512888908386}