{"mae": 0.02422657608985901, "mse": 0.0007527005509473383, "rmse": 0.027435388660402432, "r2": -0.65440157070689}