{"mae": 0.1542094349861145, "mse": 0.05279720574617386, "rmse": 0.22977642714977264, "r2": -4.3938727378845215}