{"mae": 61.04453659057617, "mse": 7034.8876953125, "rmse": 83.87423706054688, "r2": 0.979509711265564}