{"mae": 0.08441686630249023, "mse": 0.01588812842965126, "rmse": 0.12604811950065442, "r2": 0.8000856734094444}