{"mae": 0.029040854424238205, "mse": 0.0010504231322556734, "rmse": 0.03241023190684808, "r2": 0.5654136246178625}