{"mae": 0.07614509016275406, "mse": 0.015355780720710754, "rmse": 0.12391844382782877, "r2": 0.4999874327825554}