{"mae": 0.0625419020652771, "mse": 0.006172350142151117, "rmse": 0.07856430858373642, "r2": 0.9123336672782898}