{"mae": 0.4394038915634155, "mse": 0.20193758606910706, "rmse": 0.4493746757507324, "r2": -6.932274341583252}