{"mae": 0.07046979665756226, "mse": 0.009919858537614346, "rmse": 0.09959848662311263, "r2": 0.8622926998377451}