{"mae": 0.14918449521064758, "mse": 0.0455545075237751, "rmse": 0.21343501944098842, "r2": -0.9222888181433995}