{"mae": 0.05251268669962883, "mse": 0.005464661866426468, "rmse": 0.07392335129325826, "r2": 0.9420235586035648}