{"mae": 0.010266076773405075, "mse": 0.00020282821787986904, "rmse": 0.0142417773604393, "r2": 0.7724841833114624}