{"mae": 0.06999227404594421, "mse": 0.011101539246737957, "rmse": 0.10536384221704312, "r2": 0.8600080188593293}