{"mae": 36.8706169128418, "mse": 2146.5732421875, "rmse": 46.331126062157175, "r2": 0.9600249402764948}