{"mae": 0.026529820635914803, "mse": 0.0017043607076629996, "rmse": 0.04128390373575396, "r2": 0.3951109355136829}