{"mae": 0.04980780556797981, "mse": 0.005379440262913704, "rmse": 0.07334466758336085, "r2": 0.9209488319628985}