{"mae": 0.011359129101037979, "mse": 0.0002902761334553361, "rmse": 0.017037492245435715, "r2": 0.7612817287445068}