{"mae": 0.072042316198349, "mse": 0.009549424983561039, "rmse": 0.09772115934413099, "r2": 0.7832325349790218}