{"mae": 250.41473388671875, "mse": 65325.52734375, "rmse": 255.58859252929688, "r2": -1.2487075328826904}