{"mae": 20.667871475219727, "mse": 720.4645385742188, "rmse": 26.841470499475598, "r2": 0.9580172207641844}