{"mae": 120.7640609741211, "mse": 18943.3828125, "rmse": 137.6349639892578, "r2": 0.3414747714996338}