{"mae": 54.45181655883789, "mse": 5300.04345703125, "rmse": 72.80139735630938, "r2": 0.8852669161319981}