{"mae": 20.661922454833984, "mse": 733.3870239257812, "rmse": 27.081119325570373, "r2": 0.9795910994981681}