{"mae": 45.6553955078125, "mse": 3329.736083984375, "rmse": 57.70386541631657, "r2": 0.7201493259230174}