{"mae": 18.38680648803711, "mse": 535.6343994140625, "rmse": 23.143776688649208, "r2": 0.9664170322293778}