{"mae": 0.04070279747247696, "mse": 0.004662247374653816, "rmse": 0.0682806521654129, "r2": 0.9141210317611694}