{"mae": 0.09398575127124786, "mse": 0.014311696402728558, "rmse": 0.11963150255149585, "r2": 0.7418497894669893}