{"mae": 0.05445575714111328, "mse": 0.006065536290407181, "rmse": 0.07788155295323265, "r2": 0.783520579407474}