{"mae": 6.38493537902832, "mse": 76.22389221191406, "rmse": 8.730629542702752, "r2": 0.9718793796872588}