{"mae": 26.352365493774414, "mse": 1194.9683837890625, "rmse": 34.568314737474005, "r2": 0.9718289987820281}