{"mae": 6.440389633178711, "mse": 58.367095947265625, "rmse": 7.639836311340332, "r2": 0.9647417068481445}