{"mae": 64.3629379272461, "mse": 8902.3818359375, "rmse": 94.35243418130504, "r2": 0.5787897478619488}