{"mae": 0.07065699994564056, "mse": 0.008539354428648949, "rmse": 0.09240862745787835, "r2": 0.8195641148127156}