{"mae": 0.05834733694791794, "mse": 0.006695887539535761, "rmse": 0.0818284030122534, "r2": 0.8827129294710901}