{"mae": 96.76924896240234, "mse": 13127.7548828125, "rmse": 114.57641503735618, "r2": 0.9477940290682777}