{"mae": 0.5329472422599792, "mse": 0.2922406792640686, "rmse": 0.5405929088592529, "r2": -4.237652778625488}