{"mae": 0.02823447622358799, "mse": 0.0012131503317505121, "rmse": 0.03483030766086501, "r2": -5.259992859710645}