{"mae": 0.043299656361341476, "mse": 0.0033355909399688244, "rmse": 0.0577545750566033, "r2": 0.9389067835173948}