{"mae": 68.54931640625, "mse": 5728.93896484375, "rmse": 75.68975830078125, "r2": 0.7602869868278503}