{"mae": 229.65817260742188, "mse": 57578.4375, "rmse": 239.955078125, "r2": -1.1801352500915527}