{"mae": 0.006202305667102337, "mse": 6.04082306381315e-05, "rmse": 0.007772273196313386, "r2": 0.957052331804351}