{"mae": 26.156946182250977, "mse": 1547.6571044921875, "rmse": 39.340273314914675, "r2": 0.4672447322741766}