{"mae": 369.0711364746094, "mse": 138484.359375, "rmse": 372.1348571777344, "r2": -6.381063461303711}