{"mae": 131.85174560546875, "mse": 23626.82421875, "rmse": 153.71018981933594, "r2": 0.4705185890197754}