{"mae": 24.095853805541992, "mse": 976.5054321289062, "rmse": 31.249086900722496, "r2": 0.8993007638457162}