{"mae": 0.18848679959774017, "mse": 0.06629801541566849, "rmse": 0.2574840188026428, "r2": -1.7766518592834473}