{"mae": 0.1380121260881424, "mse": 0.025927690789103508, "rmse": 0.16102077750744936, "r2": 0.5702809813577427}