{"mae": 7.553569793701172, "mse": 93.98402404785156, "rmse": 9.694536209106445, "r2": 0.9983452558517456}