{"mae": 9.734850883483887, "mse": 144.67788696289062, "rmse": 12.028212126616767, "r2": 0.9975323342666534}