{"mae": 27.992595672607422, "mse": 1224.0943603515625, "rmse": 34.98705989864771, "r2": -2.659839351513487}