{"mae": 0.0514196939766407, "mse": 0.006534216925501823, "rmse": 0.08083450049161911, "r2": 0.9117923974990845}