{"mae": 0.012454040348529816, "mse": 0.0003015297115780413, "rmse": 0.017364609986543655, "r2": 0.9961937069892883}