{"mae": 9.716411590576172, "mse": 216.55503845214844, "rmse": 14.71580913345061, "r2": 0.9857783206828987}