{"mae": 0.012507002800703049, "mse": 0.00025325090973638, "rmse": 0.01591385904601332, "r2": 0.9011494168214598}