{"mae": 0.06950178742408752, "mse": 0.014265556819736958, "rmse": 0.11943850643631206, "r2": 0.7344908732192446}