{"mae": 0.0766807422041893, "mse": 0.011991657316684723, "rmse": 0.10950642591503351, "r2": 0.7541184701381277}