{"mae": 0.040697090327739716, "mse": 0.002937702462077141, "rmse": 0.054200576215360854, "r2": 0.9479356052916416}