{"mae": 15.780417442321777, "mse": 449.7919921875, "rmse": 21.20829963684082, "r2": 0.9848737716674805}