{"mae": 0.11434832215309143, "mse": 0.016542913392186165, "rmse": 0.1286192536354065, "r2": 0.7186374664306641}