{"mae": 24.470670700073242, "mse": 1010.9900512695312, "rmse": 31.796069745638867, "r2": 0.9749260523596375}