{"mae": 24.127334594726562, "mse": 797.1475219726562, "rmse": 28.23380105427989, "r2": 0.9813391151330985}