{"mae": 0.07380232959985733, "mse": 0.009187458083033562, "rmse": 0.09585122890726838, "r2": 0.898874701257919}