{"mae": 24.018020629882812, "mse": 1024.0167236328125, "rmse": 32.00026130569581, "r2": 0.980159988049548}