{"mae": 20.23726463317871, "mse": 625.5504760742188, "rmse": 25.01100709836009, "r2": 0.9467883332014928}