{"mae": 0.10342569649219513, "mse": 0.02209225669503212, "rmse": 0.14863464163859016, "r2": 0.3512491712935649}