{"mae": 27.77687644958496, "mse": 1316.8892822265625, "rmse": 36.288970947265625, "r2": 0.6917239427566528}