{"mae": 60.255985260009766, "mse": 9303.1171875, "rmse": 96.45266812017177, "r2": 0.7311182697694056}