{"mae": 0.0379270575940609, "mse": 0.0023298501037061214, "rmse": 0.04826851934194565, "r2": 0.9629124402999878}