{"mae": 0.024366887286305428, "mse": 0.0010837963782250881, "rmse": 0.03292106283559339, "r2": 0.9824734379408132}