{"mae": 12.554340362548828, "mse": 246.65992736816406, "rmse": 15.70541076725356, "r2": 0.9461051935782424}