{"mae": 0.029170650988817215, "mse": 0.0013425368815660477, "rmse": 0.03664064407348633, "r2": 0.974849283695221}