{"mae": 0.07126324623823166, "mse": 0.007816102355718613, "rmse": 0.08840872330103298, "r2": 0.9070614591428883}