{"mae": 0.0684337317943573, "mse": 0.006914746481925249, "rmse": 0.08315495401620865, "r2": 0.8555188775062561}