{"mae": 0.028049027547240257, "mse": 0.0014560023555532098, "rmse": 0.03815759892279924, "r2": -8.55461465513313}