{"mae": 0.05999957025051117, "mse": 0.005743533838540316, "rmse": 0.07578610628843307, "r2": 0.918732762336731}