{"mae": 0.05387468263506889, "mse": 0.004420201759785414, "rmse": 0.06648459791399369, "r2": 0.9131924410489054}