{"mae": 0.09276920557022095, "mse": 0.01837603561580181, "rmse": 0.13555823266506195, "r2": 0.6217124462127686}