{"mae": 0.08457566797733307, "mse": 0.010590873658657074, "rmse": 0.10291197043423604, "r2": 0.765242061069471}