{"mae": 0.07354670763015747, "mse": 0.010074382647871971, "rmse": 0.10037122420231792, "r2": 0.80520405317341}