{"mae": 0.020607061684131622, "mse": 0.0008813104359433055, "rmse": 0.029686873125058244, "r2": 0.47847417564976846}