{"mae": 16.42109489440918, "mse": 475.228515625, "rmse": 21.79973659531234, "r2": 0.9696736626893292}