{"mae": 0.10348036885261536, "mse": 0.013975347392261028, "rmse": 0.11821737140417099, "r2": 0.8037334680557251}