{"mae": 38.69045639038086, "mse": 2530.43115234375, "rmse": 50.303391062072045, "r2": 0.9942786907906422}