{"mae": 0.06667076796293259, "mse": 0.009621398523449898, "rmse": 0.09808872781033455, "r2": 0.8351828622773743}