{"mae": 30.74925422668457, "mse": 2304.114013671875, "rmse": 48.00118762772308, "r2": -1.2933729051998712}