{"mae": 0.055969491600990295, "mse": 0.0055428724735975266, "rmse": 0.07445046993537063, "r2": 0.9322710362151861}