{"mae": 33.624908447265625, "mse": 3359.2626953125, "rmse": 57.959146778679376, "r2": -1.6028396330615782}