{"mae": 10.71374225616455, "mse": 215.86265563964844, "rmse": 14.692265163671953, "r2": 0.9964300349180413}