{"mae": 0.02001368999481201, "mse": 0.0009397326502948999, "rmse": 0.030655059130507315, "r2": 0.6275471733860891}