{"mae": 0.010021982714533806, "mse": 0.00016751330986153334, "rmse": 0.012942693196237087, "r2": 0.9191843271255493}