{"mae": 263.91357421875, "mse": 74737.046875, "rmse": 273.3807678222656, "r2": -2.4135794639587402}