{"mae": 15.903122901916504, "mse": 559.39501953125, "rmse": 23.651533126831055, "r2": 0.8665183782577515}