{"mae": 7.675729751586914, "mse": 92.93909454345703, "rmse": 9.640492442995692, "r2": 0.9920993703241483}