{"mae": 7.336822509765625, "mse": 158.47390747070312, "rmse": 12.588642002642823, "r2": 0.9954790414023447}