{"mae": 0.008500191383063793, "mse": 0.00011496169463498518, "rmse": 0.010722019149161467, "r2": 0.9274993334078019}