{"mae": 0.060566093772649765, "mse": 0.008975081145763397, "rmse": 0.09473690487747316, "r2": 0.787372510786951}