{"mae": 0.032473742961883545, "mse": 0.00153030501678586, "rmse": 0.039119113236665726, "r2": 0.9788405895233154}