{"mae": 0.06180411949753761, "mse": 0.006258552428334951, "rmse": 0.07911101331884804, "r2": 0.9272416686137109}