{"mae": 0.06286278367042542, "mse": 0.006190832704305649, "rmse": 0.07868184482017214, "r2": 0.9043322347141128}