{"mae": 0.0914987251162529, "mse": 0.011789745651185513, "rmse": 0.10858059674501419, "r2": 0.6354489326477051}