{"mae": 0.06683891266584396, "mse": 0.010964236222207546, "rmse": 0.10471024888809856, "r2": 0.7123805336327882}