{"mae": 82.259521484375, "mse": 11593.98828125, "rmse": 107.67538382216243, "r2": 0.9145896562471457}