{"mae": 0.07624232769012451, "mse": 0.009062955155968666, "rmse": 0.09519955438954883, "r2": 0.8117408489900352}