{"mae": 41.5048828125, "mse": 4422.9658203125, "rmse": 66.50538188983279, "r2": 0.8820524412655579}