{"mae": 0.05106382444500923, "mse": 0.0039842939004302025, "rmse": 0.06312126345717585, "r2": 0.9284682501824094}