{"mae": 0.05962995067238808, "mse": 0.00594462500885129, "rmse": 0.07710139433791902, "r2": 0.9088804636943537}