{"mae": 0.3478516936302185, "mse": 0.12588967382907867, "rmse": 0.35480934381484985, "r2": -3.5569992065429688}