{"mae": 0.09080667793750763, "mse": 0.011297180317342281, "rmse": 0.10628819462829482, "r2": 0.8450530804309573}