{"mae": 23.05057144165039, "mse": 944.9124145507812, "rmse": 30.7394276874307, "r2": 0.9526015675384362}