{"mae": 52.3243408203125, "mse": 5130.228515625, "rmse": 71.6256135444926, "r2": 0.5004908856749128}