{"mae": 0.0641774833202362, "mse": 0.0060154106467962265, "rmse": 0.0775590784292608, "r2": 0.8924070708481274}