{"mae": 0.05912144109606743, "mse": 0.007833322510123253, "rmse": 0.08850605917180615, "r2": 0.8949716085772851}