{"mae": 58.628944396972656, "mse": 4682.55322265625, "rmse": 68.42918395996094, "r2": 0.8419222831726074}