{"mae": 8.421034812927246, "mse": 148.04591369628906, "rmse": 12.167411955559368, "r2": 0.9915880459482058}