{"mae": 16.277616500854492, "mse": 373.69342041015625, "rmse": 19.331151962280273, "r2": 0.9937135577201843}