{"mae": 0.07231567800045013, "mse": 0.010302091017365456, "rmse": 0.10149921683129115, "r2": 0.8258505849223128}