{"mae": 0.008732924237847328, "mse": 0.0001372998667648062, "rmse": 0.01171750295907259, "r2": 0.9211020469665527}