{"mae": 0.26478931307792664, "mse": 0.08827608078718185, "rmse": 0.2971129091560679, "r2": -12.015250436627959}