{"mae": 31.61418342590332, "mse": 1595.4014892578125, "rmse": 39.9424772548951, "r2": 0.9720604904992299}