{"mae": 39.506080627441406, "mse": 2989.86376953125, "rmse": 54.67964553833008, "r2": 0.9646466970443726}