{"mae": 0.02950679138302803, "mse": 0.0013200093526393175, "rmse": 0.03633193299174309, "r2": 0.9776157140731812}