{"mae": 0.06222257390618324, "mse": 0.0042814225889742374, "rmse": 0.0654325783252716, "r2": -1.0755939483642578}