{"mae": 55.20050811767578, "mse": 6045.62548828125, "rmse": 77.75362041912422, "r2": 0.9607392223045418}