{"mae": 9.520978927612305, "mse": 161.8718719482422, "rmse": 12.722887992858887, "r2": 0.9893089532852173}