{"mae": 39.78144454956055, "mse": 2136.13232421875, "rmse": 46.2183115682383, "r2": 0.9668787144099467}