{"mae": 0.018956532701849937, "mse": 0.0007524180109612644, "rmse": 0.02743023898840957, "r2": 0.7135314345069182}