{"mae": 49.638771057128906, "mse": 5207.0400390625, "rmse": 72.1598228868565, "r2": 0.5404313846176447}