{"mae": 140.55303955078125, "mse": 29803.4765625, "rmse": 172.6368408203125, "r2": 0.32297950983047485}