{"mae": 124.50360870361328, "mse": 16222.2578125, "rmse": 127.36663055419922, "r2": -6.22358512878418}