{"mae": 117.25411224365234, "mse": 18473.5, "rmse": 135.91725423948205, "r2": 0.9421421815986648}