{"mae": 106.6122817993164, "mse": 16268.9384765625, "rmse": 127.5497490258703, "r2": 0.9399359729924857}