{"mae": 0.090411476790905, "mse": 0.012639667838811874, "rmse": 0.11242627735014565, "r2": 0.8173348486621195}