{"mae": 176.64979553222656, "mse": 37943.58203125, "rmse": 194.79112243652344, "r2": 0.6042913198471069}