{"mae": 0.06623640656471252, "mse": 0.006363820284605026, "rmse": 0.07977355271577835, "r2": 0.875673770904541}