{"mae": 0.06070227548480034, "mse": 0.006062082946300507, "rmse": 0.07785937930847192, "r2": 0.8919866895330715}