{"mae": 26.159990310668945, "mse": 1057.2841796875, "rmse": 32.51590656413411, "r2": 0.9457080512990168}