{"mae": 0.03534983843564987, "mse": 0.0014161422150209546, "rmse": 0.03763166505778019, "r2": -2.054776968645727}