{"mae": 0.06763193011283875, "mse": 0.0069572050124406815, "rmse": 0.0834098607301712, "r2": 0.845460057258606}