{"mae": 0.0663166418671608, "mse": 0.010385490953922272, "rmse": 0.10190922766923904, "r2": 0.8380743265151978}