{"mae": 0.03011980466544628, "mse": 0.0014483057893812656, "rmse": 0.03805661201477051, "r2": 0.9830071330070496}