{"mae": 0.0718800276517868, "mse": 0.007667217869311571, "rmse": 0.0875626511094289, "r2": 0.8208050430342108}