{"mae": 20.72075843811035, "mse": 921.0819091796875, "rmse": 30.349331280601348, "r2": 0.9851396507587222}