{"mae": 0.12860766053199768, "mse": 0.033524930477142334, "rmse": 0.18309814438475977, "r2": -3.4914484649868314}