{"mae": 166.0860595703125, "mse": 50684.1015625, "rmse": 225.1313018798828, "r2": -1.8108727931976318}