{"mae": 16.29566192626953, "mse": 446.254150390625, "rmse": 21.1247284098666, "r2": 0.9924804677274827}