{"mae": 35.62531280517578, "mse": 1607.6356201171875, "rmse": 40.095331649921384, "r2": 0.9930586879890934}