{"mae": 0.010175271891057491, "mse": 0.00014804143575020134, "rmse": 0.012167227940258263, "r2": 0.8773905494487387}