{"mae": 0.023485591635107994, "mse": 0.0010032074060291052, "rmse": 0.031673449544201926, "r2": 0.9836423372955816}