{"mae": 0.016868872568011284, "mse": 0.0005271860281936824, "rmse": 0.022960531966696295, "r2": 0.6886220621758338}