{"mae": 24.806203842163086, "mse": 1132.905029296875, "rmse": 33.658654597248464, "r2": 0.9713193976190274}