{"mae": 0.07607773691415787, "mse": 0.014224201440811157, "rmse": 0.11926525663751014, "r2": 0.7992301313091408}