{"mae": 0.2893654704093933, "mse": 0.1288955807685852, "rmse": 0.35902029275894165, "r2": 0.9999921321868896}