{"mae": 59.958221435546875, "mse": 5129.38623046875, "rmse": 71.61973352693202, "r2": 0.8471389257227748}