{"mae": 30.59075927734375, "mse": 1692.802001953125, "rmse": 41.1436767578125, "r2": 0.8559477925300598}