{"mae": 0.07433252781629562, "mse": 0.013810486532747746, "rmse": 0.11751803010702133, "r2": 0.8155162334442139}