{"mae": 34.06430435180664, "mse": 1757.7659912109375, "rmse": 41.92571992477813, "r2": 0.9741298324830688}