{"mae": 45.25934982299805, "mse": 3339.27783203125, "rmse": 57.78648376464844, "r2": 0.6945820450782776}