{"mae": 0.15086492896080017, "mse": 0.03409651294350624, "rmse": 0.1846524178981781, "r2": -0.9227933883666992}