{"mae": 1.7510229349136353, "mse": 12.926145553588867, "rmse": 3.595294952392578, "r2": 0.9998567700386047}