{"mae": 0.011066395789384842, "mse": 0.0002212937833974138, "rmse": 0.014875946566462517, "r2": 0.8044943809509277}