{"mae": 0.0063924589194357395, "mse": 5.767535913037136e-05, "rmse": 0.0075944294802421704, "r2": 0.9625762548073822}