{"mae": 48.421043395996094, "mse": 3174.523681640625, "rmse": 56.34291076660156, "r2": -3.647115707397461}