{"mae": 0.011185933835804462, "mse": 0.0004647014138754457, "rmse": 0.021556934241107797, "r2": 0.8085664552478729}