{"mae": 0.020495181903243065, "mse": 0.0006506186909973621, "rmse": 0.025507228448987007, "r2": 0.991448700428009}