{"mae": 60.23129653930664, "mse": 7054.513671875, "rmse": 83.99115234282121, "r2": 0.6578377950947505}