{"mae": 17.125810623168945, "mse": 784.0772705078125, "rmse": 28.001379013061523, "r2": 0.9854781627655029}