{"mae": 183.63389587402344, "mse": 41020.9765625, "rmse": 202.53636169433594, "r2": 0.6037461757659912}