{"mae": 19.243520736694336, "mse": 694.9044799804688, "rmse": 26.361040950244526, "r2": 0.9611050753902108}