{"mae": 21.493864059448242, "mse": 665.0220947265625, "rmse": 25.788022994995117, "r2": 0.9871507287025452}