{"mae": 74.30767059326172, "mse": 6698.79150390625, "rmse": 81.846145321, "r2": 0.7040320863192931}