{"mae": 13.763900756835938, "mse": 466.1672668457031, "rmse": 21.590907040828625, "r2": 0.9265314125767414}