{"mae": 0.09098447859287262, "mse": 0.020255889743566513, "rmse": 0.14232318103313446, "r2": 0.31136375665664673}