{"mae": 69.67598724365234, "mse": 5852.478515625, "rmse": 76.50149355159675, "r2": -0.051278051002970004}