{"mae": 0.09096511453390121, "mse": 0.012018449604511261, "rmse": 0.10962868969622533, "r2": 0.8132274925926289}