{"mae": 0.09958598017692566, "mse": 0.014195714145898819, "rmse": 0.11914576847668078, "r2": 0.6889914491698695}