{"mae": 0.025065772235393524, "mse": 0.000982073717750609, "rmse": 0.031338054686784744, "r2": 0.2181965708732605}