{"mae": 0.004094467032700777, "mse": 4.6490786189679056e-05, "rmse": 0.006818415131419897, "r2": 0.9583184123039246}