{"mae": 0.07713693380355835, "mse": 0.008178195916116238, "rmse": 0.09043337832966453, "r2": 0.8279844714649747}