{"mae": 0.02849186211824417, "mse": 0.00111385656055063, "rmse": 0.033374489667268775, "r2": 0.9851849851143017}