{"mae": 32.481163024902344, "mse": 1428.12841796875, "rmse": 37.790584564208984, "r2": 0.8053639531135559}