{"mae": 11.356285095214844, "mse": 1030.0953369140625, "rmse": 32.09509833158425, "r2": 0.9797583189392417}