{"mae": 0.015995347872376442, "mse": 0.00032866414403542876, "rmse": 0.018129096613880923, "r2": 0.7281086160998289}