{"mae": 0.0021934944670647383, "mse": 1.3547338312491775e-05, "rmse": 0.00368067086674273, "r2": 0.9882858395576477}