{"mae": 0.06975612044334412, "mse": 0.013562877662479877, "rmse": 0.11645976842875774, "r2": 0.7340406758501472}