{"mae": 19.974449157714844, "mse": 689.7583618164062, "rmse": 26.263251166152415, "r2": 0.9592276625778159}