{"mae": 0.050464335829019547, "mse": 0.00564506184309721, "rmse": 0.07513362658022844, "r2": 0.9152741180488743}