{"mae": 0.06554507464170456, "mse": 0.007529801689088345, "rmse": 0.08677442992661112, "r2": 0.918725101346773}