{"mae": 0.051305901259183884, "mse": 0.005754171870648861, "rmse": 0.07585626095533371, "r2": 0.910785973072052}