{"mae": 227.9840850830078, "mse": 105783.390625, "rmse": 325.24359130859375, "r2": -2.079296827316284}