{"mae": 0.07729136198759079, "mse": 0.008325396105647087, "rmse": 0.09124360857422885, "r2": 0.8524233112337595}