{"mae": 23.326881408691406, "mse": 969.7509155273438, "rmse": 31.140823937836707, "r2": 0.7834924547982803}