{"mae": 0.05026320740580559, "mse": 0.003147050039842725, "rmse": 0.056098572909832, "r2": 0.9583566188812256}