{"mae": 36.42123794555664, "mse": 2246.104248046875, "rmse": 47.39308228050667, "r2": -1.667926140354966}