{"mae": 0.004948046989738941, "mse": 3.4966415114467964e-05, "rmse": 0.005913240660963154, "r2": 0.9802408856754015}