{"mae": 476.4827575683594, "mse": 230832.9375, "rmse": 480.4507751464844, "r2": -3.209199905395508}