{"mae": 96.15043640136719, "mse": 12601.87109375, "rmse": 112.258056640625, "r2": 0.7039440870285034}