{"mae": 0.14922042191028595, "mse": 0.026799649000167847, "rmse": 0.16370598339757728, "r2": 0.37237264214295007}