{"mae": 0.13527637720108032, "mse": 0.037626031786203384, "rmse": 0.1939743012189865, "r2": -1.5836803913116455}