{"mae": 0.19333171844482422, "mse": 0.062090594321489334, "rmse": 0.24917984008789062, "r2": 0.9999996423721313}