{"mae": 37.03248977661133, "mse": 2183.07763671875, "rmse": 46.72341537475586, "r2": 0.9449204802513123}