{"mae": 41.31277847290039, "mse": 3137.953857421875, "rmse": 56.01744079589844, "r2": 0.9794923067092896}