{"mae": 0.12937882542610168, "mse": 0.02375420182943344, "rmse": 0.15412397682666779, "r2": 0.47266364097595215}