{"mae": 6.2107744216918945, "mse": 60.861228942871094, "rmse": 7.801360710983123, "r2": 0.9781191465707711}