{"mae": 43.23236846923828, "mse": 3029.2080078125, "rmse": 55.03824234008789, "r2": 0.9907843470573425}