{"mae": 0.032668132334947586, "mse": 0.001756799640133977, "rmse": 0.0419141948223114, "r2": 0.9737062454223633}