{"mae": 0.03501473739743233, "mse": 0.0012936247512698174, "rmse": 0.03596699610352516, "r2": -0.013329148292541504}