{"mae": 48.952552795410156, "mse": 3397.8798828125, "rmse": 58.29133625859421, "r2": 0.946400867010826}