{"mae": 0.0694047287106514, "mse": 0.007378892041742802, "rmse": 0.08590047754083095, "r2": 0.868392647995859}