{"mae": 0.06390247493982315, "mse": 0.00767329428344965, "rmse": 0.08759734176017929, "r2": 0.8671316123100214}