{"mae": 21.906654357910156, "mse": 660.5985107421875, "rmse": 25.702111017233342, "r2": 0.9482598165030899}