{"mae": 0.06910286843776703, "mse": 0.007234579883515835, "rmse": 0.08505633358848613, "r2": 0.8865628571331455}