{"mae": 0.11548145860433578, "mse": 0.015728658065199852, "rmse": 0.1254139468528116, "r2": 0.7191308939835976}