{"mae": 0.2073390930891037, "mse": 0.08091164380311966, "rmse": 0.2844497263431549, "r2": -2.229313373565674}