{"mae": 0.04473882541060448, "mse": 0.003832378424704075, "rmse": 0.061906206673515984, "r2": 0.9348486342583913}