{"mae": 421.3017272949219, "mse": 183254.828125, "rmse": 428.0827331542969, "r2": -4.815735340118408}