{"mae": 0.009142657741904259, "mse": 0.00015324383275583386, "rmse": 0.012379169307988071, "r2": 0.8292730551144418}