{"mae": 17.93914031982422, "mse": 562.1177368164062, "rmse": 23.70902226614177, "r2": 0.9533790892255554}