{"mae": 67.86793518066406, "mse": 7278.591796875, "rmse": 85.31466343410727, "r2": -1.0168161569450498}