{"mae": 87.70236206054688, "mse": 15304.4541015625, "rmse": 123.71117209679366, "r2": 0.9210732113047422}