{"mae": 0.05039823427796364, "mse": 0.006530360784381628, "rmse": 0.08081065118312836, "r2": 0.8959267139434814}