{"mae": 34.372013092041016, "mse": 1908.329833984375, "rmse": 43.68443298339844, "r2": -2.415327787399292}