{"mae": 73.14679718017578, "mse": 8472.48046875, "rmse": 92.04608154296875, "r2": 0.8936300277709961}