{"mae": 0.02571006864309311, "mse": 0.0008490462205372751, "rmse": 0.029138397700238686, "r2": 0.5694293959924384}