{"mae": 0.06240168958902359, "mse": 0.006136307958513498, "rmse": 0.07833459228277206, "r2": 0.9129859209060669}