{"mae": 0.0038553918711841106, "mse": 2.8834012482548133e-05, "rmse": 0.0053697312250733376, "r2": 0.9796292185783386}