{"mae": 0.03889838978648186, "mse": 0.0016597774811089039, "rmse": 0.040740366727717414, "r2": -1.0901973125626525}