{"mae": 61.487552642822266, "mse": 8511.0888671875, "rmse": 92.25556279806383, "r2": 0.9694193952525132}