{"mae": 4.195114612579346, "mse": 41.92763137817383, "rmse": 6.475154876708984, "r2": 0.9967555403709412}