{"mae": 0.0024235425516963005, "mse": 1.1101565178250894e-05, "rmse": 0.003331901039928198, "r2": 0.9917718768119812}