{"mae": 0.008218583650887012, "mse": 0.00011728634126484394, "rmse": 0.010829881764948368, "r2": 0.8983456492424011}