{"mae": 33.359554290771484, "mse": 3276.7333984375, "rmse": 57.24275848033094, "r2": -1.6428292129352213}