{"mae": 29.707067489624023, "mse": 1336.724365234375, "rmse": 36.56124129777837, "r2": 0.9759875889540013}