{"mae": 0.07319924235343933, "mse": 0.011915570124983788, "rmse": 0.10915846336855328, "r2": 0.7088868291698145}