{"mae": 0.21328498423099518, "mse": 0.06715791672468185, "rmse": 0.2591484453449062, "r2": -37.143456914011}