{"mae": 85.2500991821289, "mse": 8944.5927734375, "rmse": 94.57585906982422, "r2": -0.25750434398651123}