{"mae": 29.199975967407227, "mse": 1451.0849609375, "rmse": 38.09310910043311, "r2": 0.708158135508285}