{"mae": 0.4043942987918854, "mse": 0.3337857127189636, "rmse": 0.5777419209480286, "r2": 0.9999714493751526}