{"mae": 20.114437103271484, "mse": 593.5875244140625, "rmse": 24.363651705236276, "r2": 0.9661693976419761}