{"mae": 0.03567862510681152, "mse": 0.0014274267014116049, "rmse": 0.037781300949168026, "r2": -2.9837213971148784}