{"mae": 8.6673002243042, "mse": 114.03877258300781, "rmse": 10.678893790229765, "r2": 0.9164695933217555}