{"mae": 82.6253433227539, "mse": 7884.4638671875, "rmse": 88.79450225830078, "r2": -1.8717286586761475}