{"mae": 18.010061264038086, "mse": 546.4712524414062, "rmse": 23.376724587533776, "r2": 0.9973128501906342}