{"mae": 28.640716552734375, "mse": 1213.3016357421875, "rmse": 34.832481384277344, "r2": 0.8883551359176636}