{"mae": 0.015531438402831554, "mse": 0.00035838468465954065, "rmse": 0.018931050807061416, "r2": 0.8496145780097506}