{"mae": 0.018810147419571877, "mse": 0.0005858553922735155, "rmse": 0.024204449728131294, "r2": 0.9920210838317871}