{"mae": 0.011323271319270134, "mse": 0.0002965295861940831, "rmse": 0.017220035195350647, "r2": 0.9028500318527222}