{"mae": 0.07475296407938004, "mse": 0.008564921095967293, "rmse": 0.09254685892004813, "r2": 0.8713835154866083}