{"mae": 0.06782550364732742, "mse": 0.006997083313763142, "rmse": 0.08364857030316264, "r2": 0.8706353947869346}