{"mae": 0.0991530492901802, "mse": 0.012844139710068703, "rmse": 0.11333198845386505, "r2": 0.7260741591453552}