{"mae": 14.267608642578125, "mse": 346.8521728515625, "rmse": 18.623967698950793, "r2": 0.93163700402789}