{"mae": 95.44007110595703, "mse": 12781.5625, "rmse": 113.05557261807132, "r2": 0.9571098444986442}