{"mae": 29.80545997619629, "mse": 1512.1834716796875, "rmse": 38.8868033101165, "r2": 0.9973793786413491}