{"mae": 0.06329610198736191, "mse": 0.008739038370549679, "rmse": 0.09348282393332841, "r2": 0.876908374340589}