{"mae": 34.290443420410156, "mse": 1932.2962646484375, "rmse": 43.95789194955142, "r2": 0.12172777286194103}