{"mae": 0.06001964211463928, "mse": 0.006212693639099598, "rmse": 0.07882064580917358, "r2": 0.9076030254364014}