{"mae": 0.04980143904685974, "mse": 0.004426561761647463, "rmse": 0.06653241136203815, "r2": 0.9388153520480672}