{"mae": 0.02823410928249359, "mse": 0.000920889840926975, "rmse": 0.030346166342496872, "r2": 0.3542078733444214}