{"mae": 63.77619552612305, "mse": 5379.25, "rmse": 73.34336853027344, "r2": 0.726988673210144}