{"mae": 0.0783064067363739, "mse": 0.008085698820650578, "rmse": 0.0899205133318901, "r2": 0.8707879185676575}