{"mae": 37.70730972290039, "mse": 1666.8892822265625, "rmse": 40.82755661010742, "r2": 0.9042617678642273}