{"mae": 0.17717650532722473, "mse": 0.05157192423939705, "rmse": 0.2270945271013748, "r2": -1.9203243256214133}