{"mae": 34.432857513427734, "mse": 1655.012939453125, "rmse": 40.68185024618626, "r2": -2.108795686614548}