{"mae": 0.09142958372831345, "mse": 0.023933809250593185, "rmse": 0.1547055566248129, "r2": 0.17601715920639482}