{"mae": 0.05178997665643692, "mse": 0.0060295420698821545, "rmse": 0.07765012234449387, "r2": 0.9149443507194519}