{"mae": 0.0504189096391201, "mse": 0.007614322938024998, "rmse": 0.08726008981466293, "r2": 0.8202706575393677}