{"mae": 0.14364418387413025, "mse": 0.02659742906689644, "rmse": 0.16308718919754028, "r2": 0.013834476470947266}