{"mae": 14.73512077331543, "mse": 367.9393310546875, "rmse": 19.181744734374075, "r2": 0.9884411134063562}