{"mae": 0.9936582446098328, "mse": 1.650892734527588, "rmse": 1.2848707437515259, "r2": 0.9999288320541382}