{"mae": 0.070527583360672, "mse": 0.007431783247739077, "rmse": 0.0862077921628952, "r2": 0.8296730518341064}