{"mae": 0.07249133288860321, "mse": 0.009446586482226849, "rmse": 0.09719355164941164, "r2": 0.8354876130896463}