{"mae": 0.06313271075487137, "mse": 0.007143055088818073, "rmse": 0.08451659652883611, "r2": 0.8946681262694771}