{"mae": 0.18046729266643524, "mse": 0.05780710279941559, "rmse": 0.2404310703277588, "r2": -2.7024731636047363}