{"mae": 112.5351791381836, "mse": 18678.052734375, "rmse": 136.6676788330078, "r2": -0.4507550001144409}