{"mae": 81.4255599975586, "mse": 9745.7919921875, "rmse": 98.72077941894531, "r2": 0.5118764042854309}