{"mae": 0.10974939912557602, "mse": 0.0159298162907362, "rmse": 0.12621337175369263, "r2": 0.1925024390220642}