{"mae": 0.057465825229883194, "mse": 0.005422488320618868, "rmse": 0.07363754694867876, "r2": 0.9158624948996462}