{"mae": 25.28814125061035, "mse": 1064.2049560546875, "rmse": 32.622154235839844, "r2": 0.9891536235809326}