{"mae": 0.06969808787107468, "mse": 0.007602573838084936, "rmse": 0.08719273959501982, "r2": 0.8797177391691231}