{"mae": 0.2948843538761139, "mse": 0.12246182560920715, "rmse": 0.34994546090670636, "r2": -15.566620918546562}