{"mae": 42.55000686645508, "mse": 2745.963134765625, "rmse": 52.401938272984, "r2": 0.9607644412664904}