{"mae": 0.07731809467077255, "mse": 0.007537524681538343, "rmse": 0.08681891891482146, "r2": 0.8550416573136177}