{"mae": 0.030655693262815475, "mse": 0.0021200242917984724, "rmse": 0.04604372152420428, "r2": 0.9662304070591643}