{"mae": 0.2704566717147827, "mse": 0.09240841120481491, "rmse": 0.30398751817272845, "r2": -0.49047640431408546}