{"mae": 0.00521484762430191, "mse": 6.442215089919046e-05, "rmse": 0.008026341065466285, "r2": 0.9478053945886007}