{"mae": 0.09701620042324066, "mse": 0.019688647240400314, "rmse": 0.14031624011638966, "r2": 0.4704385161468779}