{"mae": 0.0500715896487236, "mse": 0.0039690034464001656, "rmse": 0.06300002735237632, "r2": 0.9504688908657961}