{"mae": 141.72665405273438, "mse": 29508.302734375, "rmse": 171.77981567382812, "r2": 0.22240471839904785}