{"mae": 8.54601764678955, "mse": 103.13753509521484, "rmse": 10.155665397644043, "r2": 0.949920654296875}