{"mae": 173.7963409423828, "mse": 72633.640625, "rmse": 269.50628662109375, "r2": -1.8008637428283691}