{"mae": 7.698068618774414, "mse": 94.62445068359375, "rmse": 9.727509994011507, "r2": 0.9675241620642274}