{"mae": 0.003963503986597061, "mse": 3.569512045942247e-05, "rmse": 0.005974539351232233, "r2": 0.9732066847132679}