{"mae": 0.02256856858730316, "mse": 0.0007637906819581985, "rmse": 0.02763676323229981, "r2": -2.868622226587324}