{"mae": 42.199729919433594, "mse": 3166.829833984375, "rmse": 56.274593353271484, "r2": 0.8046059012413025}