{"mae": 8.370246887207031, "mse": 116.43584442138672, "rmse": 10.790544213402155, "r2": 0.9912678437419209}