{"mae": 0.0638052374124527, "mse": 0.0044082836247980595, "rmse": 0.06639491021633148, "r2": -0.9068435430526733}