{"mae": 33.23255157470703, "mse": 1843.251708984375, "rmse": 42.93310737629382, "r2": 0.9195118067053969}