{"mae": 0.007702668197453022, "mse": 0.00012882245937362313, "rmse": 0.011349998210291626, "r2": 0.998304089877111}