{"mae": 0.05927357077598572, "mse": 0.0064375558868050575, "rmse": 0.080234380952339, "r2": 0.864943968353532}