{"mae": 0.030881378799676895, "mse": 0.0016497238539159298, "rmse": 0.04061679169535637, "r2": 0.9769570231437683}