{"mae": 0.3002127408981323, "mse": 0.09543292224407196, "rmse": 0.3089222013950348, "r2": -1.0558242797851562}