{"mae": 92.84349060058594, "mse": 11228.3662109375, "rmse": 105.9639892578125, "r2": -0.7892621755599976}