{"mae": 0.07785983383655548, "mse": 0.009318762458860874, "rmse": 0.09653373741268322, "r2": 0.8029872789976102}