{"mae": 0.019114265218377113, "mse": 0.0010283079463988543, "rmse": 0.03206724101632154, "r2": -0.016691136527485995}