{"mae": 0.03957533463835716, "mse": 0.0032772598788142204, "rmse": 0.057247355580329895, "r2": 0.9545664191246033}