{"mae": 0.26723167300224304, "mse": 0.09569311887025833, "rmse": 0.3093430439985007, "r2": -12.688557745841843}