{"mae": 173.1419677734375, "mse": 36129.8046875, "rmse": 190.0784149169922, "r2": 0.9276450276374817}