{"mae": 11.453069686889648, "mse": 456.54644775390625, "rmse": 21.366947553497347, "r2": 0.9918724502285322}