{"mae": 0.2769182622432709, "mse": 0.20150239765644073, "rmse": 0.44889017939567566, "r2": 0.9999992251396179}