{"mae": 0.20914463698863983, "mse": 0.06490875035524368, "rmse": 0.2547719575527175, "r2": -0.6290043295555781}