{"mae": 4.164824485778809, "mse": 87.73031616210938, "rmse": 9.366446495056152, "r2": 0.9121001362800598}