{"mae": 11.470829963684082, "mse": 517.6236572265625, "rmse": 22.751344075165374, "r2": 0.9310714392892523}