{"mae": 0.04937382787466049, "mse": 0.005375781562179327, "rmse": 0.07331972150915009, "r2": 0.9183157079390297}