{"mae": 24.496875762939453, "mse": 1354.6787109375, "rmse": 36.80596160888672, "r2": 0.2606174945831299}