{"mae": 64.33235931396484, "mse": 8797.451171875, "rmse": 93.79472891306312, "r2": 0.5632383151763218}