{"mae": 0.04020516574382782, "mse": 0.004231429658830166, "rmse": 0.0650494396686554, "r2": 0.9035779237747192}