{"mae": 0.01965307630598545, "mse": 0.0008348378469236195, "rmse": 0.02889356064806862, "r2": 0.6656653638743532}