{"mae": 104.31676483154297, "mse": 17750.271484375, "rmse": 133.23014480355036, "r2": 0.9657583410246422}