{"mae": 0.038999248296022415, "mse": 0.003265202511101961, "rmse": 0.0571419505363788, "r2": 0.9597323313835119}