{"mae": 0.012800361961126328, "mse": 0.00045232020784169436, "rmse": 0.021267820947189073, "r2": 0.6906055261998716}