{"mae": 40.17207336425781, "mse": 2640.74072265625, "rmse": 51.388137956694344, "r2": 0.8974095955861401}