{"mae": 10.977542877197266, "mse": 203.4031219482422, "rmse": 14.261946639510407, "r2": 0.9935781203055513}