{"mae": 47.09378433227539, "mse": 2965.573486328125, "rmse": 54.45707930405491, "r2": 0.9647675412249817}