{"mae": 0.017885413020849228, "mse": 0.00042543988092802465, "rmse": 0.020626194775104523, "r2": 0.6919605135917664}