{"mae": 0.10308465361595154, "mse": 0.019280830398201942, "rmse": 0.13885542984774468, "r2": 0.39339249442873414}