{"mae": 25.751079559326172, "mse": 893.7225952148438, "rmse": 29.895193513587493, "r2": 0.9719894463135325}