{"mae": 22.232967376708984, "mse": 627.31591796875, "rmse": 25.046276092529297, "r2": 0.682459831237793}