{"mae": 0.17381642758846283, "mse": 0.054132577031850815, "rmse": 0.232664086252801, "r2": -0.8087317557440308}