{"mae": 45.19053268432617, "mse": 4020.349365234375, "rmse": 63.40622497227204, "r2": 0.8893005433479818}