{"mae": 0.07417073845863342, "mse": 0.008009027689695358, "rmse": 0.08949317038059235, "r2": 0.8493158221244812}