{"mae": 25.665647506713867, "mse": 1346.1485595703125, "rmse": 36.68989724120677, "r2": 0.4922444150130324}