{"mae": 150.87908935546875, "mse": 34614.6796875, "rmse": 186.05020141601562, "r2": -0.23554730415344238}