{"mae": 19.066064834594727, "mse": 808.2200927734375, "rmse": 28.429211961878885, "r2": 0.818682270373686}