{"mae": 0.020978938788175583, "mse": 0.0006296432693488896, "rmse": 0.025092693545111684, "r2": 0.08362733225189434}