{"mae": 0.08851436525583267, "mse": 0.012837826274335384, "rmse": 0.11330413176197673, "r2": 0.7496239772909783}