{"mae": 0.006957119330763817, "mse": 8.257989247795194e-05, "rmse": 0.009087348356842995, "r2": 0.9508097171783447}