{"mae": 12.845380783081055, "mse": 253.86827087402344, "rmse": 15.933244204305144, "r2": 0.9056863587058501}