{"mae": 0.15884186327457428, "mse": 0.02629363164305687, "rmse": 0.16215310990810394, "r2": 0.6764320135116577}