{"mae": 21.004199981689453, "mse": 683.5935668945312, "rmse": 26.14562225341797, "r2": 0.5234214067459106}