{"mae": 44.47947692871094, "mse": 3958.59033203125, "rmse": 62.917329345985834, "r2": 0.9170004862085269}