{"mae": 0.06474166363477707, "mse": 0.007408030331134796, "rmse": 0.08606991536614171, "r2": 0.8691518138142068}