{"mae": 145.73960876464844, "mse": 24753.53515625, "rmse": 157.3325653076172, "r2": -38.04185485839844}