{"mae": 0.009478379972279072, "mse": 0.0001373602426610887, "rmse": 0.011720078997313976, "r2": 0.9983040690422058}