{"mae": 0.01941714622080326, "mse": 0.0009216557955369353, "rmse": 0.03035878448714532, "r2": 0.6183161358890075}