{"mae": 15.617891311645508, "mse": 362.79486083984375, "rmse": 19.047174615670528, "r2": 0.7831168549677822}