{"mae": 0.029626892879605293, "mse": 0.0018539457814767957, "rmse": 0.0430574706813672, "r2": 0.9648821039727653}