{"mae": 6.739134311676025, "mse": 76.20954132080078, "rmse": 8.72980763366529, "r2": -0.5993087270238182}