{"mae": 13.702406883239746, "mse": 298.7109680175781, "rmse": 17.28325653076172, "r2": 0.9794186353683472}