{"mae": 18.998754501342773, "mse": 607.5726928710938, "rmse": 24.648990631103516, "r2": 0.9643488526344299}