{"mae": 0.05221932381391525, "mse": 0.004964853636920452, "rmse": 0.07046172022819519, "r2": 0.9269300103187561}