{"mae": 0.023196453228592873, "mse": 0.0009843858424574137, "rmse": 0.03137492378408932, "r2": 0.3699825340715619}