{"mae": 99.25132751464844, "mse": 14687.8330078125, "rmse": 121.19336700439453, "r2": 0.7744258642196655}