{"mae": 48.739742279052734, "mse": 4032.99951171875, "rmse": 63.505901392852856, "r2": 0.9076512389891017}