{"mae": 20.907739639282227, "mse": 791.28955078125, "rmse": 28.129869370141947, "r2": 0.9471637574379785}