{"mae": 0.07129355520009995, "mse": 0.00834263302385807, "rmse": 0.09133801521742231, "r2": 0.8223414988873425}