{"mae": 24.4305477142334, "mse": 1246.5361328125, "rmse": 35.30631859614508, "r2": 0.408950909376269}