{"mae": 0.025221480056643486, "mse": 0.0010297285625711083, "rmse": 0.03208938241004944, "r2": 0.9877395629882812}