{"mae": 0.033260006457567215, "mse": 0.0012377253733575344, "rmse": 0.0351813213702603, "r2": -1.9747590022252566}