{"mae": 45.79674530029297, "mse": 3680.06884765625, "rmse": 60.663570404052734, "r2": 0.9456490278244019}