{"mae": 363.9671325683594, "mse": 231269.15625, "rmse": 480.9045104980469, "r2": 0.46135127544403076}