{"mae": 0.06308125704526901, "mse": 0.00879363901913166, "rmse": 0.09377440492550011, "r2": 0.8830914855936317}