{"mae": 95.92733001708984, "mse": 12251.494140625, "rmse": 110.68646773939894, "r2": 0.9445040633855566}