{"mae": 0.02546214498579502, "mse": 0.0012328783050179482, "rmse": 0.035112366838735726, "r2": 0.9821068207878163}