{"mae": 0.03350319713354111, "mse": 0.0012751455651596189, "rmse": 0.03570917993783951, "r2": 0.5698996782302856}