{"mae": 0.060730550438165665, "mse": 0.005715539678931236, "rmse": 0.07560118834338013, "r2": 0.9114887113617166}