{"mae": 0.041075993329286575, "mse": 0.00604345602914691, "rmse": 0.0777396708726883, "r2": 0.916345477104187}