{"mae": 0.06325086951255798, "mse": 0.006406047847121954, "rmse": 0.0800377901189304, "r2": 0.9246951692250175}