{"mae": 0.14131399989128113, "mse": 0.03964350000023842, "rmse": 0.19910675528529517, "r2": -1.0437859658933064}