{"mae": 0.02506229095160961, "mse": 0.0008602120215073228, "rmse": 0.02932937131115024, "r2": -3.5132955838659568}