{"mae": 0.0820995643734932, "mse": 0.011008908972144127, "rmse": 0.10492334807917696, "r2": 0.8084736516127298}