{"mae": 0.7065481543540955, "mse": 0.5037298798561096, "rmse": 0.7097393274307251, "r2": -10.256299018859863}