{"mae": 18.23082160949707, "mse": 524.1453857421875, "rmse": 22.8942216670973, "r2": 0.967944634656396}