{"mae": 0.0157146118581295, "mse": 0.00041638410766609013, "rmse": 0.02040549209566116, "r2": 0.9944560256213784}