{"mae": 73.56844329833984, "mse": 10546.451171875, "rmse": 102.69591604282519, "r2": 0.8129630589028409}