{"mae": 0.08488128334283829, "mse": 0.008413553237915039, "rmse": 0.0917254239320755, "r2": 0.8542903065681458}