{"mae": 0.5486382842063904, "mse": 0.3469287157058716, "rmse": 0.5890065431594849, "r2": -1.5312530994415283}