{"mae": 0.06852293014526367, "mse": 0.007750378455966711, "rmse": 0.08803623376750457, "r2": 0.8463046441885105}