{"mae": 0.019932584837079048, "mse": 0.0007171090110205114, "rmse": 0.026778891682624817, "r2": 0.9898797273635864}