{"mae": 0.3071250915527344, "mse": 0.16381070017814636, "rmse": 0.40473535656929016, "r2": 0.9999994039535522}