{"mae": 14.172097206115723, "mse": 387.5990295410156, "rmse": 19.687534877201248, "r2": 0.9913802730552138}