{"mae": 44.24980545043945, "mse": 3763.3837890625, "rmse": 61.3464241027832, "r2": 0.8693549036979675}