{"mae": 79.73115539550781, "mse": 11661.3056640625, "rmse": 107.98752550208056, "r2": 0.8881145507697188}