{"mae": 0.060320597141981125, "mse": 0.005730439443141222, "rmse": 0.07569966607020946, "r2": 0.924407431672605}