{"mae": 0.07468266785144806, "mse": 0.011200837790966034, "rmse": 0.10583401055882762, "r2": 0.6999475362527954}