{"mae": 24.37789535522461, "mse": 1130.8377685546875, "rmse": 33.627931374895596, "r2": 0.5917504222761241}