{"mae": 4.7042107582092285, "mse": 27.142446517944336, "rmse": 5.209841314084752, "r2": -0.2109066328200635}