{"mae": 93.79375457763672, "mse": 14771.10546875, "rmse": 121.53643679469133, "r2": 0.9690511495947213}