{"mae": 15.991311073303223, "mse": 916.7814331054688, "rmse": 30.278398787014297, "r2": 0.9805201684618882}