{"mae": 43.86298370361328, "mse": 2470.44677734375, "rmse": 49.703590393066406, "r2": 0.8903886079788208}