{"mae": 0.06626161932945251, "mse": 0.009428384713828564, "rmse": 0.09709987044334412, "r2": 0.7755641341209412}