{"mae": 0.005249852314591408, "mse": 4.433935464476235e-05, "rmse": 0.006658780267043083, "r2": 0.979853417948522}