{"mae": 0.005797473713755608, "mse": 8.182893361663446e-05, "rmse": 0.009045934304594994, "r2": 0.9351917505264282}