{"mae": 49.3681526184082, "mse": 4661.99658203125, "rmse": 68.27881622314453, "r2": 0.7162351608276367}