{"mae": 0.18635939061641693, "mse": 0.06224408000707626, "rmse": 0.24948763497832166, "r2": -1.3213839498909326}