{"mae": 0.06324762105941772, "mse": 0.009564983658492565, "rmse": 0.09780073444761325, "r2": 0.7926452167761858}