{"mae": 0.04542261362075806, "mse": 0.0033978510182350874, "rmse": 0.05829108878970146, "r2": 0.916948676109314}