{"mae": 35.66396713256836, "mse": 2300.21337890625, "rmse": 47.960539810413415, "r2": 0.4951196675210148}