{"mae": 0.276403546333313, "mse": 0.1133943498134613, "rmse": 0.33674076199531555, "r2": 0.9999997615814209}