{"mae": 11.788744926452637, "mse": 206.571533203125, "rmse": 14.372596606150365, "r2": 0.8622643055079502}