{"mae": 0.03763889521360397, "mse": 0.0020666103810071945, "rmse": 0.04545998573303223, "r2": 0.96029132604599}