{"mae": 0.009823975153267384, "mse": 0.00017998758994508535, "rmse": 0.013415945693850517, "r2": 0.9977626800537109}