{"mae": 0.3354066014289856, "mse": 0.12567980587482452, "rmse": 0.3545134663581848, "r2": -5.843077659606934}