{"mae": 15.678730010986328, "mse": 391.1732177734375, "rmse": 19.778099447961058, "r2": 0.9678940430072721}