{"mae": 34.0498161315918, "mse": 5554.51611328125, "rmse": 74.52862613305876, "r2": 0.8738228736124709}