{"mae": 16.97780418395996, "mse": 517.8436889648438, "rmse": 22.756179809570312, "r2": 0.9684799909591675}