{"mae": 0.06591711193323135, "mse": 0.008713200688362122, "rmse": 0.09334452682595869, "r2": 0.8606777800481502}