{"mae": 54.94194030761719, "mse": 4077.635498046875, "rmse": 63.856366151284206, "r2": 0.9178011337473831}