{"mae": 64.45088958740234, "mse": 4980.4541015625, "rmse": 70.57233240840563, "r2": 0.1705149010628344}