{"mae": 49.711341857910156, "mse": 6189.05908203125, "rmse": 78.67057316450192, "r2": 0.9635772093169869}