{"mae": 0.015055968426167965, "mse": 0.0005981432041153312, "rmse": 0.02445696637188127, "r2": 0.3498220396338182}