{"mae": 16.49860954284668, "mse": 456.62017822265625, "rmse": 21.36867332458496, "r2": 0.9680814146995544}