{"mae": 45.86103057861328, "mse": 2931.9677734375, "rmse": 54.14764790309455, "r2": 0.9484886461115503}