{"mae": 0.03334667161107063, "mse": 0.0018434132216498256, "rmse": 0.04293498769402504, "r2": 0.9588766694068909}