{"mae": 40.220279693603516, "mse": 5838.083984375, "rmse": 76.40735556459862, "r2": 0.6228221564173881}