{"mae": 0.09785600006580353, "mse": 0.013235490769147873, "rmse": 0.11504560299788893, "r2": 0.8334745620581366}