{"mae": 122.30874633789062, "mse": 18414.421875, "rmse": 135.6997489865033, "r2": 0.9525027645566475}