{"mae": 0.012796451337635517, "mse": 0.00032463192474097013, "rmse": 0.01801754491435973, "r2": 0.8485141008168642}