{"mae": 0.15931032598018646, "mse": 0.05550701916217804, "rmse": 0.23559927940368652, "r2": -3.961183547973633}