{"mae": 0.012864591553807259, "mse": 0.00033523939782753587, "rmse": 0.0183095439000412, "r2": 0.7521303893515556}