{"mae": 0.06209494546055794, "mse": 0.009854499250650406, "rmse": 0.09926983051587429, "r2": 0.7737078216521721}