{"mae": 0.008686995133757591, "mse": 0.00011080392869189382, "rmse": 0.010526344180107117, "r2": 0.9615040421485901}