{"mae": 0.06162780523300171, "mse": 0.006184269208461046, "rmse": 0.078640124672212, "r2": 0.8886063715556671}