{"mae": 45.769187927246094, "mse": 3538.8564453125, "rmse": 59.48828830377035, "r2": -1.6429327368750046}