{"mae": 31.442262649536133, "mse": 1409.691162109375, "rmse": 37.54585266113281, "r2": 0.9796727895736694}