{"mae": 25.00282859802246, "mse": 1430.7564697265625, "rmse": 37.825340270996094, "r2": 0.6990770697593689}