{"mae": 0.5998325347900391, "mse": 0.4006442725658417, "rmse": 0.6329646706581116, "r2": -77.6273422241211}