{"mae": 0.07402212917804718, "mse": 0.009683961980044842, "rmse": 0.09840712362448585, "r2": 0.8420618705058145}