{"mae": 0.5083616375923157, "mse": 0.26353198289871216, "rmse": 0.5133536458015442, "r2": -3.984501838684082}