{"mae": 0.2099527269601822, "mse": 0.07654938101768494, "rmse": 0.27667558804073217, "r2": -0.8193641871256827}