{"mae": 15.87714958190918, "mse": 343.08099365234375, "rmse": 18.522445671464222, "r2": 0.97658750835319}