{"mae": 112.84336853027344, "mse": 16492.685546875, "rmse": 128.42385864257812, "r2": -1.6663262844085693}