{"mae": 0.0755588561296463, "mse": 0.010748827829957008, "rmse": 0.1036765539066428, "r2": 0.8017984830224225}