{"mae": 42.09562683105469, "mse": 3145.113525390625, "rmse": 56.0813117302959, "r2": 0.9871747078669548}