{"mae": 37.66655349731445, "mse": 2440.22705078125, "rmse": 49.398654341806214, "r2": 0.88982467663472}