{"mae": 10.936250686645508, "mse": 166.58404541015625, "rmse": 12.906744183184086, "r2": -382.60896738253325}