{"mae": 0.04637052118778229, "mse": 0.0034324596635997295, "rmse": 0.05858719709629169, "r2": -1.2629958176381506}