{"mae": 0.004905412904918194, "mse": 3.7967238313285634e-05, "rmse": 0.0061617561062805495, "r2": 0.9820094598977599}