{"mae": 0.1634005606174469, "mse": 0.053056035190820694, "rmse": 0.23033895717142747, "r2": -0.19053723369719422}