{"mae": 2.1500253677368164, "mse": 9.210559844970703, "rmse": 3.0348904132843018, "r2": 0.9998399615287781}