{"mae": 0.6571471095085144, "mse": 0.5002006888389587, "rmse": 0.7072486877441406, "r2": -26.776779174804688}