{"mae": 0.035489704459905624, "mse": 0.00304478220641613, "rmse": 0.05517954518130908, "r2": 0.9278531811725249}