{"mae": 38.15910339355469, "mse": 2293.76708984375, "rmse": 47.893287658691406, "r2": 0.9526168704032898}