{"mae": 27.020374298095703, "mse": 1384.4603271484375, "rmse": 37.20833679632076, "r2": 0.9206234365507343}