{"mae": 0.27397042512893677, "mse": 0.1076725572347641, "rmse": 0.32813496801585185, "r2": -15.475347860913342}