{"mae": 21.35439682006836, "mse": 637.8980102539062, "rmse": 25.256642893581606, "r2": 0.9789862572966344}