{"mae": 17.0697078704834, "mse": 524.4304809570312, "rmse": 22.90044717810181, "r2": 0.9796386378900005}