{"mae": 8.05473518371582, "mse": 95.89867401123047, "rmse": 9.792786835790437, "r2": -8.793599194454803}