{"mae": 66.1975326538086, "mse": 5620.88330078125, "rmse": 74.97255031530707, "r2": 0.9276571181064016}