{"mae": 18.578187942504883, "mse": 664.7305297851562, "rmse": 25.782368583688278, "r2": 0.9409877065692989}