{"mae": 9.732949256896973, "mse": 153.54776000976562, "rmse": 12.391439437866211, "r2": 0.9962659478187561}