{"mae": 0.06648191809654236, "mse": 0.010297805070877075, "rmse": 0.10147810143512281, "r2": 0.6090190215038449}