{"mae": 0.03633538633584976, "mse": 0.002886745845898986, "rmse": 0.05372844636440277, "r2": 0.9517764449119568}