{"mae": 13.864712715148926, "mse": 350.8509826660156, "rmse": 18.731016159057617, "r2": 0.9943770170211792}