{"mae": 26.704561233520508, "mse": 1049.16845703125, "rmse": 32.390869964100226, "r2": 0.9567400852209426}