{"mae": 45.9599494934082, "mse": 3402.706787109375, "rmse": 58.332724838716175, "r2": 0.6693914198436673}