{"mae": 0.08397962898015976, "mse": 0.011133016087114811, "rmse": 0.10551310860321958, "r2": 0.7544548246383238}