{"mae": 26.646751403808594, "mse": 1145.1802978515625, "rmse": 33.84051267122829, "r2": 0.9139678842407478}