{"mae": 25.332225799560547, "mse": 1167.5211181640625, "rmse": 34.16900815306266, "r2": 0.9390644521314339}