{"mae": 0.015772392973303795, "mse": 0.00048491457710042596, "rmse": 0.022020775824785233, "r2": 0.3780955672264099}