{"mae": 39.67994689941406, "mse": 3074.41650390625, "rmse": 55.44742202758789, "r2": 0.9141862392425537}