{"mae": 0.011127487756311893, "mse": 0.00022540178906638175, "rmse": 0.01501338699515808, "r2": 0.9973396591000984}