{"mae": 0.0722220167517662, "mse": 0.007522273808717728, "rmse": 0.08673104293572012, "r2": 0.8621514080205228}