{"mae": 0.07979772239923477, "mse": 0.009298761375248432, "rmse": 0.09643008542591068, "r2": 0.8547773748898255}