{"mae": 0.27086809277534485, "mse": 0.07832495868206024, "rmse": 0.27986598014831543, "r2": -1.666062355041504}