{"mae": 119.17769622802734, "mse": 16406.955078125, "rmse": 128.08963012695312, "r2": 0.7534964084625244}