{"mae": 19.375120162963867, "mse": 920.6889038085938, "rmse": 30.34285545349121, "r2": 0.9865320920944214}