{"mae": 18.589935302734375, "mse": 530.469970703125, "rmse": 23.031933716106536, "r2": 0.9662132405643171}