{"mae": 130.063720703125, "mse": 19771.388671875, "rmse": 140.6107635498047, "r2": -26.27561378479004}