{"mae": 39.49463653564453, "mse": 3653.67529296875, "rmse": 60.445639155928774, "r2": 0.8239608541495793}