{"mae": 30.459169387817383, "mse": 1241.119873046875, "rmse": 35.2295312635135, "r2": -1.339820330385224}