{"mae": 0.02639886364340782, "mse": 0.0009509463561698794, "rmse": 0.0308374181177653, "r2": -3.875568599147239}