{"mae": 12.490705490112305, "mse": 249.07833862304688, "rmse": 15.782215897111751, "r2": 0.8845244194990101}