{"mae": 186.03736877441406, "mse": 56566.390625, "rmse": 237.83689920825995, "r2": -0.3930658686888713}