{"mae": 97.19310760498047, "mse": 16071.3271484375, "rmse": 126.77273819097503, "r2": 0.8214931536038418}