{"mae": 60.53563690185547, "mse": 5462.1484375, "rmse": 73.9063491821289, "r2": 0.9331439733505249}