{"mae": 81.80754089355469, "mse": 12752.0244140625, "rmse": 112.92486180670092, "r2": 0.7554592805563781}