{"mae": 49.46946334838867, "mse": 6372.2470703125, "rmse": 79.82635498046875, "r2": 0.7884515523910522}