{"mae": 0.010006553493440151, "mse": 0.0001786602515494451, "rmse": 0.013366385133963673, "r2": 0.9167256105618541}