{"mae": 19.215072631835938, "mse": 860.79052734375, "rmse": 29.339231491088867, "r2": 0.8011763691902161}