{"mae": 0.026236319914460182, "mse": 0.0010958034545183182, "rmse": 0.033102922144703756, "r2": -5.738021915299386}