{"mae": 46.3818359375, "mse": 3962.712646484375, "rmse": 62.95008059156378, "r2": 0.9860642242694795}