{"mae": 0.026142667979002, "mse": 0.0008760692435316741, "rmse": 0.029598466911846536, "r2": -1.4627460347129424}