{"mae": 0.09080485999584198, "mse": 0.01438586600124836, "rmse": 0.11994109388048935, "r2": 0.7353449578985027}