{"mae": 25.741710662841797, "mse": 1145.7198486328125, "rmse": 33.8484836976904, "r2": 0.9424405371338388}