{"mae": 0.013354550115764141, "mse": 0.0003253886243328452, "rmse": 0.018038531656785293, "r2": 0.9954236402397252}