{"mae": 40.324581146240234, "mse": 2612.676025390625, "rmse": 51.11434265830506, "r2": 0.46284312031678954}