{"mae": 32.86711120605469, "mse": 1813.4498291015625, "rmse": 42.584619630819326, "r2": 0.9900756710362953}