{"mae": 24.991437911987305, "mse": 1212.7513427734375, "rmse": 34.82457957784182, "r2": 0.5803832904675678}