{"mae": 20.98888397216797, "mse": 810.35546875, "rmse": 28.466743205888516, "r2": 0.9861543113285118}