{"mae": 0.03300270810723305, "mse": 0.001217217999510467, "rmse": 0.03488865144299027, "r2": -1.8310241613211193}