{"mae": 14.123347282409668, "mse": 302.6091613769531, "rmse": 17.39566501680672, "r2": 0.9761660189415459}