{"mae": 0.12180209904909134, "mse": 0.017467403784394264, "rmse": 0.1321643060148778, "r2": 0.7278930358058582}