{"mae": 0.23811495304107666, "mse": 0.08858805894851685, "rmse": 0.297637462273345, "r2": -11.911068739704955}