{"mae": 0.16844682395458221, "mse": 0.052296604961156845, "rmse": 0.22868450966595189, "r2": -1.5354577581287963}