{"mae": 23.01643943786621, "mse": 717.4107666015625, "rmse": 26.784524759673495, "r2": 0.9883001873758626}