{"mae": 0.0128006711602211, "mse": 0.00037408326170407236, "rmse": 0.019341232255101204, "r2": 0.6064434051513672}