{"mae": 479.31732177734375, "mse": 257269.390625, "rmse": 507.2173156738281, "r2": 0.6058521866798401}