{"mae": 0.014343232847750187, "mse": 0.00032280615414492786, "rmse": 0.017966807010287827, "r2": 0.9951200327214735}