{"mae": 0.3352603316307068, "mse": 0.13902540504932404, "rmse": 0.3728611069142557, "r2": -9.472029640937356}