{"mae": 86.61665344238281, "mse": 10568.9990234375, "rmse": 102.80563354492188, "r2": 0.7429383993148804}