{"mae": 0.009334651753306389, "mse": 0.00012632663128897548, "rmse": 0.011239511892199516, "r2": 0.9983423948287964}