{"mae": 0.4091280996799469, "mse": 0.18288354575634003, "rmse": 0.4276488721370697, "r2": -7.87982177734375}