{"mae": 35.774776458740234, "mse": 1636.1363525390625, "rmse": 40.449180603027344, "r2": 0.7691640257835388}