{"mae": 56.32875442504883, "mse": 4509.8544921875, "rmse": 67.15544891357422, "r2": 0.3547925353050232}