{"mae": 0.06086021289229393, "mse": 0.005756824277341366, "rmse": 0.07587373904943241, "r2": 0.9404752965175689}