{"mae": 0.061025023460388184, "mse": 0.007719307206571102, "rmse": 0.08785958801730806, "r2": 0.7975471308682713}