{"mae": 113.17061614990234, "mse": 19710.064453125, "rmse": 140.39253702788122, "r2": 0.8495448954048894}