{"mae": 0.24671301245689392, "mse": 0.07943343371152878, "rmse": 0.28183937572938383, "r2": -4.696573788111563}