{"mae": 169.24981689453125, "mse": 30380.240234375, "rmse": 174.29928588867188, "r2": -0.9298192262649536}