{"mae": 16.0124454498291, "mse": 365.6481018066406, "rmse": 19.12192726135254, "r2": 0.9942029714584351}