{"mae": 0.0816287025809288, "mse": 0.012184145860373974, "rmse": 0.1103818185226805, "r2": 0.7435109758226752}