{"mae": 17.239625930786133, "mse": 508.0930480957031, "rmse": 22.540919415491977, "r2": 0.9894689942144997}