{"mae": 75.91688537597656, "mse": 7653.677734375, "rmse": 87.48530010450327, "r2": 0.9573280554214589}