{"mae": 106.12100219726562, "mse": 17325.2890625, "rmse": 131.62556386393945, "r2": 0.6863017591683482}