{"mae": 0.05956687405705452, "mse": 0.004964087158441544, "rmse": 0.0704562783465146, "r2": 0.913242393632813}