{"mae": 0.048897236585617065, "mse": 0.004777843598276377, "rmse": 0.06912194937467575, "r2": 0.9363448619842529}