{"mae": 0.03337614983320236, "mse": 0.001826369552873075, "rmse": 0.04273604512438037, "r2": 0.9770052118644368}