{"mae": 0.01896940916776657, "mse": 0.0007031638524495065, "rmse": 0.02651723689318905, "r2": 0.6446306702382107}