{"mae": 0.07700172811746597, "mse": 0.011355582624673843, "rmse": 0.10656257609814922, "r2": 0.7636209288734139}