{"mae": 12.269142150878906, "mse": 296.62200927734375, "rmse": 17.22271782493529, "r2": 0.9343656408006612}