{"mae": 0.0941239446401596, "mse": 0.019896257668733597, "rmse": 0.1410540948314993, "r2": 0.38373996572626434}