{"mae": 0.03545091673731804, "mse": 0.0020245718769729137, "rmse": 0.04499524459242821, "r2": 0.9766718745231628}