{"mae": 21.38856315612793, "mse": 761.1312255859375, "rmse": 27.588606807628715, "r2": 0.9944534283113728}