{"mae": 117.30305480957031, "mse": 21969.3515625, "rmse": 148.2206178724809, "r2": 0.7394182329731757}