{"mae": 0.050525158643722534, "mse": 0.00576486811041832, "rmse": 0.0759267285639143, "r2": 0.8818429782996432}