{"mae": 0.05605500563979149, "mse": 0.00525709567591548, "rmse": 0.07250583201312484, "r2": 0.9342955490295961}