{"mae": 101.29353332519531, "mse": 13069.853515625, "rmse": 114.3234634399414, "r2": 0.7904952764511108}