{"mae": 5.151872634887695, "mse": 31.303476333618164, "rmse": 5.59495096793691, "r2": 0.2600845396117397}