{"mae": 0.1384112685918808, "mse": 0.03783238306641579, "rmse": 0.1945054829120636, "r2": -0.8570379018783569}