{"mae": 0.2265228033065796, "mse": 0.0552707277238369, "rmse": 0.235097274184227, "r2": -0.721743106842041}