{"mae": 0.006085043773055077, "mse": 5.5371834605466574e-05, "rmse": 0.007441225343010826, "r2": 0.9685463816501764}