{"mae": 0.030177796259522438, "mse": 0.001490447553806007, "rmse": 0.03860631585121155, "r2": 0.9784921407699585}