{"mae": 38.95701599121094, "mse": 2338.927001953125, "rmse": 48.362454465764294, "r2": 0.9536174300138842}