{"mae": 11.199762344360352, "mse": 189.4440155029297, "rmse": 13.763866299224564, "r2": 0.9435677951563721}