{"mae": 0.0304088294506073, "mse": 0.0017159540439024568, "rmse": 0.041424075655377715, "r2": 0.9713806998293897}