{"mae": 0.06652761250734329, "mse": 0.007170412223786116, "rmse": 0.08467828661342951, "r2": 0.8982844619302417}