{"mae": 0.08726609498262405, "mse": 0.011932281777262688, "rmse": 0.10923498421871396, "r2": 0.8497626494352873}