{"mae": 0.18831874430179596, "mse": 0.06331637501716614, "rmse": 0.25162745282891164, "r2": -0.9765905489783897}