{"mae": 32.35604476928711, "mse": 1656.246337890625, "rmse": 40.69700622558594, "r2": 0.941519558429718}