{"mae": 0.13490743935108185, "mse": 0.02435561642050743, "rmse": 0.15606286047778128, "r2": 0.331663408289935}