{"mae": 38.23676681518555, "mse": 2458.4970703125, "rmse": 49.583233762154926, "r2": 0.7735029445051604}