{"mae": 0.06549712270498276, "mse": 0.006656540557742119, "rmse": 0.0815876250281997, "r2": 0.8782077166641036}