{"mae": 0.053913865238428116, "mse": 0.006279715336859226, "rmse": 0.07924465494189009, "r2": 0.8837494164573192}