{"mae": 0.015387041494250298, "mse": 0.0005825500702485442, "rmse": 0.024136074043815497, "r2": 0.836354727493086}