{"mae": 0.05394933372735977, "mse": 0.0040710968896746635, "rmse": 0.06380514800548553, "r2": 0.9492917060852051}