{"mae": 6.4714179039001465, "mse": 81.6457290649414, "rmse": 9.035802624279782, "r2": 0.9971955105045218}