{"mae": 0.3366823196411133, "mse": 0.14298515021800995, "rmse": 0.37813377291377975, "r2": -2.189851941606646}