{"mae": 10.463380813598633, "mse": 215.3432159423828, "rmse": 14.674577198079092, "r2": 0.9879825277244381}