{"mae": 133.73367309570312, "mse": 23431.78515625, "rmse": 153.07444763183594, "r2": 0.6943700313568115}