{"mae": 17.330198287963867, "mse": 609.2913208007812, "rmse": 24.683827110089336, "r2": 0.8491334274282138}