{"mae": 29.328720092773438, "mse": 1164.8170166015625, "rmse": 34.129417419433594, "r2": 0.9818317890167236}