{"mae": 0.03358892351388931, "mse": 0.0011760472552850842, "rmse": 0.03429354354739189, "r2": 0.1396457552909851}