{"mae": 0.06709577888250351, "mse": 0.006806888151913881, "rmse": 0.08250387012958527, "r2": 0.9056344032287598}