{"mae": 0.2281654179096222, "mse": 0.07416769862174988, "rmse": 0.27233747193831015, "r2": -10.49108273209134}