{"mae": 65.913818359375, "mse": 5087.015625, "rmse": 71.32331754061921, "r2": 0.7815933683919527}