{"mae": 0.026899296790361404, "mse": 0.0014068740420043468, "rmse": 0.037508319637173125, "r2": -0.9214611658456224}