{"mae": 22.631019592285156, "mse": 661.579833984375, "rmse": 25.721194256573217, "r2": 0.9366177797206847}