{"mae": 0.030784912407398224, "mse": 0.0011832641903311014, "rmse": 0.03439860790967941, "r2": 0.9834006428718567}