{"mae": 126.96617126464844, "mse": 23744.90234375, "rmse": 154.09381020582885, "r2": 0.9176426782777269}