{"mae": 0.6470620036125183, "mse": 1.9654918909072876, "rmse": 1.401960015296936, "r2": 0.9998714327812195}