{"mae": 0.07417121529579163, "mse": 0.007810911163687706, "rmse": 0.08837935937586165, "r2": 0.85520256461995}