{"mae": 12.841445922851562, "mse": 385.5272216796875, "rmse": 19.63484764099121, "r2": 0.9893180131912231}