{"mae": 0.07908862829208374, "mse": 0.010722916573286057, "rmse": 0.10355151651852355, "r2": 0.8338588037452764}