{"mae": 0.4662134349346161, "mse": 0.2390032559633255, "rmse": 0.48887959122657776, "r2": -17.806291580200195}