{"mae": 348.80816650390625, "mse": 142166.5625, "rmse": 377.0498046875, "r2": 0.660979151725769}