{"mae": 0.1727394014596939, "mse": 0.05161115154623985, "rmse": 0.2271808784784491, "r2": -1.4552298675084532}