{"mae": 0.0726267620921135, "mse": 0.007039079442620277, "rmse": 0.08389922194287786, "r2": 0.8397055965504953}