{"mae": 0.6039652824401855, "mse": 0.4209384024143219, "rmse": 0.6487976312637329, "r2": -83.40853118896484}