{"mae": 48.82127380371094, "mse": 5821.96044921875, "rmse": 76.30177225476974, "r2": 0.9663335136027787}