{"mae": 20.858606338500977, "mse": 648.0796508789062, "rmse": 25.457408565659353, "r2": 0.9736286789042494}