{"mae": 81.71834564208984, "mse": 8478.7021484375, "rmse": 92.07986831244656, "r2": -2.1576680256115823}