{"mae": 0.18064984679222107, "mse": 0.05668877810239792, "rmse": 0.2380940467119217, "r2": 0.28201210498809814}