{"mae": 167.88160705566406, "mse": 33897.21875, "rmse": 184.11196899414062, "r2": 0.21354031562805176}