{"mae": 0.28288790583610535, "mse": 0.11234830319881439, "rmse": 0.33518398410248423, "r2": -16.14344277374211}