{"mae": 31.386333465576172, "mse": 1669.9566650390625, "rmse": 40.86510326720174, "r2": 0.9263320245270327}