{"mae": 209.21029663085938, "mse": 70731.609375, "rmse": 265.9541490088094, "r2": -0.583902627668488}