{"mae": 25.405588150024414, "mse": 1621.3350830078125, "rmse": 40.265804290771484, "r2": 0.11571735143661499}