{"mae": 0.061188723891973495, "mse": 0.006577962543815374, "rmse": 0.08110463947158247, "r2": 0.8971022253441068}