{"mae": 0.07374339550733566, "mse": 0.011714190244674683, "rmse": 0.10823211073875427, "r2": 0.8104217648506165}