{"mae": 10.818914413452148, "mse": 207.68882751464844, "rmse": 14.411413099160278, "r2": 0.9956919944919194}