{"mae": 86.97791290283203, "mse": 11470.0107421875, "rmse": 107.09813690185547, "r2": 0.5511158108711243}