{"mae": 31.990371704101562, "mse": 1358.68994140625, "rmse": 36.86041259765625, "r2": 0.9818457365036011}