{"mae": 0.08811943978071213, "mse": 0.01151196751743555, "rmse": 0.10729383677244186, "r2": 0.7650446891784668}