{"mae": 0.03565210849046707, "mse": 0.0013335583498701453, "rmse": 0.0365179181098938, "r2": 0.16425466537475586}