{"mae": 46.70066452026367, "mse": 3158.573486328125, "rmse": 56.201187588236294, "r2": 0.9109755576220704}