{"mae": 0.07890810817480087, "mse": 0.013262949883937836, "rmse": 0.11516488129606975, "r2": 0.8335569367776252}