{"mae": 109.41361999511719, "mse": 16498.19140625, "rmse": 128.44528198242188, "r2": 0.6962147951126099}