{"mae": 26.640567779541016, "mse": 1446.1197509765625, "rmse": 38.02788123175629, "r2": 0.7152431469988179}