{"mae": 0.07173894345760345, "mse": 0.013592451810836792, "rmse": 0.11658667081119004, "r2": 0.7015626600672262}