{"mae": 33.47819519042969, "mse": 2193.41748046875, "rmse": 46.83393478393555, "r2": 0.8869093656539917}