{"mae": 0.05404072254896164, "mse": 0.005241763778030872, "rmse": 0.07240002602338791, "r2": 0.9207596182823181}