{"mae": 0.009833610616624355, "mse": 0.00014471296162810177, "rmse": 0.012029670178890228, "r2": 0.8631911277770996}