{"mae": 44.073097229003906, "mse": 2739.281494140625, "rmse": 52.33814568878635, "r2": 0.9480732608188056}