{"mae": 0.05972477048635483, "mse": 0.005729526747018099, "rmse": 0.07569363742758105, "r2": 0.9322414383040684}