{"mae": 2.742046594619751, "mse": 17.203441619873047, "rmse": 4.147703170776367, "r2": 0.9978394508361816}