{"mae": 11.216026306152344, "mse": 188.64712524414062, "rmse": 13.734887158041767, "r2": 0.9928681032544544}