{"mae": 0.06140603497624397, "mse": 0.012389427050948143, "rmse": 0.11130780318983995, "r2": 0.789096896846795}