{"mae": 0.004370550625026226, "mse": 3.2271258533000946e-05, "rmse": 0.005680779746918635, "r2": 0.9718827214575277}