{"mae": 0.02836005389690399, "mse": 0.0011143097653985023, "rmse": 0.033381279557943344, "r2": 0.9825674295425415}