{"mae": 0.1958339363336563, "mse": 0.06106620654463768, "rmse": 0.24711577558836198, "r2": -1.6672435740471458}