{"mae": 536.6735229492188, "mse": 311802.6875, "rmse": 558.3929443359375, "r2": -0.07382690906524658}