{"mae": 60.17702102661133, "mse": 4207.22216796875, "rmse": 64.8631032866047, "r2": 0.5724913326284489}