{"mae": 9.340807914733887, "mse": 132.010498046875, "rmse": 11.489582061767578, "r2": 0.9959484934806824}