{"mae": 114.4098129272461, "mse": 15373.794921875, "rmse": 123.9911117553711, "r2": -8.27922534942627}