{"mae": 0.1049724593758583, "mse": 0.02548244036734104, "rmse": 0.15963220341566747, "r2": 0.17304699170705962}