{"mae": 0.017435681074857712, "mse": 0.0004026766982860863, "rmse": 0.02006680518388748, "r2": 0.8171842694282532}