{"mae": 0.07193876802921295, "mse": 0.014164132997393608, "rmse": 0.1190131631265786, "r2": 0.7239871115829145}