{"mae": 0.016106078401207924, "mse": 0.001070199883542955, "rmse": 0.032713908702135086, "r2": 0.46831434965133667}