{"mae": 18.2628173828125, "mse": 617.287353515625, "rmse": 24.845268231911383, "r2": 0.9561192589878628}