{"mae": 0.07080945372581482, "mse": 0.008395384065806866, "rmse": 0.09162633121013641, "r2": 0.9224511981010437}