{"mae": 58.606475830078125, "mse": 7537.9482421875, "rmse": 86.82135772705078, "r2": 0.8346729278564453}