{"mae": 0.0058885798789560795, "mse": 9.468190546613187e-05, "rmse": 0.009730462757039454, "r2": 0.9537175409697514}