{"mae": 0.060007259249687195, "mse": 0.007294596638530493, "rmse": 0.08540841081843457, "r2": 0.8686630948083636}