{"mae": 0.03246631100773811, "mse": 0.0019899914041161537, "rmse": 0.04460931970021684, "r2": 0.9741029036067099}