{"mae": 0.07008681446313858, "mse": 0.00941823422908783, "rmse": 0.09704758744599389, "r2": 0.6464217027851373}