{"mae": 0.026575755327939987, "mse": 0.0008341534994542599, "rmse": 0.028881715659812523, "r2": 0.12460656758006616}