{"mae": 5.757826328277588, "mse": 62.32373809814453, "rmse": 7.89453849811023, "r2": 0.9671718759476359}