{"mae": 33.44880676269531, "mse": 1588.3333740234375, "rmse": 39.8539003614883, "r2": 0.9574202065836451}