{"mae": 0.026343999430537224, "mse": 0.0009558775345794857, "rmse": 0.030917270109057426, "r2": 0.989145815372467}