{"mae": 129.46978759765625, "mse": 27576.28125, "rmse": 166.06107686631447, "r2": 0.9157573341677607}