{"mae": 0.07910904288291931, "mse": 0.01307548675686121, "rmse": 0.11434809467962817, "r2": 0.7807335185593063}