{"mae": 0.05088276416063309, "mse": 0.004663077648729086, "rmse": 0.06828673183917999, "r2": 0.9401794075965881}