{"mae": 0.02601332776248455, "mse": 0.0008756570750847459, "rmse": 0.029591503427246577, "r2": 0.4582648713780725}