{"mae": 108.6447525024414, "mse": 21177.65625, "rmse": 145.525448805355, "r2": 0.9406310940136674}