{"mae": 0.15161803364753723, "mse": 0.0443262904882431, "rmse": 0.21053809747464497, "r2": 0.02534081012424949}