{"mae": 230.75440979003906, "mse": 90806.3984375, "rmse": 301.34100025967257, "r2": 0.7843116565809725}