{"mae": 0.17171764373779297, "mse": 0.0470268577337265, "rmse": 0.21685676778400645, "r2": -1.0886500463085893}