{"mae": 23.43340301513672, "mse": 898.64111328125, "rmse": 29.977343332611213, "r2": 0.9735630902671585}