{"mae": 12.924713134765625, "mse": 266.52020263671875, "rmse": 16.325446475876817, "r2": 0.8982944513651339}