{"mae": 0.03496207669377327, "mse": 0.002684268169105053, "rmse": 0.051809921860694885, "r2": 0.9600290656089783}