{"mae": 33.95381164550781, "mse": 1682.0814208984375, "rmse": 41.01318593938342, "r2": 0.9670552702593238}