{"mae": 21.046159744262695, "mse": 715.25927734375, "rmse": 26.744331686242415, "r2": 0.9976163267184007}