{"mae": 7.598891258239746, "mse": 91.43199157714844, "rmse": 9.562007716852587, "r2": 0.9949853029773227}