{"mae": 17.363399505615234, "mse": 518.8349609375, "rmse": 22.77794900638554, "r2": 0.9593256692282219}