{"mae": 46.97613525390625, "mse": 3304.891845703125, "rmse": 57.48818874954337, "r2": 0.7684830074058553}