{"mae": 0.10971994698047638, "mse": 0.018491217866539955, "rmse": 0.13598241749042395, "r2": 0.08601854023511213}