{"mae": 88.6962661743164, "mse": 9565.857421875, "rmse": 97.8051986694336, "r2": 0.34545302391052246}