{"mae": 0.060097817331552505, "mse": 0.006918410770595074, "rmse": 0.08317698462071749, "r2": 0.8832919217008235}