{"mae": 24.6678409576416, "mse": 1006.8438110351562, "rmse": 31.730802243800206, "r2": 0.9485362589859717}