{"mae": 21.1830997467041, "mse": 739.1781005859375, "rmse": 27.187830008773, "r2": 0.9817059336443315}