{"mae": 0.09502364695072174, "mse": 0.014449803158640862, "rmse": 0.1202073340468079, "r2": 0.5861661134166977}