{"mae": 160.2274932861328, "mse": 35995.65234375, "rmse": 189.72520446777344, "r2": 0.9458987712860107}