{"mae": 0.07508391886949539, "mse": 0.00833799596875906, "rmse": 0.09131262451410294, "r2": 0.8400880694389343}