{"mae": 9.539687156677246, "mse": 175.0125732421875, "rmse": 13.229231770673136, "r2": 0.9897237051834032}