{"mae": 22.92695426940918, "mse": 747.6451416015625, "rmse": 27.343100438713282, "r2": 0.9705727072911325}