{"mae": 11.652543067932129, "mse": 238.87930297851562, "rmse": 15.455720720125464, "r2": 0.9196571677689881}