{"mae": 16.285768508911133, "mse": 466.4437561035156, "rmse": 21.597309001436166, "r2": 0.9637395801946564}