{"mae": 0.06646657735109329, "mse": 0.009501157328486443, "rmse": 0.09747388023715092, "r2": 0.7904726338470061}