{"mae": 29.458696365356445, "mse": 1253.96630859375, "rmse": 35.411386708144455, "r2": 0.9110541608170413}