{"mae": 0.05643429234623909, "mse": 0.004388288129121065, "rmse": 0.06624415516853333, "r2": 0.9105191230773926}