{"mae": 3.924081563949585, "mse": 36.01361083984375, "rmse": 6.001133918762207, "r2": 0.9972109794616699}