{"mae": 421.7931213378906, "mse": 250255.375, "rmse": 500.25531005859375, "r2": -5.413753509521484}