{"mae": 0.03421939164400101, "mse": 0.0023045085836201906, "rmse": 0.048005297780036926, "r2": 0.9782801866531372}