{"mae": 0.03508559241890907, "mse": 0.0035822391510009766, "rmse": 0.05985180992251593, "r2": 0.9261283674675526}