{"mae": 0.13123846054077148, "mse": 0.026901135221123695, "rmse": 0.16401565541473076, "r2": -0.19832468061052744}