{"mae": 0.084755539894104, "mse": 0.010615196079015732, "rmse": 0.10303007366306079, "r2": 0.868864401839052}