{"mae": 37.44916915893555, "mse": 2212.18017578125, "rmse": 47.033819489610345, "r2": -1.5145724201252069}