{"mae": 23.461971282958984, "mse": 804.127685546875, "rmse": 28.357145229145953, "r2": 0.9320788192300752}