{"mae": 41.4561767578125, "mse": 4050.335205078125, "rmse": 63.642243872117874, "r2": 0.8566237373685868}