{"mae": 98.65827178955078, "mse": 12292.951171875, "rmse": 110.87358093261719, "r2": -6.0475664138793945}