{"mae": 431.2564392089844, "mse": 209030.953125, "rmse": 457.19903564453125, "r2": 0.721293568611145}