{"mae": 0.017310528084635735, "mse": 0.0005017423536628485, "rmse": 0.022399606105082483, "r2": 0.9929250902636623}