{"mae": 127.34097290039062, "mse": 20270.484375, "rmse": 142.37445068359375, "r2": -36.89997863769531}