{"mae": 10.866361618041992, "mse": 183.08859252929688, "rmse": 13.531023336366577, "r2": 0.9895317032191094}