{"mae": 5.472304821014404, "mse": 53.43268966674805, "rmse": 7.30976673134978, "r2": 0.9970347849771118}