{"mae": 0.61701899766922, "mse": 0.4175521731376648, "rmse": 0.6461827754974365, "r2": -83.36022186279297}