{"mae": 1.5103788375854492, "mse": 39.528465270996094, "rmse": 6.287166595458984, "r2": 0.9992958307266235}