{"mae": 0.04075886681675911, "mse": 0.0035743936896324158, "rmse": 0.059786233278509994, "r2": 0.2058350223955171}