{"mae": 0.06682468950748444, "mse": 0.00652940571308136, "rmse": 0.08080473818459756, "r2": 0.8715726335294558}