{"mae": 0.09329122304916382, "mse": 0.011665800586342812, "rmse": 0.10800833255052567, "r2": 0.7299434542655945}