{"mae": 101.56169891357422, "mse": 17252.638671875, "rmse": 131.34930023367082, "r2": 0.9672076885313252}