{"mae": 56.820369720458984, "mse": 8360.1826171875, "rmse": 91.4340342388298, "r2": 0.5274701628947978}