{"mae": 101.13712310791016, "mse": 16014.318359375, "rmse": 126.5476920349597, "r2": 0.9447651194279528}