{"mae": 0.08621948212385178, "mse": 0.011198881082236767, "rmse": 0.10582476592101098, "r2": 0.7524714236484431}