{"mae": 20.08361053466797, "mse": 762.6731567382812, "rmse": 27.616537739881174, "r2": 0.5276764930897573}