{"mae": 0.010694391094148159, "mse": 0.0003792713687289506, "rmse": 0.019474890724441835, "r2": 0.8454805131076971}