{"mae": 12.373376846313477, "mse": 255.5482635498047, "rmse": 15.98587703704834, "r2": 0.9838958978652954}