{"mae": 0.028661401942372322, "mse": 0.0017634150572121143, "rmse": 0.04199303581800337, "r2": 0.9722627812929299}