{"mae": 21.630535125732422, "mse": 783.1885986328125, "rmse": 27.985506938999915, "r2": 0.994882740902679}