{"mae": 35.614009857177734, "mse": 2332.18310546875, "rmse": 48.29268169680319, "r2": 0.5082341523352265}