{"mae": 48.53730773925781, "mse": 3273.635498046875, "rmse": 57.21569276035094, "r2": 0.9140865988678339}