{"mae": 0.10679745674133301, "mse": 0.015033796429634094, "rmse": 0.1226123828560317, "r2": 0.7444481798586922}