{"mae": 5.844484806060791, "mse": 61.70400619506836, "rmse": 7.855189761875161, "r2": 0.9812675831502101}