{"mae": 63.96052551269531, "mse": 6815.82275390625, "rmse": 82.55799630505969, "r2": 0.8722890979817473}