{"mae": 36.95067596435547, "mse": 2107.391845703125, "rmse": 45.90633775093723, "r2": 0.8187734263684162}