{"mae": 16.476516723632812, "mse": 519.0733032226562, "rmse": 22.783180236816406, "r2": 0.7558907270431519}