{"mae": 129.72946166992188, "mse": 21688.861328125, "rmse": 147.27139282226562, "r2": 0.5137772560119629}