{"mae": 20.41630744934082, "mse": 589.4149780273438, "rmse": 24.27787012955098, "r2": 0.9506995850256073}