{"mae": 0.06596431136131287, "mse": 0.006335394456982613, "rmse": 0.07959519116744813, "r2": 0.8880548065363577}