{"mae": 111.0113296508789, "mse": 15914.7080078125, "rmse": 126.15351104736328, "r2": 0.7504069805145264}