{"mae": 0.07625233381986618, "mse": 0.008682357147336006, "rmse": 0.09317916631698608, "r2": 0.8566914796829224}