{"mae": 6.494938850402832, "mse": 76.08074188232422, "rmse": 8.722427522331396, "r2": 0.9956041305714873}