{"mae": 0.15515238046646118, "mse": 0.039361611008644104, "rmse": 0.19839760661125183, "r2": 0.5070585608482361}