{"mae": 0.009695175103843212, "mse": 0.00014307293167803437, "rmse": 0.011961310170590878, "r2": 0.9311825633049011}