{"mae": 246.50233459472656, "mse": 104311.859375, "rmse": 322.9734654348558, "r2": 0.7421328617490938}