{"mae": 0.06329650431871414, "mse": 0.006209812127053738, "rmse": 0.07880236117689456, "r2": 0.9034243769744115}