{"mae": 6.482636451721191, "mse": 63.094703674316406, "rmse": 7.9432174636173976, "r2": 0.9815530626277722}