{"mae": 0.058385156095027924, "mse": 0.007551464717835188, "rmse": 0.08689916408018657, "r2": 0.8914470726193118}