{"mae": 15.233936309814453, "mse": 315.74188232421875, "rmse": 17.76912722460557, "r2": 0.9224546406351791}