{"mae": 11.810002326965332, "mse": 220.2763671875, "rmse": 14.841710090637207, "r2": 0.9941394925117493}