{"mae": 0.10022232681512833, "mse": 0.013895245268940926, "rmse": 0.1178780949495746, "r2": 0.734107038293804}