{"mae": 42.00833511352539, "mse": 3260.945068359375, "rmse": 57.10468516995234, "r2": 0.930680108776746}