{"mae": 0.11474095284938812, "mse": 0.017853477969765663, "rmse": 0.13361690938472748, "r2": 0.06006389856338501}