{"mae": 344.60345458984375, "mse": 120152.875, "rmse": 346.6307373046875, "r2": -5.630691051483154}