{"mae": 0.12784291803836823, "mse": 0.02105281502008438, "rmse": 0.14509588479995728, "r2": 0.639750599861145}