{"mae": 0.07188837975263596, "mse": 0.008374353870749474, "rmse": 0.09151149541139603, "r2": 0.8654123544692993}