{"mae": 0.05753162130713463, "mse": 0.00645603658631444, "rmse": 0.08034946537665599, "r2": 0.8811997771514338}