{"mae": 0.21241331100463867, "mse": 0.07895912975072861, "rmse": 0.2809966721346155, "r2": -1.4773191734328894}