{"mae": 0.013489405624568462, "mse": 0.0003344959404785186, "rmse": 0.0182892307639122, "r2": 0.9955397844314575}