{"mae": 0.06548090279102325, "mse": 0.008081136271357536, "rmse": 0.08989514042125712, "r2": 0.8491892143073367}