{"mae": 62.670745849609375, "mse": 5913.4638671875, "rmse": 76.89904984580434, "r2": 0.8389783128808319}