{"mae": 0.024079838767647743, "mse": 0.001028565806336701, "rmse": 0.0320712613773874, "r2": -6.820568656249206}