{"mae": 0.35851404070854187, "mse": 0.14218498766422272, "rmse": 0.3770742416381836, "r2": -6.501845836639404}