{"mae": 0.07227899879217148, "mse": 0.010583987459540367, "rmse": 0.10287850824900392, "r2": 0.7968031551620143}