{"mae": 0.20417393743991852, "mse": 0.06357797235250473, "rmse": 0.25214672782430614, "r2": -0.8161972711132011}