{"mae": 0.02149931900203228, "mse": 0.0010376416612416506, "rmse": 0.03221244575069783, "r2": 0.5327871783470504}