{"mae": 0.21210531890392303, "mse": 0.10141170024871826, "rmse": 0.31845203042030334, "r2": 0.9999993443489075}