{"mae": 72.83253479003906, "mse": 10245.6962890625, "rmse": 101.22102691171682, "r2": 0.8993363609678142}