{"mae": 0.01237521506845951, "mse": 0.00020321471674833447, "rmse": 0.014255339938013912, "r2": 0.826175440770625}