{"mae": 0.08240143209695816, "mse": 0.009650921449065208, "rmse": 0.09823910146951675, "r2": 0.7888695597648621}