{"mae": 0.9382131695747375, "mse": 1.4113857746124268, "rmse": 1.1880176067352295, "r2": 0.9999714493751526}