{"mae": 47.725677490234375, "mse": 3112.867919921875, "rmse": 55.79308129080052, "r2": 0.9630778544180296}