{"mae": 15.006092071533203, "mse": 450.69287109375, "rmse": 21.229528427124023, "r2": 0.9845927953720093}