{"mae": 0.0875810757279396, "mse": 0.015088495798408985, "rmse": 0.12283524125814438, "r2": 0.6263070106506348}