{"mae": 26.235998153686523, "mse": 1001.472900390625, "rmse": 31.646056632550998, "r2": 0.9749503900544708}