{"mae": 7.9646687507629395, "mse": 105.55833435058594, "rmse": 10.274158477783203, "r2": 0.9378079771995544}