{"mae": 0.03301774710416794, "mse": 0.0013039069017395377, "rmse": 0.03610965237021446, "r2": -0.2516500949859619}