{"mae": 39.35717010498047, "mse": 2525.99462890625, "rmse": 50.259273529052734, "r2": 0.8803766965866089}