{"mae": 29.8321590423584, "mse": 3284.533447265625, "rmse": 57.310848236083984, "r2": 0.9543295502662659}