{"mae": 607.8176879882812, "mse": 671772.0625, "rmse": 819.6170043945312, "r2": -9.821900367736816}