{"mae": 0.10481370985507965, "mse": 0.013891154900193214, "rmse": 0.11786074367741456, "r2": 0.8243401436297347}