{"mae": 29.171077728271484, "mse": 1253.2713623046875, "rmse": 35.401573181152344, "r2": 0.980559766292572}