{"mae": 80.73573303222656, "mse": 9057.4814453125, "rmse": 95.17080143254285, "r2": 0.9728779948594142}