{"mae": 34.3167839050293, "mse": 1643.1939697265625, "rmse": 40.53632736206055, "r2": 0.9798634648323059}