{"mae": 0.005841515958309174, "mse": 8.356528269359842e-05, "rmse": 0.009141404853390885, "r2": 0.9253792220430672}