{"mae": 20.495990753173828, "mse": 585.7291259765625, "rmse": 24.20184137574169, "r2": 0.9513769517702474}