{"mae": 44.237667083740234, "mse": 2643.260986328125, "rmse": 51.412653951416715, "r2": 0.9650048777428061}