{"mae": 40.060787200927734, "mse": 3417.396728515625, "rmse": 58.458504330128264, "r2": 0.9041149513775807}