{"mae": 0.005075287073850632, "mse": 3.9258105971384794e-05, "rmse": 0.006265628936617999, "r2": 0.976841643889243}