{"mae": 0.0292974803596735, "mse": 0.0013356889830902219, "rmse": 0.03654707968235016, "r2": 0.9823792576789856}