{"mae": 43.43394470214844, "mse": 3546.81103515625, "rmse": 59.555110931396484, "r2": 0.5222810506820679}