{"mae": 46.9643669128418, "mse": 3383.15283203125, "rmse": 58.16487627452886, "r2": 0.98660836821561}