{"mae": 96.53739929199219, "mse": 12427.345703125, "rmse": 111.4780044555664, "r2": 0.6080112457275391}