{"mae": 16.89778709411621, "mse": 494.37567138671875, "rmse": 22.23456029218295, "r2": 0.9821301868390651}