{"mae": 41.22041702270508, "mse": 2376.4658203125, "rmse": 48.749008403376784, "r2": 0.9481178745157919}