{"mae": 0.0055183242075145245, "mse": 8.23256341391243e-05, "rmse": 0.009073347460508955, "r2": 0.9615260351972927}