{"mae": 0.12743453681468964, "mse": 0.023401949554681778, "rmse": 0.1529769575938866, "r2": 0.7517040366681775}