{"mae": 0.1503763198852539, "mse": 0.054298412054777145, "rmse": 0.23302020132541656, "r2": -4.9058403968811035}