{"mae": 0.2761564254760742, "mse": 0.09573772549629211, "rmse": 0.3094151345624388, "r2": -0.6067327840747128}