{"mae": 0.1312241554260254, "mse": 0.028604377061128616, "rmse": 0.16912828581029435, "r2": -0.24768880028468798}