{"mae": 0.031582001596689224, "mse": 0.0018285246333107352, "rmse": 0.04276125133037567, "r2": 0.9618281126022339}