{"mae": 17.849592208862305, "mse": 529.0060424804688, "rmse": 23.000131357895953, "r2": 0.9725893989211332}