{"mae": 0.007615264970809221, "mse": 0.0001830761757446453, "rmse": 0.013530564494431019, "r2": 0.8004196286201477}