{"mae": 44.64685821533203, "mse": 3183.01513671875, "rmse": 56.418216355347056, "r2": 0.9497116499177345}