{"mae": 0.062188394367694855, "mse": 0.008978602476418018, "rmse": 0.09475548784328018, "r2": 0.8565488577368656}