{"mae": 14.103950500488281, "mse": 673.4385375976562, "rmse": 25.950695037841797, "r2": 0.8300963044166565}