{"mae": 30.24201202392578, "mse": 2642.048095703125, "rmse": 51.400856018066406, "r2": 0.8833550214767456}