{"mae": 0.0072036986239254475, "mse": 6.816926907049492e-05, "rmse": 0.008256468317052693, "r2": 0.9297839684318737}