{"mae": 0.2428763061761856, "mse": 0.07336211949586868, "rmse": 0.2708544249146923, "r2": -11.363475375836641}