{"mae": 0.040103811770677567, "mse": 0.002823716262355447, "rmse": 0.053138650953769684, "r2": 0.9540386199951172}