{"mae": 0.023570295423269272, "mse": 0.0016074161976575851, "rmse": 0.04009259529710674, "r2": -0.021703450186187023}