{"mae": 0.058407168835401535, "mse": 0.005564961116760969, "rmse": 0.07459867000579834, "r2": 0.9042072296142578}