{"mae": 13.579917907714844, "mse": 223.05760192871094, "rmse": 14.93511305376397, "r2": 0.8572817529595528}