{"mae": 127.07295227050781, "mse": 22539.037109375, "rmse": 150.13006730623616, "r2": 0.9307062368564037}