{"mae": 5.55691385269165, "mse": 65.28244018554688, "rmse": 8.079754958261226, "r2": 0.9751359107109019}