{"mae": 0.5531466603279114, "mse": 0.31365182995796204, "rmse": 0.5600462555885315, "r2": -4.44127893447876}