{"mae": 11.197342872619629, "mse": 210.61077880859375, "rmse": 14.512435316258735, "r2": 0.9318052096713137}