{"mae": 72.8664779663086, "mse": 6202.662109375, "rmse": 78.7569808959961, "r2": -93.015625}