{"mae": 0.017124401405453682, "mse": 0.0007629314204677939, "rmse": 0.027621213233089418, "r2": 0.5262617351994875}