{"mae": 147.79225158691406, "mse": 34644.9140625, "rmse": 186.13144297108965, "r2": 0.7344057913342933}