{"mae": 0.018224220722913742, "mse": 0.0005630757077597082, "rmse": 0.023729216307401657, "r2": 0.5306428074836731}