{"mae": 1.9784914255142212, "mse": 51.65699005126953, "rmse": 7.18727970123291, "r2": 0.9991531372070312}