{"mae": 20.80156898498535, "mse": 580.2386474609375, "rmse": 24.088143296255474, "r2": 0.9450034704618221}