{"mae": 17.976699829101562, "mse": 593.294921875, "rmse": 24.35764606596869, "r2": 0.9649341451060895}