{"mae": 0.06851891428232193, "mse": 0.005895101465284824, "rmse": 0.0767795667052269, "r2": 0.829137921333313}