{"mae": 0.28862321376800537, "mse": 0.1645648181438446, "rmse": 0.40566590428352356, "r2": 0.999999463558197}