{"mae": 0.16559521853923798, "mse": 0.033865928649902344, "rmse": 0.18402697145938873, "r2": -0.5867942571640015}