{"mae": 0.13616943359375, "mse": 0.024641864001750946, "rmse": 0.1569772722458603, "r2": 0.34783069068276284}