{"mae": 0.003614875953644514, "mse": 3.286396895418875e-05, "rmse": 0.005732710473239422, "r2": 0.9612007737159729}