{"mae": 38.37868881225586, "mse": 2321.58447265625, "rmse": 48.182823419308356, "r2": 0.9574224578113999}