{"mae": 39.3962516784668, "mse": 2107.69287109375, "rmse": 45.90961632483711, "r2": 0.9653127060910639}