{"mae": 0.016301210969686508, "mse": 0.0009525537025183439, "rmse": 0.03086346873762481, "r2": 0.6675703665646735}