{"mae": 0.016663240268826485, "mse": 0.0004485570243559778, "rmse": 0.021179164864460018, "r2": 0.9936917991342414}