{"mae": 66.42060852050781, "mse": 6400.96337890625, "rmse": 80.00602089159446, "r2": 0.9711326042253365}