{"mae": 10.426032066345215, "mse": 211.48471069335938, "rmse": 14.542513847351074, "r2": 0.9953545928001404}