{"mae": 0.05610360577702522, "mse": 0.004600483924150467, "rmse": 0.06782686727359938, "r2": 0.9340315568746514}