{"mae": 24.07033920288086, "mse": 763.0939331054688, "rmse": 27.624155044555664, "r2": 0.4790876507759094}