{"mae": 38.784385681152344, "mse": 2410.7392578125, "rmse": 49.09927960584045, "r2": 0.6275414879174804}