{"mae": 92.87052917480469, "mse": 11591.9091796875, "rmse": 107.66572570800781, "r2": -0.6955355405807495}