{"mae": 48.35399627685547, "mse": 4429.03564453125, "rmse": 66.55100032705181, "r2": 0.8957953578564289}