{"mae": 0.06617453694343567, "mse": 0.008846155367791653, "rmse": 0.09405400604009628, "r2": 0.8626134395599365}