{"mae": 0.22965748608112335, "mse": 0.07725819945335388, "rmse": 0.27795359226560445, "r2": -10.085235032009493}