{"mae": 155.6873779296875, "mse": 29298.845703125, "rmse": 171.16905212402344, "r2": 0.03485119342803955}