{"mae": 38.54326248168945, "mse": 2398.62353515625, "rmse": 48.975744355305615, "r2": 0.9655765680355471}