{"mae": 10.091439247131348, "mse": 224.22946166992188, "rmse": 14.97429370880127, "r2": 0.9948803782463074}