{"mae": 25.73015022277832, "mse": 1057.740234375, "rmse": 32.522918701171875, "r2": 0.9084560871124268}