{"mae": 335.5650329589844, "mse": 114065.578125, "rmse": 337.7359619140625, "r2": -6.543841361999512}