{"mae": 0.08302461355924606, "mse": 0.009581688791513443, "rmse": 0.0978861004114151, "r2": 0.7891950607299805}