{"mae": 24.626220703125, "mse": 996.207763671875, "rmse": 31.562759126411542, "r2": 0.9669019601805442}