{"mae": 46.09627151489258, "mse": 3003.218994140625, "rmse": 54.80163313388229, "r2": 0.9470207369077235}