{"mae": 0.9683916568756104, "mse": 1.5342090129852295, "rmse": 1.2386319637298584, "r2": 0.9999688267707825}