{"mae": 0.017283190041780472, "mse": 0.0003638138296082616, "rmse": 0.019073903560638428, "r2": 0.767554759979248}