{"mae": 3.721999406814575, "mse": 24.614347457885742, "rmse": 4.96128485957879, "r2": 0.9963448152948671}