{"mae": 74.0980224609375, "mse": 8459.6845703125, "rmse": 91.97654358755008, "r2": 0.6883714823488927}