{"mae": 0.0358082577586174, "mse": 0.0014323382638394833, "rmse": 0.03784624504279762, "r2": -2.9082332379550713}