{"mae": 20.922025680541992, "mse": 732.3151245117188, "rmse": 27.061321558854416, "r2": 0.9524106741653282}