{"mae": 21.440715789794922, "mse": 704.384765625, "rmse": 26.540248032469478, "r2": 0.9581673410397558}