{"mae": 0.02509605698287487, "mse": 0.0017953957431018353, "rmse": 0.042372110439554876, "r2": 0.5339554139413791}