{"mae": 0.03233114257454872, "mse": 0.0013207050506025553, "rmse": 0.036341506987810135, "r2": 0.9849178791046143}