{"mae": 0.012898357585072517, "mse": 0.0003032505337614566, "rmse": 0.01741409009283737, "r2": 0.9960916218067426}