{"mae": 0.17945727705955505, "mse": 0.03733168914914131, "rmse": 0.1932141018381974, "r2": 0.2743826985171455}