{"mae": 15.377095222473145, "mse": 365.34271240234375, "rmse": 19.113940263649035, "r2": 0.818282897101593}