{"mae": 148.5851287841797, "mse": 40506.7421875, "rmse": 201.26286837740338, "r2": 0.5055698840417078}