{"mae": 0.02604890801012516, "mse": 0.0012577632442116737, "rmse": 0.035464957975608453, "r2": -8.809647072899404}