{"mae": 0.03537076339125633, "mse": 0.0028074525762349367, "rmse": 0.05298539965155436, "r2": 0.9656905434588406}