{"mae": 12.979135513305664, "mse": 273.029296875, "rmse": 16.52359818184284, "r2": 0.9427426047282831}