{"mae": 0.10950262099504471, "mse": 0.01273050531744957, "rmse": 0.1128295436501503, "r2": 0.8580232262611389}