{"mae": 0.02791205607354641, "mse": 0.0011397316120564938, "rmse": 0.03375991131588609, "r2": -0.62574029611475}