{"mae": 20.96549415588379, "mse": 769.2021484375, "rmse": 27.734493837773567, "r2": -0.5189671398437314}