{"mae": 91.4921875, "mse": 10040.4375, "rmse": 100.20198059082031, "r2": -195.43397521972656}