{"mae": 25.150007247924805, "mse": 950.1031494140625, "rmse": 30.823743273879998, "r2": 0.9846428318450597}