{"mae": 11.9771728515625, "mse": 246.61837768554688, "rmse": 15.70408821105957, "r2": 0.9961838126182556}