{"mae": 0.016820525750517845, "mse": 0.000686056271661073, "rmse": 0.02619267591639069, "r2": 0.5122816440383401}