{"mae": 17.7955379486084, "mse": 444.09014892578125, "rmse": 21.07344627380371, "r2": 0.9859375953674316}