{"mae": 0.026418963447213173, "mse": 0.0010028904071077704, "rmse": 0.031668443232774734, "r2": 0.981507420539856}