{"mae": 0.07277945429086685, "mse": 0.007492764852941036, "rmse": 0.08656075596809387, "r2": 0.8424006104469299}