{"mae": 0.029404504224658012, "mse": 0.001157872611656785, "rmse": 0.03402752726333174, "r2": -3.814846615673896}