{"mae": 0.11293148249387741, "mse": 0.0181784238666296, "rmse": 0.13482738544757739, "r2": 0.42503195906929536}