{"mae": 90.41887664794922, "mse": 11744.4970703125, "rmse": 108.37203084888877, "r2": 0.87198298497178}