{"mae": 19.91188621520996, "mse": 622.6128540039062, "rmse": 24.95221140508204, "r2": 0.9894501106097704}