{"mae": 8.087079048156738, "mse": 99.02994537353516, "rmse": 9.951379068929851, "r2": 0.9704782766508318}