{"mae": 96.37376403808594, "mse": 14194.57421875, "rmse": 119.14098463060476, "r2": 0.7466052103082219}