{"mae": 10.212747573852539, "mse": 172.01966857910156, "rmse": 13.11562728881836, "r2": 0.9926328659057617}