{"mae": 0.10897728055715561, "mse": 0.016416169703006744, "rmse": 0.12812560127861544, "r2": 0.7996536599776817}