{"mae": 38.738426208496094, "mse": 3459.8935546875, "rmse": 58.820859860150804, "r2": 0.8964534005974245}