{"mae": 34.44950866699219, "mse": 1733.4117431640625, "rmse": 41.63426165028104, "r2": 0.9206128312969506}