{"mae": 0.009068206883966923, "mse": 0.0001595409557921812, "rmse": 0.012630952291580441, "r2": 0.9238170952405292}