{"mae": 0.029239561408758163, "mse": 0.0014215870760381222, "rmse": 0.03770393878221512, "r2": -0.07596051692962646}