{"mae": 0.05959581211209297, "mse": 0.005507334601134062, "rmse": 0.07421141826655829, "r2": 0.8961912883393965}