{"mae": 11.700072288513184, "mse": 261.0250244140625, "rmse": 16.156268889012168, "r2": 0.9819717851051114}