{"mae": 0.005693648476153612, "mse": 5.839930599904619e-05, "rmse": 0.007641943637281656, "r2": 0.972226083278656}