{"mae": 0.028072871267795563, "mse": 0.001603339216671884, "rmse": 0.04004171845303201, "r2": 0.9762093367615524}