{"mae": 6.836498737335205, "mse": 77.26875305175781, "rmse": 8.790265083312988, "r2": 0.9743370413780212}