{"mae": 0.03692719340324402, "mse": 0.0030882684513926506, "rmse": 0.05557219311594963, "r2": 0.9347959160804749}