{"mae": 29.038043975830078, "mse": 1334.97412109375, "rmse": 36.53729767092457, "r2": 0.9333236479828961}