{"mae": 132.87501525878906, "mse": 27730.580078125, "rmse": 166.52500915527344, "r2": 0.030542731285095215}