{"mae": 40.013248443603516, "mse": 2485.441650390625, "rmse": 49.8542039389922, "r2": 0.9487053687933393}