{"mae": 0.020033899694681168, "mse": 0.001003364217467606, "rmse": 0.03167592488732738, "r2": 0.599807440792828}