{"mae": 18.676725387573242, "mse": 599.8609619140625, "rmse": 24.492059160349555, "r2": 0.9896304541701558}