{"mae": 0.07462926208972931, "mse": 0.011394046247005463, "rmse": 0.10674289787618407, "r2": 0.8350316907839649}