{"mae": 29.201597213745117, "mse": 1346.4136962890625, "rmse": 36.6935102748301, "r2": 0.9751630717720491}