{"mae": 50.83969497680664, "mse": 4116.75732421875, "rmse": 64.16196166124249, "r2": 0.9047034098764742}