{"mae": 0.5301705002784729, "mse": 0.28436079621315, "rmse": 0.5332549214363098, "r2": -4.089845657348633}