{"mae": 20.33221435546875, "mse": 648.5498046875, "rmse": 25.466641016975522, "r2": 0.961442673005383}