{"mae": 27.196569442749023, "mse": 1144.14453125, "rmse": 33.825205561090094, "r2": 0.7412273298733492}