{"mae": 19.76056480407715, "mse": 625.8314819335938, "rmse": 25.016624111450245, "r2": 0.9494468799824105}