{"mae": 0.03468511998653412, "mse": 0.00206171628087759, "rmse": 0.04540612602807676, "r2": 0.9675816894834591}