{"mae": 105.646484375, "mse": 15635.828125, "rmse": 125.04330444335938, "r2": 0.4088510274887085}