{"mae": 0.09945129603147507, "mse": 0.014168871566653252, "rmse": 0.11903306921462309, "r2": 0.7016900846187415}