{"mae": 13.16102409362793, "mse": 427.731689453125, "rmse": 20.681675209061886, "r2": 0.9955760473507621}