{"mae": 43.95401382446289, "mse": 2508.25244140625, "rmse": 50.082454681396484, "r2": 0.8862178921699524}