{"mae": 0.14115571975708008, "mse": 0.04185345768928528, "rmse": 0.20458117628287623, "r2": 0.10167823638853135}