{"mae": 73.37548065185547, "mse": 13317.30859375, "rmse": 115.40064381861134, "r2": 0.810660634346539}