{"mae": 45.711578369140625, "mse": 3708.166015625, "rmse": 60.89471435546875, "r2": 0.9841838479042053}