{"mae": 47.708927154541016, "mse": 4348.296875, "rmse": 65.94161717003914, "r2": 0.8528739642719243}