{"mae": 0.023037297651171684, "mse": 0.0006761741824448109, "rmse": 0.02600334944665419, "r2": -0.43345506565096037}