{"mae": 95.81085205078125, "mse": 14107.6162109375, "rmse": 118.77548657419804, "r2": 0.9785423521111606}