{"mae": 106.2818603515625, "mse": 17088.240234375, "rmse": 130.72199598527786, "r2": 0.8006017937853698}