{"mae": 0.10567028075456619, "mse": 0.016252733767032623, "rmse": 0.12748621010537817, "r2": 0.6688884993068336}