{"mae": 116.28254699707031, "mse": 17191.525390625, "rmse": 131.116455078125, "r2": 0.2558954954147339}