{"mae": 0.03451116010546684, "mse": 0.0021114617120474577, "rmse": 0.04595064430503078, "r2": 0.9601505889928547}