{"mae": 28.1533260345459, "mse": 2066.952392578125, "rmse": 45.46374811405374, "r2": 0.9523401280044689}