{"mae": 0.080112986266613, "mse": 0.00968238990753889, "rmse": 0.09839913570524332, "r2": 0.8499093753294453}