{"mae": 21.750259399414062, "mse": 880.4697265625, "rmse": 29.672710131743948, "r2": 0.9436981754632692}