{"mae": 17.459901809692383, "mse": 511.17010498046875, "rmse": 22.60907129849585, "r2": 0.9084329596697533}