{"mae": 19.271080017089844, "mse": 542.5562744140625, "rmse": 23.29283740582204, "r2": 0.9421147396413218}