{"mae": 28.979734420776367, "mse": 1363.188720703125, "rmse": 36.92138568232678, "r2": 0.8908658746601128}