{"mae": 0.04644690081477165, "mse": 0.005246153101325035, "rmse": 0.07243033274343723, "r2": 0.9163944872476145}