{"mae": 130.26597595214844, "mse": 26766.443359375, "rmse": 163.60453343161063, "r2": 0.6630891578112983}