{"mae": 36.00396728515625, "mse": 2171.59814453125, "rmse": 46.600409274289106, "r2": 0.8962075236125284}