{"mae": 12.830405235290527, "mse": 241.65943908691406, "rmse": 15.545399290044436, "r2": 0.9925441324064102}