{"mae": 11.9400634765625, "mse": 260.81109619140625, "rmse": 16.14964693705117, "r2": 0.9937339496003036}