{"mae": 0.07254154980182648, "mse": 0.010801260359585285, "rmse": 0.1039291121851105, "r2": 0.7555059491557441}