{"mae": 37.63307189941406, "mse": 1589.1478271484375, "rmse": 39.86411666870117, "r2": 0.25763142108917236}