{"mae": 11.802891731262207, "mse": 200.2102508544922, "rmse": 14.149567161383143, "r2": 0.9308915951260082}