{"mae": 47.8210563659668, "mse": 3112.160400390625, "rmse": 55.78674036355436, "r2": 0.9499509550426783}