{"mae": 0.13424789905548096, "mse": 0.021621862426400185, "rmse": 0.14704374969005585, "r2": -0.2324521541595459}