{"mae": 79.0729751586914, "mse": 10472.4794921875, "rmse": 102.33513322504398, "r2": 0.9370176709877885}