{"mae": 55.23556900024414, "mse": 6073.3583984375, "rmse": 77.93175475014982, "r2": 0.8685951091559792}