{"mae": 0.001987069845199585, "mse": 1.053477080859011e-05, "rmse": 0.0032457311172038317, "r2": 0.9911335706710815}