{"mae": 90.19483184814453, "mse": 14202.1083984375, "rmse": 119.17259919309262, "r2": 0.9111216244445226}