{"mae": 8.685261726379395, "mse": 105.13339233398438, "rmse": 10.253457579469687, "r2": -7.200867208547711}