{"mae": 97.71356201171875, "mse": 12580.736328125, "rmse": 112.16388156677264, "r2": 0.9521472180302057}