{"mae": 0.0038121088873595, "mse": 6.15544049651362e-05, "rmse": 0.00784566153776316, "r2": 0.9691094021836469}