{"mae": 0.017043044790625572, "mse": 0.00040754972724244, "rmse": 0.020187860888227854, "r2": 0.8181744086547201}