{"mae": 6.193990230560303, "mse": 60.34171676635742, "rmse": 7.767993097728487, "r2": 0.981370705212424}