{"mae": 0.025091048330068588, "mse": 0.0009540935861878097, "rmse": 0.030888405368160555, "r2": 0.9870852657250281}