{"mae": 0.07047782093286514, "mse": 0.008258402347564697, "rmse": 0.09087575227022171, "r2": 0.875442385673523}