{"mae": 15.028728485107422, "mse": 368.3644104003906, "rmse": 19.192821502685547, "r2": 0.9782333970069885}