{"mae": 0.012349288910627365, "mse": 0.00020522282284218818, "rmse": 0.014325600117444992, "r2": 0.8827134370803833}