{"mae": 0.02742895297706127, "mse": 0.001295286463573575, "rmse": 0.03599008917808533, "r2": 0.8281955718994141}