{"mae": 0.06817658990621567, "mse": 0.009528142400085926, "rmse": 0.09761220415545346, "r2": 0.815010024235461}