{"mae": 92.09223937988281, "mse": 11095.416015625, "rmse": 105.33477783203125, "r2": -0.4803590774536133}