{"mae": 0.11543358117341995, "mse": 0.013658328913152218, "rmse": 0.11686885356903076, "r2": -2.31014084815979}