{"mae": 0.028390325605869293, "mse": 0.0012194819282740355, "rmse": 0.034921079874038696, "r2": 0.9805334806442261}