{"mae": 0.07368279248476028, "mse": 0.008702210150659084, "rmse": 0.0932856374296659, "r2": 0.84390572992248}