{"mae": 19.250059127807617, "mse": 721.7097778320312, "rmse": 26.864656448364258, "r2": 0.9544344544410706}