{"mae": 264.4696960449219, "mse": 79671.953125, "rmse": 282.26220703125, "r2": -2.7971889972686768}