{"mae": 119.27043914794922, "mse": 16673.29296875, "rmse": 129.12510681152344, "r2": -59.61991500854492}