{"mae": 20.824901580810547, "mse": 1274.7935791015625, "rmse": 35.70425155498379, "r2": 0.7196384254106888}