{"mae": 0.46236687898635864, "mse": 0.3475036025047302, "rmse": 0.5894943475723267, "r2": 0.9999994039535522}