{"mae": 24.838956832885742, "mse": 992.1804809570312, "rmse": 31.498896503798846, "r2": 0.9828491654192878}