{"mae": 17.302234649658203, "mse": 439.1727294921875, "rmse": 20.956448398814803, "r2": 0.9893215627589892}