{"mae": 0.07047697901725769, "mse": 0.01282249391078949, "rmse": 0.11323645133431853, "r2": 0.6786124961432816}