{"mae": 0.013655026443302631, "mse": 0.00022453507699538022, "rmse": 0.014984495006501675, "r2": 0.9004570245742798}