{"mae": 0.010446043685078621, "mse": 0.00021995829592924565, "rmse": 0.014830991063622338, "r2": 0.9971062302361964}