{"mae": 34.65854263305664, "mse": 1669.438720703125, "rmse": 40.85876553082735, "r2": -1.9405967737325596}