{"mae": 0.041123874485492706, "mse": 0.005314195528626442, "rmse": 0.07289852898808344, "r2": 0.9115813452079344}