{"mae": 20.982545852661133, "mse": 707.1019287109375, "rmse": 26.591388243394466, "r2": 0.9797660451641507}