{"mae": 0.014512862078845501, "mse": 0.00033540307777002454, "rmse": 0.018314013153048255, "r2": 0.9953083172420496}