{"mae": 23.53767204284668, "mse": 870.092041015625, "rmse": 29.497322607579573, "r2": 0.918480329815405}