{"mae": 0.03309956565499306, "mse": 0.002143993740901351, "rmse": 0.04630328002314038, "r2": -0.42076784233904485}