{"mae": 0.2166919708251953, "mse": 0.05848293751478195, "rmse": 0.24183246493339539, "r2": -2.7938833236694336}