{"mae": 250.53860473632812, "mse": 71864.421875, "rmse": 268.0754033383145, "r2": 0.8624768967569761}