{"mae": 139.24887084960938, "mse": 25441.224609375, "rmse": 159.5030517578125, "r2": 0.693731427192688}