{"mae": 0.082076795399189, "mse": 0.01137449685484171, "rmse": 0.10665128623153923, "r2": 0.8000936625935862}