{"mae": 19.65374183654785, "mse": 737.2177124023438, "rmse": 27.151753394621565, "r2": 0.976144410227678}