{"mae": 4.855598449707031, "mse": 42.72724914550781, "rmse": 6.536608382449404, "r2": 0.9866531632600611}