{"mae": 195.8890380859375, "mse": 68902.28125, "rmse": 262.492431640625, "r2": 0.8612093925476074}