{"mae": 41.00973129272461, "mse": 3052.57861328125, "rmse": 55.25014582135734, "r2": 0.7863131645248717}