{"mae": 42.43043899536133, "mse": 2745.829833984375, "rmse": 52.400666350575875, "r2": 0.9486422656247645}