{"mae": 0.26499056816101074, "mse": 0.07698770612478256, "rmse": 0.2774665951728821, "r2": -0.46127986907958984}