{"mae": 0.03236468881368637, "mse": 0.0020188100170344114, "rmse": 0.0449311697714895, "r2": 0.9653148484762691}