{"mae": 0.03366553783416748, "mse": 0.003059054259210825, "rmse": 0.055308717750557415, "r2": 0.9414937927660869}