{"mae": 6.654182434082031, "mse": 72.71302032470703, "rmse": 8.527192992111004, "r2": 0.9741321503906473}