{"mae": 125.84443664550781, "mse": 20664.18359375, "rmse": 143.75042724609375, "r2": 0.7313098311424255}