{"mae": 0.05843253433704376, "mse": 0.007632185239344835, "rmse": 0.08736237885580289, "r2": 0.8775098113747948}