{"mae": 37.067325592041016, "mse": 2558.198974609375, "rmse": 50.578641486395966, "r2": 0.8751572371209548}