{"mae": 65.69955444335938, "mse": 6805.283203125, "rmse": 82.49414041691082, "r2": 0.45992991426521723}