{"mae": 53.17448806762695, "mse": 4949.37451171875, "rmse": 70.35179110526434, "r2": 0.8331930749405487}