{"mae": 0.1693378984928131, "mse": 0.03422624245285988, "rmse": 0.18500335795022715, "r2": 0.016675076588896998}