{"mae": 20.093042373657227, "mse": 601.2433471679688, "rmse": 24.52026401097608, "r2": 0.9899269117087043}