{"mae": 0.05580040439963341, "mse": 0.004619175102561712, "rmse": 0.06796451355348401, "r2": 0.9189565768988327}