{"mae": 52.245323181152344, "mse": 4747.58349609375, "rmse": 68.90271036827035, "r2": 0.8957049620249073}