{"mae": 1.1253745555877686, "mse": 1.905260443687439, "rmse": 1.3803117275238037, "r2": 0.9999545216560364}