{"mae": 0.03646604344248772, "mse": 0.003199557540938258, "rmse": 0.05656463153719167, "r2": 0.9570825508064951}