{"mae": 0.08404067903757095, "mse": 0.022767294198274612, "rmse": 0.1508883535861969, "r2": -0.12983477115631104}