{"mae": 18.232093811035156, "mse": 466.404052734375, "rmse": 21.596389807890926, "r2": 0.9535444080900383}