{"mae": 17.03803825378418, "mse": 421.28643798828125, "rmse": 20.5252628326416, "r2": 0.9939967393875122}