{"mae": 0.020083779469132423, "mse": 0.0009655302856117487, "rmse": 0.031072983210688812, "r2": 0.17774443150404529}