{"mae": 0.08842384070158005, "mse": 0.014328460209071636, "rmse": 0.11970154941082001, "r2": 0.7321034669876099}