{"mae": 15.467082023620605, "mse": 414.22576904296875, "rmse": 20.352537155151367, "r2": 0.9772430062294006}