{"mae": 29.037567138671875, "mse": 1591.257568359375, "rmse": 39.890569917705804, "r2": -1.7382667718389255}