{"mae": 0.27325358986854553, "mse": 0.08393832296133041, "rmse": 0.2897211015224457, "r2": -0.2316117286682129}