{"mae": 12.258315086364746, "mse": 257.7711486816406, "rmse": 16.05525299338633, "r2": 0.9905359326099618}