{"mae": 18.741619110107422, "mse": 570.576416015625, "rmse": 23.88674142731957, "r2": 0.9912878463686721}