{"mae": 0.022056719288229942, "mse": 0.0007047304534353316, "rmse": 0.02654675975397622, "r2": 0.20929777492830437}