{"mae": 0.08020604401826859, "mse": 0.010521069169044495, "rmse": 0.10257226228713989, "r2": 0.8698030710220337}