{"mae": 8.133474349975586, "mse": 103.19528198242188, "rmse": 10.158507862005221, "r2": 0.9597891766938798}