{"mae": 40.89500045776367, "mse": 2253.5693359375, "rmse": 47.47177505493164, "r2": 0.6680611371994019}