{"mae": 96.04638671875, "mse": 11608.267578125, "rmse": 107.74166870117188, "r2": -62.54044723510742}