{"mae": 0.010354168713092804, "mse": 0.00013898001634515822, "rmse": 0.01178897824138403, "r2": 0.916826069355011}