{"mae": 14.455363273620605, "mse": 521.7054443359375, "rmse": 22.84087223238065, "r2": 0.9889021897921106}