{"mae": 0.09210607409477234, "mse": 0.008859981782734394, "rmse": 0.09412747621536255, "r2": -0.9231911897659302}