{"mae": 0.10459516197443008, "mse": 0.0194958858191967, "rmse": 0.13962766853026193, "r2": 0.4630368110461742}