{"mae": 33.57963562011719, "mse": 1594.213623046875, "rmse": 39.92760477472791, "r2": 0.8482231381654781}