{"mae": 11.36363410949707, "mse": 223.5381317138672, "rmse": 14.951191902160645, "r2": 0.9708977341651917}