{"mae": 0.1327052265405655, "mse": 0.026595890522003174, "rmse": 0.16308246540325289, "r2": 0.17497790323856577}