{"mae": 0.01645113155245781, "mse": 0.0005627885111607611, "rmse": 0.02372316402086284, "r2": -0.22580725267851287}