{"mae": 0.14527153968811035, "mse": 0.045571327209472656, "rmse": 0.21347441816169135, "r2": 0.01788633978548193}