{"mae": 0.0623929537832737, "mse": 0.006832021754235029, "rmse": 0.08265604487413507, "r2": 0.9021577022801495}