{"mae": 0.011230943724513054, "mse": 0.0001754744298523292, "rmse": 0.013246675953269005, "r2": 0.9543998837471008}