{"mae": 77.4958724975586, "mse": 9034.5986328125, "rmse": 95.05050569467004, "r2": 0.9419968251488802}