{"mae": 0.0271172933280468, "mse": 0.0013647695304825902, "rmse": 0.03694278746843338, "r2": 0.9832360744476318}