{"mae": 0.05736660212278366, "mse": 0.005806357599794865, "rmse": 0.07619945931432102, "r2": 0.8846664926246115}