{"mae": 19.966115951538086, "mse": 690.0595703125, "rmse": 26.268985748291016, "r2": 0.7414896488189697}