{"mae": 18.400371551513672, "mse": 492.8105773925781, "rmse": 22.199337005615234, "r2": 0.9900648593902588}