{"mae": 34.13356018066406, "mse": 1701.403564453125, "rmse": 41.24807346353433, "r2": 0.9209958339937097}