{"mae": 0.06491483002901077, "mse": 0.010142984800040722, "rmse": 0.10071238652738164, "r2": 0.7505477786678407}