{"mae": 50.553287506103516, "mse": 4978.8447265625, "rmse": 70.56092917870697, "r2": 0.8621479649131786}