{"mae": 0.0391266904771328, "mse": 0.0028353885281831026, "rmse": 0.05324836643675656, "r2": 0.9428737063734416}