{"mae": 42.109127044677734, "mse": 5851.6015625, "rmse": 76.49576172900038, "r2": 0.909216401485652}