{"mae": 0.24730591475963593, "mse": 0.08222387731075287, "rmse": 0.2867470615555683, "r2": -20.898198601670675}