{"mae": 27.970638275146484, "mse": 1325.178955078125, "rmse": 36.40300750732422, "r2": 0.4942517876625061}