{"mae": 21.33833122253418, "mse": 671.733154296875, "rmse": 25.917815384342774, "r2": 0.9854493446023589}