{"mae": 57.01555633544922, "mse": 8344.9208984375, "rmse": 91.35054016113281, "r2": 0.9693456292152405}