{"mae": 0.046456482261419296, "mse": 0.005352947395294905, "rmse": 0.07316383719444275, "r2": 0.9049294590950012}