{"mae": 0.07397820055484772, "mse": 0.012347590178251266, "rmse": 0.11111971102487293, "r2": 0.7465585027410038}