{"mae": 63.48646926879883, "mse": 8654.8134765625, "rmse": 93.03125, "r2": 0.5908551251205403}