{"mae": 0.018471181392669678, "mse": 0.000448082631919533, "rmse": 0.02116796239413546, "r2": 0.6257941695510509}