{"mae": 0.4579119086265564, "mse": 0.22173558175563812, "rmse": 0.47088807821273804, "r2": -8.973189353942871}