{"mae": 0.06410383433103561, "mse": 0.00776170939207077, "rmse": 0.0881005640848614, "r2": 0.901630739967689}