{"mae": 24.167617797851562, "mse": 1293.3800048828125, "rmse": 35.963592529296875, "r2": 0.5917089581489563}