{"mae": 0.01321666780859232, "mse": 0.0002511221682652831, "rmse": 0.015846834644978255, "r2": 0.7019794476717296}