{"mae": 16.154052734375, "mse": 355.2691955566406, "rmse": 18.848586036003883, "r2": 0.9758485568004353}