{"mae": 0.006793539505451918, "mse": 8.21397261461243e-05, "rmse": 0.009063096940126168, "r2": 0.9478887198108317}