{"mae": 28.977561950683594, "mse": 1607.627685546875, "rmse": 40.095232703488264, "r2": 0.9962399527121542}