{"mae": 10.823756217956543, "mse": 328.7996826171875, "rmse": 18.132834379026008, "r2": 0.9918176048780736}