{"mae": 57.17572021484375, "mse": 5302.73486328125, "rmse": 72.8198795884836, "r2": 0.5239903416492375}