{"mae": 0.1283821016550064, "mse": 0.022566212341189384, "rmse": 0.15022054566932375, "r2": 0.6870821826126445}