{"mae": 98.53028106689453, "mse": 19020.232421875, "rmse": 137.9138641357422, "r2": 0.5097088813781738}