{"mae": 0.007152765989303589, "mse": 8.985276508610696e-05, "rmse": 0.009479069842875247, "r2": 0.9605385655002805}