{"mae": 0.0512998029589653, "mse": 0.008236418478190899, "rmse": 0.09075471758842468, "r2": 0.8777455687522888}