{"mae": 14.669672012329102, "mse": 327.8824768066406, "rmse": 18.10752541919079, "r2": 0.9930361755991327}