{"mae": 0.07803849130868912, "mse": 0.009650752879679203, "rmse": 0.09823824550387289, "r2": 0.8931143786477926}