{"mae": 0.07257488369941711, "mse": 0.013871680945158005, "rmse": 0.11777810007333755, "r2": 0.8238110542297363}