{"mae": 41.60807418823242, "mse": 2753.8291015625, "rmse": 52.4769401550293, "r2": 0.8570175766944885}