{"mae": 0.24757252633571625, "mse": 0.0803975760936737, "rmse": 0.283544659614563, "r2": -0.36630260944366455}