{"mae": 0.036241620779037476, "mse": 0.002055591205134988, "rmse": 0.0453386281787946, "r2": 0.9520584908361731}