{"mae": 0.06326020509004593, "mse": 0.009817969053983688, "rmse": 0.09908566623926163, "r2": 0.8356114029884338}