{"mae": 0.06443922966718674, "mse": 0.006434703711420298, "rmse": 0.08021660149097443, "r2": 0.9101912975311279}