{"mae": 24.415109634399414, "mse": 1098.0927734375, "rmse": 33.13748290738903, "r2": 0.9723607375137796}