{"mae": 0.0881776362657547, "mse": 0.012064359150826931, "rmse": 0.10983787666750906, "r2": 0.8615764307110032}