{"mae": 111.12244415283203, "mse": 16014.1123046875, "rmse": 126.546875, "r2": 0.7522915005683899}