{"mae": 0.07515277713537216, "mse": 0.007649237755686045, "rmse": 0.08745992085341744, "r2": 0.8491802249767564}