{"mae": 141.05960083007812, "mse": 29235.912109375, "rmse": 170.98512268066406, "r2": -0.38398802280426025}