{"mae": 0.24696078896522522, "mse": 0.08833612501621246, "rmse": 0.2972139381257421, "r2": -11.398910781496761}