{"mae": 1.6010648012161255, "mse": 9.30341911315918, "rmse": 3.0501506328582764, "r2": 0.9998137354850769}