{"mae": 45.249168395996094, "mse": 3377.457763671875, "rmse": 58.11589940517031, "r2": 0.6987049948863098}