{"mae": 35.12765884399414, "mse": 1878.6588134765625, "rmse": 43.343497937713366, "r2": 0.5656691537403455}