{"mae": 27.694149017333984, "mse": 1277.1697998046875, "rmse": 35.737512501637376, "r2": 0.9956339617768892}