{"mae": 41.97683334350586, "mse": 2575.315673828125, "rmse": 50.74756815679078, "r2": 0.9542212512917896}