{"mae": 0.14939044415950775, "mse": 0.03201770782470703, "rmse": 0.17893493175506592, "r2": -0.031160593032836914}