{"mae": 31.420700073242188, "mse": 2031.837158203125, "rmse": 45.075904846191406, "r2": 0.9168392419815063}