{"mae": 34.98795700073242, "mse": 1939.5362548828125, "rmse": 44.04016638118903, "r2": 0.8757144696755942}