{"mae": 0.057766642421483994, "mse": 0.004605385474860668, "rmse": 0.06786299046505885, "r2": 0.9414321142741563}