{"mae": 0.007616937160491943, "mse": 0.0001085004405467771, "rmse": 0.010416354052722454, "r2": 0.9363639950752258}