{"mae": 0.5852986574172974, "mse": 0.6188193559646606, "rmse": 0.7866507172584534, "r2": 0.9999769330024719}