{"mae": 0.07570254057645798, "mse": 0.009556945413351059, "rmse": 0.09775963425636292, "r2": 0.8517871499061584}