{"mae": 13.38828182220459, "mse": 325.1835632324219, "rmse": 18.032846786695156, "r2": 0.8775227703142304}