{"mae": 11.084580421447754, "mse": 183.00465393066406, "rmse": 13.52792127160208, "r2": 0.977140918455216}