{"mae": 20.157901763916016, "mse": 591.5626831054688, "rmse": 24.322061654092334, "r2": 0.9784979858150974}