{"mae": 7.9249958992004395, "mse": 103.1505126953125, "rmse": 10.156304086394444, "r2": 0.9692610334989883}