{"mae": 46.180686950683594, "mse": 3556.098876953125, "rmse": 59.63303511438207, "r2": 0.6969798338330406}