{"mae": 35.82294464111328, "mse": 2134.3740234375, "rmse": 46.19928596242046, "r2": 0.8323287801117005}