{"mae": 0.06465575098991394, "mse": 0.005588523577898741, "rmse": 0.0747564283382957, "r2": 0.9157763171391702}