{"mae": 38.09703826904297, "mse": 1947.72412109375, "rmse": 44.13302755413172, "r2": -3.0085339018540056}