{"mae": 34.14128494262695, "mse": 1813.1136474609375, "rmse": 42.58067222885211, "r2": 0.8455501017854234}