{"mae": 48.065147399902344, "mse": 3748.597900390625, "rmse": 61.22579440391627, "r2": 0.9512212289018137}