{"mae": 0.08283486217260361, "mse": 0.010675150901079178, "rmse": 0.10332062185778393, "r2": 0.8381693816930835}