{"mae": 0.12492506951093674, "mse": 0.022836437448859215, "rmse": 0.15111729502677917, "r2": 0.6628882884979248}