{"mae": 0.04277005046606064, "mse": 0.0026482532266527414, "rmse": 0.05146118253469467, "r2": 0.949042797088623}