{"mae": 0.06284570693969727, "mse": 0.006158388685435057, "rmse": 0.07847540178575103, "r2": 0.9052730948235951}