{"mae": 42.91306686401367, "mse": 4822.0478515625, "rmse": 69.44096666638865, "r2": 0.8338490745878999}