{"mae": 0.08874770253896713, "mse": 0.01143349427729845, "rmse": 0.10692751880268452, "r2": 0.8083859486314111}