{"mae": 67.37554931640625, "mse": 8371.3193359375, "rmse": 91.49491426269276, "r2": 0.9349363550567552}