{"mae": 17.480693817138672, "mse": 483.3648681640625, "rmse": 21.98556137084961, "r2": 0.9862912893295288}