{"mae": 0.07694361358880997, "mse": 0.018207481130957603, "rmse": 0.13493509969966155, "r2": 0.6207028990942547}