{"mae": 1.0792628526687622, "mse": 1.8289979696273804, "rmse": 1.3524044752120972, "r2": 0.9999655485153198}