{"mae": 0.05875908583402634, "mse": 0.006953062489628792, "rmse": 0.08338502557191424, "r2": 0.8799717266291115}