{"mae": 17.06294822692871, "mse": 502.4696044921875, "rmse": 22.415834426879883, "r2": 0.9943335652351379}