{"mae": 27.172109603881836, "mse": 1239.05029296875, "rmse": 35.20014620663883, "r2": 0.9573308755527283}