{"mae": 24.139341354370117, "mse": 1424.257568359375, "rmse": 37.73933714785376, "r2": 0.9644085449981492}