{"mae": 30.211936950683594, "mse": 1208.15966796875, "rmse": 34.75859128285768, "r2": -1.9293489061548752}