{"mae": 41.373653411865234, "mse": 4028.768798828125, "rmse": 63.47258304833769, "r2": 0.8873508934168397}