{"mae": 0.061088114976882935, "mse": 0.005745442118495703, "rmse": 0.07579869470179353, "r2": 0.9103335703467863}