{"mae": 106.44060516357422, "mse": 16598.783203125, "rmse": 128.8362579345703, "r2": 0.7165416479110718}