{"mae": 109.45841217041016, "mse": 14732.68359375, "rmse": 121.37826538085938, "r2": 0.4294569492340088}