{"mae": 0.011820091865956783, "mse": 0.00023432695888914168, "rmse": 0.015307742170989513, "r2": 0.8927595019340515}