{"mae": 0.10173987597227097, "mse": 0.010660668835043907, "rmse": 0.10325051844120026, "r2": -2.70863938331604}