{"mae": 0.07340146601200104, "mse": 0.00852149073034525, "rmse": 0.09231191873550415, "r2": 0.8156824111938477}