{"mae": 13.67884635925293, "mse": 348.6453552246094, "rmse": 18.672047429904666, "r2": 0.8632981218361436}