{"mae": 32.17958450317383, "mse": 1649.96044921875, "rmse": 40.619705183799034, "r2": 0.8745899779367798}