{"mae": 0.05518604442477226, "mse": 0.007014811504632235, "rmse": 0.08375447155007447, "r2": 0.8230331405513794}