{"mae": 0.1379995048046112, "mse": 0.01982034742832184, "rmse": 0.14078475534915924, "r2": 0.7814170718193054}