{"mae": 0.014666656032204628, "mse": 0.00030244269873946905, "rmse": 0.01739087887108326, "r2": 0.8988521099090576}