{"mae": 0.005860886536538601, "mse": 6.2495433667209e-05, "rmse": 0.007905405014753342, "r2": 0.9619503617286682}