{"mae": 48.86799621582031, "mse": 4886.03271484375, "rmse": 69.9001624808108, "r2": 0.781944525887488}