{"mae": 52.06180191040039, "mse": 4354.2431640625, "rmse": 65.9866892946032, "r2": 0.9171025059151943}