{"mae": 44.233028411865234, "mse": 3399.656982421875, "rmse": 58.30657752279647, "r2": -0.8581109599778589}