{"mae": 1.5756127834320068, "mse": 24.282045364379883, "rmse": 4.9276814460754395, "r2": 0.9996480941772461}