{"mae": 25.265106201171875, "mse": 978.4158935546875, "rmse": 31.279640197753906, "r2": 0.9039777517318726}