{"mae": 0.07462035119533539, "mse": 0.00764630688354373, "rmse": 0.08744316373247099, "r2": 0.8573298495432726}