{"mae": 0.06934056431055069, "mse": 0.007183231879025698, "rmse": 0.08475394546985626, "r2": 0.8472280502319336}