{"mae": 8.590483665466309, "mse": 108.56209564208984, "rmse": 10.419313430786133, "r2": 0.9548318386077881}