{"mae": 0.39634329080581665, "mse": 0.32038065791130066, "rmse": 0.5660218000411987, "r2": 0.9999755024909973}