{"mae": 19.701231002807617, "mse": 645.695068359375, "rmse": 25.410530658751995, "r2": 0.9837557031739675}