{"mae": 55.709224700927734, "mse": 8131.88623046875, "rmse": 90.1769717304188, "r2": 0.7464892607115596}