{"mae": 0.022020136937499046, "mse": 0.0012010849313810468, "rmse": 0.03465667224909291, "r2": 0.42413339317910015}