{"mae": 0.24604840576648712, "mse": 0.09509126096963882, "rmse": 0.30836870945288664, "r2": -11.988156567655006}