{"mae": 0.046153005212545395, "mse": 0.0036803027614951134, "rmse": 0.06066549941897392, "r2": 0.9190846681594849}