{"mae": 0.0826302021741867, "mse": 0.009727797470986843, "rmse": 0.09862959384918213, "r2": 0.780062198638916}