{"mae": 74.45446014404297, "mse": 7165.7919921875, "rmse": 84.6510009765625, "r2": 0.23964643478393555}