{"mae": 0.08861033618450165, "mse": 0.012675483711063862, "rmse": 0.11258545070773515, "r2": 0.8272680199772193}