{"mae": 2.7318172454833984, "mse": 21.724687576293945, "rmse": 4.660974979400635, "r2": 0.9963746666908264}