{"mae": 0.28897958993911743, "mse": 0.11216890811920166, "rmse": 0.33491627031125504, "r2": -18.579796606664956}