{"mae": 0.0708986148238182, "mse": 0.009090815670788288, "rmse": 0.09534576535224915, "r2": 0.7868713736534119}