{"mae": 53.1398811340332, "mse": 4135.40478515625, "rmse": 64.30711302147104, "r2": 0.9249344220088259}