{"mae": 12.805092811584473, "mse": 276.4382019042969, "rmse": 16.626430822768214, "r2": 0.9093371756611228}