{"mae": 65.06574249267578, "mse": 6794.1513671875, "rmse": 82.42664233843024, "r2": 0.8685983566101755}