{"mae": 32.26909255981445, "mse": 2711.099853515625, "rmse": 52.06822204589844, "r2": 0.9085207581520081}