{"mae": 18.776363372802734, "mse": 510.540283203125, "rmse": 22.59513848603555, "r2": 0.972850105259}