{"mae": 0.04842996597290039, "mse": 0.006839866284281015, "rmse": 0.08270348411210386, "r2": 0.9032004490415892}