{"mae": 0.07014259696006775, "mse": 0.007080972194671631, "rmse": 0.08414851273000391, "r2": 0.8852403962514708}