{"mae": 18.553897857666016, "mse": 685.2953491210938, "rmse": 26.178146403462062, "r2": 0.8469638178824584}