{"mae": 6.627045631408691, "mse": 123.99545288085938, "rmse": 11.135324552111598, "r2": 0.9919247736788979}