{"mae": 104.69267272949219, "mse": 14513.44140625, "rmse": 120.47174526107771, "r2": 0.9420074930131513}