{"mae": 0.023888541385531425, "mse": 0.0006492114043794572, "rmse": 0.02547962724176822, "r2": 0.08765552385085595}