{"mae": 193.84066772460938, "mse": 56266.8671875, "rmse": 237.2063751220703, "r2": 0.5926836729049683}