{"mae": 0.09772749990224838, "mse": 0.013131680898368359, "rmse": 0.11459354649529073, "r2": 0.7652486842626998}