{"mae": 204.91514587402344, "mse": 69240.4921875, "rmse": 263.1358816039728, "r2": -0.5098995841132097}