{"mae": 0.2118927538394928, "mse": 0.07469850778579712, "rmse": 0.27331027388572693, "r2": -0.5670158863067627}