{"mae": 0.15064889192581177, "mse": 0.024746090173721313, "rmse": 0.157308900491108, "r2": 0.5967378570240192}