{"mae": 11.926280975341797, "mse": 218.52877807617188, "rmse": 14.782718899991702, "r2": 0.99171254883375}