{"mae": 24.958003997802734, "mse": 901.7732543945312, "rmse": 30.029539696680853, "r2": 0.9292079360987782}