{"mae": 0.03426961228251457, "mse": 0.0013432902051135898, "rmse": 0.03665092365976047, "r2": -2.1886322555826303}