{"mae": 0.01966015435755253, "mse": 0.0008700957405380905, "rmse": 0.029497385316974968, "r2": 0.3020558510385217}