{"mae": 21.508644104003906, "mse": 719.4969482421875, "rmse": 26.823440276038184, "r2": 0.9609363293378563}