{"mae": 58.1285514831543, "mse": 6527.07177734375, "rmse": 80.79029506904743, "r2": 0.8210066493385366}