{"mae": 11.944172859191895, "mse": 258.0744934082031, "rmse": 16.064697115358356, "r2": 0.9841318904718181}