{"mae": 0.045094676315784454, "mse": 0.002720917109400034, "rmse": 0.052162410885617946, "r2": -0.08483828828534401}