{"mae": 7.468148231506348, "mse": 89.11092376708984, "rmse": 9.43985824931126, "r2": 0.9695193048865174}