{"mae": 29.271862030029297, "mse": 1350.572021484375, "rmse": 36.75012969970703, "r2": 0.9954854846000671}