{"mae": 40.32421875, "mse": 2544.969482421875, "rmse": 50.447690555880506, "r2": 0.489165001074948}