{"mae": 0.6295487880706787, "mse": 0.47437912225723267, "rmse": 0.6887518763542175, "r2": -25.43143081665039}