{"mae": 347.65399169921875, "mse": 122672.140625, "rmse": 350.2458190917969, "r2": -8.645602226257324}