{"mae": 0.03288508951663971, "mse": 0.002180027775466442, "rmse": 0.046690765768289566, "r2": 0.9581916928291321}