{"mae": 0.03671647608280182, "mse": 0.001464812085032463, "rmse": 0.03827286355934793, "r2": -0.5538212083507557}