{"mae": 42.093910217285156, "mse": 4447.2001953125, "rmse": 66.68733159538249, "r2": 0.9263148742708015}