{"mae": 40.71291732788086, "mse": 2512.492919921875, "rmse": 50.12477493286133, "r2": -0.9344800710678101}