{"mae": 28.990825653076172, "mse": 1229.6070556640625, "rmse": 35.065753316648745, "r2": 0.9501327669239144}