{"mae": 23.50025749206543, "mse": 1010.8673706054688, "rmse": 31.794140507418483, "r2": 0.686733594825572}