{"mae": 0.08922630548477173, "mse": 0.013903701677918434, "rmse": 0.11791395879164789, "r2": 0.848869684746581}