{"mae": 2.3718950748443604, "mse": 19.121728897094727, "rmse": 4.37283992767334, "r2": 0.9995748400688171}