{"mae": 18.793678283691406, "mse": 487.0161437988281, "rmse": 22.06844226035966, "r2": 0.9522535478095089}