{"mae": 0.07803370803594589, "mse": 0.009823573753237724, "rmse": 0.09911394328366582, "r2": 0.797940309893875}