{"mae": 72.36426544189453, "mse": 10569.052734375, "rmse": 102.80590057373047, "r2": 0.9661572575569153}