{"mae": 26.934782028198242, "mse": 1242.4774169921875, "rmse": 35.24879312816522, "r2": 0.7069179943168311}