{"mae": 0.005310641601681709, "mse": 0.000137829571031034, "rmse": 0.011740083806216717, "r2": 0.9633769392967224}