{"mae": 0.07919711619615555, "mse": 0.01052669808268547, "rmse": 0.10259969532489777, "r2": 0.8402111530303955}