{"mae": 103.59252166748047, "mse": 16993.591796875, "rmse": 130.3594714505816, "r2": 0.9744895646509704}