{"mae": 0.003514173673465848, "mse": 0.00019134960894007236, "rmse": 0.01383291743695736, "r2": 0.8505427241325378}