{"mae": 24.66819190979004, "mse": 820.872802734375, "rmse": 28.65087787022197, "r2": 0.9742058179609906}