{"mae": 0.006310706026852131, "mse": 6.835722888354212e-05, "rmse": 0.008267843164503574, "r2": 0.9277500510215759}