{"mae": 35.11637496948242, "mse": 2258.028076171875, "rmse": 47.51871290525318, "r2": 0.9882069898189783}