{"mae": 69.97239685058594, "mse": 6506.70166015625, "rmse": 80.66413116455078, "r2": -1.2448558807373047}