{"mae": 0.021992776542901993, "mse": 0.0011258970480412245, "rmse": 0.03355438940051248, "r2": 0.08726525363339477}