{"mae": 37.9565544128418, "mse": 1861.8231201171875, "rmse": 43.14884948730469, "r2": 0.7225080728530884}