{"mae": 8.756016731262207, "mse": 121.53857421875, "rmse": 11.024453163146973, "r2": 0.9903871417045593}