{"mae": 19.285411834716797, "mse": 614.4817504882812, "rmse": 24.78874241441629, "r2": 0.996814990567655}