{"mae": 0.0466846339404583, "mse": 0.004482175689190626, "rmse": 0.06694905293721955, "r2": 0.9057970589578859}