{"mae": 0.08039651811122894, "mse": 0.010561598464846611, "rmse": 0.10276963785499398, "r2": 0.8892776306449185}