{"mae": 7.005513668060303, "mse": 97.66504669189453, "rmse": 9.882562759319798, "r2": 0.9946443945398666}