{"mae": 0.02857389859855175, "mse": 0.000941106176469475, "rmse": 0.030677453878532275, "r2": 0.008776253222266939}