{"mae": 35.40020751953125, "mse": 1635.720458984375, "rmse": 40.44404108128137, "r2": 0.9657051453736104}