{"mae": 31.46654510498047, "mse": 1781.3236083984375, "rmse": 42.205729568370664, "r2": -0.8718490716969605}