{"mae": 0.5447185039520264, "mse": 0.32981520891189575, "rmse": 0.5742954015731812, "r2": -13.985458374023438}