{"mae": 130.13839721679688, "mse": 22063.24609375, "rmse": 148.53701782226562, "r2": 0.7121073603630066}