{"mae": 0.09084801375865936, "mse": 0.01331824529916048, "rmse": 0.11540470224024878, "r2": 0.8214143408009305}