{"mae": 25.46743392944336, "mse": 1189.5577392578125, "rmse": 34.489965776408255, "r2": 0.9163979386863131}