{"mae": 12.359125137329102, "mse": 278.95654296875, "rmse": 16.70199203491211, "r2": 0.9879989624023438}