{"mae": 0.03772339969873428, "mse": 0.002617283258587122, "rmse": 0.05115939071751267, "r2": 0.9536951416647015}