{"mae": 0.053573861718177795, "mse": 0.006768150720745325, "rmse": 0.08226877123638912, "r2": 0.868891241861694}