{"mae": 0.09100767225027084, "mse": 0.01680012233555317, "rmse": 0.12961528588693993, "r2": 0.7202347737453225}