{"mae": 0.05821229889988899, "mse": 0.00522006768733263, "rmse": 0.07225003589848679, "r2": 0.9319257895636387}