{"mae": 0.0529630221426487, "mse": 0.005732963792979717, "rmse": 0.07571633768863703, "r2": 0.9086670136675798}