{"mae": 29.027267456054688, "mse": 2062.1015625, "rmse": 45.410369873046875, "r2": 0.9568219780921936}