{"mae": 0.030023086816072464, "mse": 0.0025196033529937267, "rmse": 0.05019564926624298, "r2": 0.9437072277069092}