{"mae": 0.007153554353863001, "mse": 8.789805724518374e-05, "rmse": 0.009375396378030304, "r2": 0.9464540967390276}