{"mae": 0.09241721779108047, "mse": 0.008722278289496899, "rmse": 0.09339313954114914, "r2": -1.6977248191833496}