{"mae": 0.07558926939964294, "mse": 0.011920454911887646, "rmse": 0.10918083786964417, "r2": 0.8242111206054688}