{"mae": 0.06534425914287567, "mse": 0.006011627148836851, "rmse": 0.07753468352187201, "r2": 0.8944509774988938}