{"mae": 0.009259968996047974, "mse": 0.0001695031824056059, "rmse": 0.013019338785268855, "r2": 0.9016340027193949}