{"mae": 0.0175586249679327, "mse": 0.0007407946977764368, "rmse": 0.02721754393358146, "r2": 0.3201426865681739}