{"mae": 12.90805721282959, "mse": 275.0961608886719, "rmse": 16.586023058246116, "r2": 0.9850851152441781}