{"mae": 0.008205709047615528, "mse": 0.0001806604996090755, "rmse": 0.01344100069225039, "r2": 0.8104578499691599}