{"mae": 0.072429358959198, "mse": 0.008993451483547688, "rmse": 0.09483380615711212, "r2": 0.8687789440155029}