{"mae": 29.114099502563477, "mse": 1192.4638671875, "rmse": 34.532070126007504, "r2": 0.9400843874452073}