{"mae": 0.04803977906703949, "mse": 0.0036849621683359146, "rmse": 0.06070388923566524, "r2": -12.852330413760447}