{"mae": 0.021419184282422066, "mse": 0.0005987653858028352, "rmse": 0.024469682946801186, "r2": 0.7356476187705994}