{"mae": 14.81434154510498, "mse": 343.2859802246094, "rmse": 18.52797830915746, "r2": 0.9717258597086305}