{"mae": 0.1264391392469406, "mse": 0.02988746203482151, "rmse": 0.17287990639406742, "r2": 0.2401820194833426}