{"mae": 0.05106526240706444, "mse": 0.004431594628840685, "rmse": 0.0665702223777771, "r2": 0.9433809518814087}