{"mae": 31.50620460510254, "mse": 1548.5882568359375, "rmse": 39.352106129608075, "r2": 0.9385778351745804}