{"mae": 0.012931411154568195, "mse": 0.0003005711769219488, "rmse": 0.01733698869244451, "r2": 0.9960010062785589}