{"mae": 131.92352294921875, "mse": 20824.52734375, "rmse": 144.3070526123047, "r2": 0.21306800842285156}