{"mae": 106.77891540527344, "mse": 19908.76953125, "rmse": 141.09843915242294, "r2": 0.317479633209628}