{"mae": 0.0320376493036747, "mse": 0.001568873063661158, "rmse": 0.039609002305803644, "r2": -7.8861310092516135}