{"mae": 0.029985012486577034, "mse": 0.0017371518770232797, "rmse": 0.041679155081510544, "r2": 0.9779323935508728}