{"mae": 21.32872200012207, "mse": 856.3116455078125, "rmse": 29.262803104074163, "r2": 0.9432112627126702}