{"mae": 0.08828621357679367, "mse": 0.010619054548442364, "rmse": 0.10304879397153854, "r2": 0.7638641595840454}