{"mae": 0.00888399314135313, "mse": 0.00026762826018966734, "rmse": 0.016359347850084305, "r2": 0.9194191098213196}