{"mae": 0.23966234922409058, "mse": 0.07755269855260849, "rmse": 0.27848285145159024, "r2": -11.014302795113167}