{"mae": 103.9378433227539, "mse": 17412.603515625, "rmse": 131.9568244374841, "r2": 0.9565947181554183}