{"mae": 0.05901379510760307, "mse": 0.005421016830950975, "rmse": 0.07362755483479656, "r2": 0.9158649418935663}