{"mae": 0.0420558899641037, "mse": 0.0024368283338844776, "rmse": 0.04936424144949943, "r2": 0.13001057828754636}