{"mae": 16.44148063659668, "mse": 540.5540771484375, "rmse": 23.24981886270165, "r2": 0.9695022335498216}