{"mae": 41.528377532958984, "mse": 2731.624755859375, "rmse": 52.26494767872034, "r2": 0.3910244021771099}