{"mae": 57.25409698486328, "mse": 5743.0283203125, "rmse": 75.78277060330072, "r2": 0.889879406537716}