{"mae": 123.4147720336914, "mse": 17837.09765625, "rmse": 133.55560302734375, "r2": -11.692444801330566}