{"mae": 25.847562789916992, "mse": 1140.9185791015625, "rmse": 33.77748627564761, "r2": 0.8884306357381324}