{"mae": 23.034379959106445, "mse": 1002.1708984375, "rmse": 31.657082911056413, "r2": 0.942080176774263}