{"mae": 0.03913138434290886, "mse": 0.0031633235048502684, "rmse": 0.05624343077062661, "r2": 0.9597187739336707}