{"mae": 0.12381482124328613, "mse": 0.022724250331521034, "rmse": 0.15074564516544342, "r2": 0.3790299892425537}