{"mae": 0.5007184743881226, "mse": 0.30066123604774475, "rmse": 0.5483258366584778, "r2": 0.02467799186706543}