{"mae": 44.7238655090332, "mse": 3673.516357421875, "rmse": 60.60953903198242, "r2": 0.7617790102958679}