{"mae": 16.65376091003418, "mse": 444.6014709472656, "rmse": 21.085574949411875, "r2": 0.9868774865457247}