{"mae": 0.05894583463668823, "mse": 0.005469686351716518, "rmse": 0.07395732791087384, "r2": 0.9162010133264697}