{"mae": 0.03602248802781105, "mse": 0.0023092946503311396, "rmse": 0.048055119812488556, "r2": 0.9553880095481873}