{"mae": 0.03042984940111637, "mse": 0.0010292489314451814, "rmse": 0.03208190972253961, "r2": 0.24564770066966723}