{"mae": 31.1908016204834, "mse": 1438.7164306640625, "rmse": 37.93041564053922, "r2": 0.969890553305074}