{"mae": 0.099123515188694, "mse": 0.01383291743695736, "rmse": 0.11761342371072002, "r2": 0.7788738379340819}