{"mae": 0.10541418939828873, "mse": 0.013413784094154835, "rmse": 0.11581788957118988, "r2": 0.7681974768638611}