{"mae": 41.94939422607422, "mse": 2776.545654296875, "rmse": 52.692937423310106, "r2": 0.40059063964015706}