{"mae": 2.165203809738159, "mse": 6.9228973388671875, "rmse": 2.6311399314493307, "r2": 0.8617342213079277}