{"mae": 0.05866618826985359, "mse": 0.005791866686195135, "rmse": 0.07610431450446903, "r2": 0.9175355159193384}