{"mae": 0.061579909175634384, "mse": 0.007785503752529621, "rmse": 0.0882355016562473, "r2": 0.8748624479968169}