{"mae": 11.287277221679688, "mse": 195.35446166992188, "rmse": 13.97692604509024, "r2": 0.9927464017249124}