{"mae": 34.833343505859375, "mse": 1836.8179931640625, "rmse": 42.8581146711339, "r2": 0.9621790938739091}