{"mae": 0.06428619474172592, "mse": 0.009050771594047546, "rmse": 0.09513554327404425, "r2": 0.8831703636093746}