{"mae": 12.901617050170898, "mse": 267.61688232421875, "rmse": 16.359000040473706, "r2": 0.9923006996853049}