{"mae": 0.02229078859090805, "mse": 0.0007922903168946505, "rmse": 0.028147652745246887, "r2": 0.19975680112838745}