{"mae": 0.160795196890831, "mse": 0.03553030267357826, "rmse": 0.1884948346071538, "r2": -2.3432378402742775}