{"mae": 29.096826553344727, "mse": 2437.040771484375, "rmse": 49.36639313829171, "r2": -0.48016893016081785}