{"mae": 13.153162002563477, "mse": 280.8222961425781, "rmse": 16.757753372192383, "r2": 0.9815987944602966}