{"mae": 67.2921371459961, "mse": 7182.31689453125, "rmse": 84.74855098779713, "r2": -1.0662662553380438}