{"mae": 17.202789306640625, "mse": 589.896240234375, "rmse": 24.287778854370117, "r2": 0.9906989336013794}