{"mae": 26.720022201538086, "mse": 1006.7722778320312, "rmse": 31.729675035083975, "r2": -0.5419509201383239}