{"mae": 0.03769240155816078, "mse": 0.003130570752546191, "rmse": 0.05595150357717111, "r2": 0.961764481297883}