{"mae": 43.20099639892578, "mse": 2800.15087890625, "rmse": 52.91645187374386, "r2": 0.9555942754786595}