{"mae": 60.39079284667969, "mse": 6348.984375, "rmse": 79.68051439969499, "r2": 0.8770622482860343}