{"mae": 0.055037595331668854, "mse": 0.00604888703674078, "rmse": 0.07777459120265937, "r2": 0.9016827539931674}