{"mae": 0.029209455475211143, "mse": 0.001137122861109674, "rmse": 0.03372125236567696, "r2": -0.8560882727186807}