{"mae": 123.76441192626953, "mse": 21112.103515625, "rmse": 145.3000465093697, "r2": 0.6188223951003182}