{"mae": 230.6274871826172, "mse": 74509.0625, "rmse": 272.9634704589844, "r2": 0.7656384706497192}