{"mae": 13.003539085388184, "mse": 301.85455322265625, "rmse": 17.373961932232277, "r2": 0.886700834035632}