{"mae": 0.2299807220697403, "mse": 0.0905894786119461, "rmse": 0.3009808659553528, "r2": 0.9999997019767761}