{"mae": 0.4190541207790375, "mse": 0.23914845287799835, "rmse": 0.48902806639671326, "r2": 0.9999867677688599}