{"mae": 0.0573963038623333, "mse": 0.008894450031220913, "rmse": 0.09431039195773132, "r2": 0.7890669805000499}