{"mae": 0.3041795790195465, "mse": 0.11396629363298416, "rmse": 0.33758893609046936, "r2": -21.437973022460938}