{"mae": 0.6404045820236206, "mse": 0.41654667258262634, "rmse": 0.6454042792320251, "r2": -2.7867050170898438}