{"mae": 35.430381774902344, "mse": 1904.8289794921875, "rmse": 43.64434647800546, "r2": 0.5318290566845878}