{"mae": 0.3071856200695038, "mse": 0.12379956245422363, "rmse": 0.35185161993974623, "r2": -6.583625406433422}