{"mae": 0.009998450055718422, "mse": 0.00015541230095550418, "rmse": 0.012466447427868843, "r2": 0.9205302000045776}