{"mae": 0.13726948201656342, "mse": 0.03170575201511383, "rmse": 0.17806109068270315, "r2": -0.3565162489490048}