{"mae": 35.06971740722656, "mse": 1786.615966796875, "rmse": 42.2683802244287, "r2": -3.366537199681278}