{"mae": 0.05387895181775093, "mse": 0.005691051948815584, "rmse": 0.07543906116075136, "r2": 0.8971358126033859}