{"mae": 78.16047668457031, "mse": 8227.5390625, "rmse": 90.70578296062496, "r2": 0.9548022894021062}