{"mae": 0.0269339457154274, "mse": 0.0010353554971516132, "rmse": 0.032176940456662646, "r2": -4.091599691114741}