{"mae": 0.02020091377198696, "mse": 0.0006196055910550058, "rmse": 0.02489187754690647, "r2": 0.9911855459213257}