{"mae": 143.8919677734375, "mse": 24373.826171875, "rmse": 156.12118530273438, "r2": -18.13663673400879}