{"mae": 82.40479278564453, "mse": 9210.92578125, "rmse": 95.97357177734375, "r2": -9.529777526855469}