{"mae": 0.08260879665613174, "mse": 0.013446250930428505, "rmse": 0.11595797053427809, "r2": 0.7823757600666508}