{"mae": 0.011644457466900349, "mse": 0.00016257357492577285, "rmse": 0.012750434689223766, "r2": 0.8104202747344971}