{"mae": 0.024022653698921204, "mse": 0.0009097530855797231, "rmse": 0.030162112787365913, "r2": 0.9886712431907654}