{"mae": 18.783405303955078, "mse": 660.164306640625, "rmse": 25.69366277198767, "r2": 0.9880707818989367}