{"mae": 0.07076729089021683, "mse": 0.00719658425077796, "rmse": 0.08483268385933548, "r2": 0.8740251317991099}