{"mae": 0.041623588651418686, "mse": 0.002882925793528557, "rmse": 0.053692884743213654, "r2": 0.9619263410568237}