{"mae": 361.6716003417969, "mse": 133206.4375, "rmse": 364.9745788574219, "r2": -7.027812957763672}