{"mae": 6.807280540466309, "mse": 80.6231918334961, "rmse": 8.979041810432564, "r2": 0.9840992788997076}