{"mae": 40.58464431762695, "mse": 2261.274169921875, "rmse": 47.5528564453125, "r2": -4.163614273071289}