{"mae": 0.07514206320047379, "mse": 0.008166620507836342, "rmse": 0.09036935602202963, "r2": 0.847724629210918}