{"mae": 18.51628875732422, "mse": 533.2732543945312, "rmse": 23.092709983770447, "r2": 0.9536210883003499}