{"mae": 0.062368568032979965, "mse": 0.009664399549365044, "rmse": 0.09830767797768923, "r2": 0.7738653751990628}