{"mae": 0.008852995000779629, "mse": 0.00014056531654205173, "rmse": 0.011856024483023461, "r2": 0.9254807095268623}