{"mae": 107.82808685302734, "mse": 14841.9970703125, "rmse": 121.8277359008789, "r2": 0.7642039060592651}