{"mae": 130.13719177246094, "mse": 19805.712890625, "rmse": 140.73277282714844, "r2": 0.7221786975860596}