{"mae": 0.09919228404760361, "mse": 0.011845319531857967, "rmse": 0.10883620381355286, "r2": 0.7931719422340393}