{"mae": 0.20540453493595123, "mse": 0.07400877773761749, "rmse": 0.2720455527305603, "r2": -4.812801361083984}