{"mae": 18.437705993652344, "mse": 541.8952026367188, "rmse": 23.27864262874274, "r2": 0.9683336721195072}