{"mae": 8.944503784179688, "mse": 127.3369369506836, "rmse": 11.284366607666016, "r2": 0.9923078417778015}