{"mae": 13.079545974731445, "mse": 271.8137512207031, "rmse": 16.486775040034455, "r2": 0.9722803095473768}