{"mae": 394.9885559082031, "mse": 169425.375, "rmse": 411.6131286621094, "r2": -2.472830057144165}