{"mae": 0.02766576036810875, "mse": 0.0014194330433383584, "rmse": 0.0376753638779821, "r2": 0.9797719054707428}