{"mae": 0.16023559868335724, "mse": 0.04359060898423195, "rmse": 0.20878364145755768, "r2": 0.46373575925827026}