{"mae": 81.70121002197266, "mse": 10260.04296875, "rmse": 101.29187020067306, "r2": 0.7117324322682625}