{"mae": 0.037725795060396194, "mse": 0.0021823637653142214, "rmse": 0.04671577736735344, "r2": 0.9635319709777832}