{"mae": 0.18125158548355103, "mse": 0.0675920695066452, "rmse": 0.2599847486039233, "r2": -9.65475608779211}