{"mae": 16.008668899536133, "mse": 408.61932373046875, "rmse": 20.214334610134184, "r2": 0.9678910136615417}