{"mae": 21.061023712158203, "mse": 802.8685302734375, "rmse": 28.33493480270314, "r2": 0.9865590921832901}