{"mae": 0.1259535551071167, "mse": 0.02010398544371128, "rmse": 0.1417885273694992, "r2": 0.6600083112716675}