{"mae": 6.155101776123047, "mse": 60.620025634765625, "rmse": 7.785886310161844, "r2": 0.9750830361789186}