{"mae": 0.14263367652893066, "mse": 0.02547353506088257, "rmse": 0.15960430777670936, "r2": 0.532419532459841}