{"mae": 0.07439171522855759, "mse": 0.0076521290466189384, "rmse": 0.08747644852541134, "r2": 0.8401510835816975}