{"mae": 17.03168487548828, "mse": 439.4820251464844, "rmse": 20.963826586443716, "r2": 0.9734799353932287}