{"mae": 11.71238899230957, "mse": 215.9283905029297, "rmse": 14.69450205018631, "r2": 0.9861058479936009}