{"mae": 97.72624206542969, "mse": 14935.4443359375, "rmse": 122.21065557445267, "r2": 0.948831342317116}