{"mae": 0.010696781799197197, "mse": 0.00022148294374346733, "rmse": 0.014882303038960983, "r2": 0.9048761639304728}