{"mae": 45.94302749633789, "mse": 3529.3271484375, "rmse": 59.40814042231502, "r2": -0.6551543694544832}