{"mae": 0.09297987073659897, "mse": 0.012343775480985641, "rmse": 0.11110254377126694, "r2": 0.7751572728157043}