{"mae": 1.1900123357772827, "mse": 2.1745738983154297, "rmse": 1.4746437072753906, "r2": 0.9999678730964661}