{"mae": 84.40333557128906, "mse": 10392.53125, "rmse": 101.94376513549027, "r2": 0.6299869651796649}