{"mae": 0.12121464312076569, "mse": 0.021621912717819214, "rmse": 0.14704391360282898, "r2": -0.08369886875152588}