{"mae": 26.52610969543457, "mse": 938.7322387695312, "rmse": 30.63873755182369, "r2": 0.9713528102313541}