{"mae": 0.059056203812360764, "mse": 0.006048654671758413, "rmse": 0.07777309735222336, "r2": 0.9063409645837539}