{"mae": 33.99055099487305, "mse": 1761.5494384765625, "rmse": 41.97081650952912, "r2": 0.8738008121273064}