{"mae": 18.301013946533203, "mse": 547.6616821289062, "rmse": 23.40217259420386, "r2": 0.9556629053898942}