{"mae": 84.96176147460938, "mse": 8757.6767578125, "rmse": 93.58245849609375, "r2": -0.007938861846923828}