{"mae": 0.09486033767461777, "mse": 0.014159073121845722, "rmse": 0.11899190359787393, "r2": 0.7123706785459529}