{"mae": 0.24398019909858704, "mse": 0.08188291639089584, "rmse": 0.2861519113878079, "r2": -37.764860304877956}