{"mae": 10.936909675598145, "mse": 201.8941192626953, "rmse": 14.208945274353027, "r2": 0.9745587706565857}