{"mae": 463.9571228027344, "mse": 310556.3125, "rmse": 557.2758178710938, "r2": -2.800630807876587}