{"mae": 40.79513168334961, "mse": 2444.098876953125, "rmse": 49.43782840045793, "r2": 0.9605321206021131}