{"mae": 0.07922497391700745, "mse": 0.009370661340653896, "rmse": 0.09680217632188802, "r2": 0.8109267681942038}