{"mae": 0.029039224609732628, "mse": 0.0011701486073434353, "rmse": 0.034207433462142944, "r2": 0.984212338924408}