{"mae": 12.929450035095215, "mse": 276.5660705566406, "rmse": 16.630275721004768, "r2": 0.8597072283401345}