{"mae": 120.0409164428711, "mse": 17194.09765625, "rmse": 131.1262664794922, "r2": -0.33236193656921387}