{"mae": 180.84596252441406, "mse": 71280.375, "rmse": 266.9838562011719, "r2": -1.7916374206542969}