{"mae": 0.04153873771429062, "mse": 0.004075564444065094, "rmse": 0.06384014758805852, "r2": 0.8907885918177041}