{"mae": 0.029082845896482468, "mse": 0.001007721177302301, "rmse": 0.03174462438433161, "r2": -1.681438224789682}