{"mae": 0.06480327248573303, "mse": 0.006349240895360708, "rmse": 0.07968212406406287, "r2": 0.9203531804959386}