{"mae": 7.906952381134033, "mse": 105.46637725830078, "rmse": 10.269682884216309, "r2": 0.9534830451011658}