{"mae": 0.014801503159105778, "mse": 0.0003251564921811223, "rmse": 0.018032096326351166, "r2": 0.8403081297874451}