{"mae": 169.26414489746094, "mse": 38235.12890625, "rmse": 195.53805541992188, "r2": 0.5969061851501465}