{"mae": 0.014498163014650345, "mse": 0.0005103101721033454, "rmse": 0.0225900458632413, "r2": 0.5299558106508406}