{"mae": 25.52978515625, "mse": 1018.2021484375, "rmse": 31.90928077697754, "r2": 0.9774042367935181}