{"mae": 10.121150970458984, "mse": 161.55520629882812, "rmse": 12.710436820983887, "r2": 0.986355721950531}