{"mae": 0.11772114038467407, "mse": 0.027983926236629486, "rmse": 0.16728396713733673, "r2": 0.11039018630981445}