{"mae": 95.68821716308594, "mse": 10732.4658203125, "rmse": 103.59761810302734, "r2": -128.59471130371094}