{"mae": 0.029586872085928917, "mse": 0.0010125598637387156, "rmse": 0.03182074580739294, "r2": -1.1467169724931727}