{"mae": 84.57601165771484, "mse": 9018.357421875, "rmse": 94.96503448486328, "r2": -0.2241448163986206}