{"mae": 0.013261317275464535, "mse": 0.00020039433729834855, "rmse": 0.014156070537865162, "r2": 0.8516578674316406}