{"mae": 0.36245372891426086, "mse": 0.1494523584842682, "rmse": 0.3865906894207001, "r2": -1.1298425197601318}