{"mae": 37.62650680541992, "mse": 1582.5421142578125, "rmse": 39.78117752075195, "r2": 0.8966251015663147}