{"mae": 0.18398979306221008, "mse": 0.06247830390930176, "rmse": 0.24995660405218695, "r2": -2.5227283017689333}