{"mae": 0.04830380901694298, "mse": 0.003362039104104042, "rmse": 0.05798309326091565, "r2": 0.9554778703121769}