{"mae": 0.14009509980678558, "mse": 0.032345470041036606, "rmse": 0.1798484641053034, "r2": -0.4270563943145622}