{"mae": 0.06623426824808121, "mse": 0.007918351329863071, "rmse": 0.08898511858655396, "r2": 0.878682099738268}