{"mae": 24.429399490356445, "mse": 1421.52587890625, "rmse": 37.70312823767081, "r2": 0.9755456780251783}