{"mae": 0.044952962547540665, "mse": 0.007826728746294975, "rmse": 0.08846879750490189, "r2": 0.8292030096054077}