{"mae": 8.685811042785645, "mse": 181.49856567382812, "rmse": 13.472140352365251, "r2": 0.9961329605629976}