{"mae": 133.0911865234375, "mse": 21302.205078125, "rmse": 145.95274353027344, "r2": -0.0015802383422851562}