{"mae": 30.109060287475586, "mse": 1735.8037109375, "rmse": 41.66297770128175, "r2": 0.9685693367910779}