{"mae": 3.1612114906311035, "mse": 13.226004600524902, "rmse": 3.6367574294314573, "r2": 0.7053033119367726}