{"mae": 32.194786071777344, "mse": 2220.328857421875, "rmse": 47.12036563336362, "r2": 0.9227139210809425}