{"mae": 32.85173034667969, "mse": 1634.6495361328125, "rmse": 40.430799350653615, "r2": 0.9964817581083365}