{"mae": 243.32040405273438, "mse": 68869.375, "rmse": 262.42975250531333, "r2": 0.8691128155655667}