{"mae": 0.16867272555828094, "mse": 0.06294023245573044, "rmse": 0.2508789300918579, "r2": -6.13986873626709}