{"mae": 0.030858641490340233, "mse": 0.0014307278906926513, "rmse": 0.03782496228814125, "r2": 0.9835061430931091}