{"mae": 5.498897552490234, "mse": 62.18337631225586, "rmse": 7.885643684079053, "r2": 0.9551042001058155}