{"mae": 21.809162139892578, "mse": 971.908447265625, "rmse": 31.17544622400175, "r2": 0.8140532848999391}