{"mae": 0.059671398252248764, "mse": 0.008595461025834084, "rmse": 0.09271170943975449, "r2": 0.8901553153991699}