{"mae": 0.09995928406715393, "mse": 0.01370040699839592, "rmse": 0.11704873770526499, "r2": 0.7281222190027671}