{"mae": 22.089746475219727, "mse": 915.8539428710938, "rmse": 30.263078872961582, "r2": 0.5563342373678536}