{"mae": 11.301916122436523, "mse": 177.1930694580078, "rmse": 13.311388969421387, "r2": 0.9877221584320068}