{"mae": 0.0152535829693079, "mse": 0.00026667097699828446, "rmse": 0.016330063343048096, "r2": 0.8950404524803162}