{"mae": 0.26202160120010376, "mse": 0.09315082430839539, "rmse": 0.3052061996558972, "r2": -19.648856613364224}