{"mae": 9.880444526672363, "mse": 152.37567138671875, "rmse": 12.344054222106934, "r2": 0.991338849067688}