{"mae": 20.780933380126953, "mse": 753.1514892578125, "rmse": 27.443605616934022, "r2": 0.984279535132575}