{"mae": 20.070659637451172, "mse": 620.8197021484375, "rmse": 24.91625377436258, "r2": 0.9631038540995343}