{"mae": 23.162437438964844, "mse": 796.2847290039062, "rmse": 28.218517303466797, "r2": 0.8247449398040771}