{"mae": 36.01521682739258, "mse": 2525.1181640625, "rmse": 50.250553868216215, "r2": 0.9607752060502337}