{"mae": 0.06923974305391312, "mse": 0.008231219835579395, "rmse": 0.09072607010602951, "r2": 0.7885426878929138}