{"mae": 0.04510290175676346, "mse": 0.004236885346472263, "rmse": 0.06509136153493998, "r2": 0.9377557349746395}