{"mae": 0.04149743169546127, "mse": 0.0026096838992089033, "rmse": 0.05108506605029106, "r2": 0.9641097784042358}