{"mae": 0.23622095584869385, "mse": 0.0594378225505352, "rmse": 0.24379873275756836, "r2": -0.7741214036941528}