{"mae": 49.756195068359375, "mse": 3455.60595703125, "rmse": 58.784402327754, "r2": 0.9251886722576441}