{"mae": 1.6400673389434814, "mse": 4.630198955535889, "rmse": 2.151789665222168, "r2": 0.9999274611473083}