{"mae": 47.425819396972656, "mse": 4114.97265625, "rmse": 64.14805263022409, "r2": 0.9855745379509093}