{"mae": 68.56733703613281, "mse": 13050.48046875, "rmse": 114.23869952319136, "r2": 0.668582547997433}