{"mae": 0.00745068583637476, "mse": 9.35472926357761e-05, "rmse": 0.009671984937735176, "r2": 0.9502902051227887}