{"mae": 0.08864046633243561, "mse": 0.014044716954231262, "rmse": 0.11851040863245414, "r2": 0.4056114488927087}