{"mae": 0.09315277636051178, "mse": 0.011840053834021091, "rmse": 0.10881201177835464, "r2": 0.8346877098083496}