{"mae": 63.495849609375, "mse": 8280.291015625, "rmse": 90.996104398073, "r2": 0.8435443494310387}