{"mae": 0.08667397499084473, "mse": 0.012273097410798073, "rmse": 0.11078400909900665, "r2": 0.6838251352310181}