{"mae": 0.056395843625068665, "mse": 0.005439840257167816, "rmse": 0.0737552727414645, "r2": 0.9026980862990124}