{"mae": 67.96897888183594, "mse": 6614.7578125, "rmse": 81.33116138664195, "r2": 0.970515038606039}