{"mae": 32.68095397949219, "mse": 1648.6866455078125, "rmse": 40.60402252865857, "r2": 0.8399199514810518}