{"mae": 54.26688003540039, "mse": 4358.63623046875, "rmse": 66.01996842220352, "r2": 0.9125212150769345}