{"mae": 58.18116760253906, "mse": 3939.022705078125, "rmse": 62.761634021734366, "r2": 0.6132800287193525}