{"mae": 0.7429137825965881, "mse": 0.8537437915802002, "rmse": 0.923982560634613, "r2": 0.999953031539917}