{"mae": 8.030146598815918, "mse": 107.32857513427734, "rmse": 10.359950537250521, "r2": 0.9935709365928548}