{"mae": 525.4055786132812, "mse": 303676.65625, "rmse": 551.0686645507812, "r2": -2.721550941467285}