{"mae": 13.308740615844727, "mse": 323.40167236328125, "rmse": 17.98337173461914, "r2": 0.9926360249519348}