{"mae": 16.63556671142578, "mse": 418.3674621582031, "rmse": 20.45403290694046, "r2": 0.9849325959072399}