{"mae": 0.02662404254078865, "mse": 0.001979854889214039, "rmse": 0.04449556033149868, "r2": 0.9642265321805761}