{"mae": 122.03824615478516, "mse": 17994.1796875, "rmse": 134.1423797607422, "r2": -29.42413330078125}