{"mae": 0.05505375564098358, "mse": 0.005990451667457819, "rmse": 0.07739800959825516, "r2": 0.8999287486076355}