{"mae": 0.05553319677710533, "mse": 0.010168935172259808, "rmse": 0.10084113829315795, "r2": 0.7663023084832818}