{"mae": 0.10886865854263306, "mse": 0.02666500210762024, "rmse": 0.1632942259311676, "r2": 0.44917070865631104}