{"mae": 0.005716901272535324, "mse": 9.179151675198227e-05, "rmse": 0.009580789133906364, "r2": 0.8993951082229614}