{"mae": 3.1080362796783447, "mse": 14.746419906616211, "rmse": 3.840106725692749, "r2": 0.9982035756111145}