{"mae": 46.4272575378418, "mse": 3927.939208984375, "rmse": 62.673274993896484, "r2": 0.7714210152626038}