{"mae": 3.1046979427337646, "mse": 45.56315612792969, "rmse": 6.750048637390137, "r2": 0.9921585321426392}