{"mae": 0.563289999961853, "mse": 0.3250133693218231, "rmse": 0.570099413394928, "r2": -6.448163986206055}