{"mae": 0.1442076563835144, "mse": 0.0452180840075016, "rmse": 0.21264544200970215, "r2": -0.09082411009690472}