{"mae": 0.004085493739694357, "mse": 2.9349983378779143e-05, "rmse": 0.005417562494219992, "r2": 0.9820000197667313}