{"mae": 11.030511856079102, "mse": 189.58917236328125, "rmse": 13.76913840308395, "r2": 0.9439357275776561}