{"mae": 0.06452842056751251, "mse": 0.008554288186132908, "rmse": 0.09248939499279314, "r2": 0.8339586804968021}