{"mae": 0.05876925587654114, "mse": 0.0057584065943956375, "rmse": 0.07588416563681541, "r2": 0.930128352707214}