{"mae": 31.225536346435547, "mse": 1941.718505859375, "rmse": 44.06493377685547, "r2": -1.0931503772735596}