{"mae": 94.31167602539062, "mse": 13514.3955078125, "rmse": 116.2514322828433, "r2": 0.9590258221222219}