{"mae": 0.3068016469478607, "mse": 0.09499082714319229, "rmse": 0.30820581316947937, "r2": -0.016045093536376953}