{"mae": 267.1844482421875, "mse": 143216.328125, "rmse": 378.4393310546875, "r2": -2.425199270248413}