{"mae": 0.1644788682460785, "mse": 0.05574735254049301, "rmse": 0.23610877990722656, "r2": -2.2572154998779297}