{"mae": 0.11328059434890747, "mse": 0.01932005025446415, "rmse": 0.13899658360716693, "r2": 0.3958545973143973}