{"mae": 0.17979465425014496, "mse": 0.05236120894551277, "rmse": 0.22882571816444397, "r2": 0.4079950451850891}