{"mae": 26.337366104125977, "mse": 1016.0206298828125, "rmse": 31.875078507869006, "r2": 0.19614421027170115}