{"mae": 99.18276977539062, "mse": 12555.146484375, "rmse": 112.04975128173828, "r2": -10.877761840820312}