{"mae": 0.006447221618145704, "mse": 8.56361657497473e-05, "rmse": 0.00925398152321577, "r2": 0.9448449015617371}