{"mae": 0.0642922893166542, "mse": 0.008008260279893875, "rmse": 0.08948888355485209, "r2": 0.8324413412586642}