{"mae": 111.64936828613281, "mse": 14109.509765625, "rmse": 118.78345489501953, "r2": -3.0332446098327637}