{"mae": 185.17161560058594, "mse": 46544.80859375, "rmse": 215.74246215820312, "r2": -0.36707472801208496}