{"mae": 0.06044134497642517, "mse": 0.007244778797030449, "rmse": 0.08511626634803977, "r2": 0.8672949191955195}