{"mae": 0.08803119510412216, "mse": 0.014033658429980278, "rmse": 0.11846374310302828, "r2": 0.5744499467540221}