{"mae": 0.5022460222244263, "mse": 0.25726500153541565, "rmse": 0.5072129964828491, "r2": -3.5726442337036133}