{"mae": 7.324847221374512, "mse": 92.55219268798828, "rmse": 9.6204050168373, "r2": 0.9867823131904654}