{"mae": 0.021645110100507736, "mse": 0.0005426314892247319, "rmse": 0.02329445189792479, "r2": 0.5858295217117533}