{"mae": 30.009462356567383, "mse": 1464.107177734375, "rmse": 38.26365348126568, "r2": -1.180368013454825}