{"mae": 25.901023864746094, "mse": 895.7659912109375, "rmse": 29.929349899291992, "r2": 0.9870296120643616}