{"mae": 34.463253021240234, "mse": 2225.585693359375, "rmse": 47.176113588969734, "r2": 0.9217082276394396}