{"mae": 13.690177917480469, "mse": 362.54644775390625, "rmse": 19.040653228759766, "r2": 0.9438909888267517}