{"mae": 78.99305725097656, "mse": 11251.4072265625, "rmse": 106.07265070018049, "r2": 0.8907309653403315}