{"mae": 10.623318672180176, "mse": 183.72825622558594, "rmse": 13.554639656795969, "r2": 0.988500253014039}