{"mae": 0.18657734990119934, "mse": 0.03625562787055969, "rmse": 0.1904091089963913, "r2": -16.74817657470703}