{"mae": 10.430154800415039, "mse": 319.07672119140625, "rmse": 17.862718751394095, "r2": 0.9532322397107322}