{"mae": 2.6033480167388916, "mse": 54.63315963745117, "rmse": 7.391424655914307, "r2": 0.9806774258613586}