{"mae": 0.09100545942783356, "mse": 0.012844403274357319, "rmse": 0.11333315170045047, "r2": 0.7141924161070563}