{"mae": 0.11779915541410446, "mse": 0.02183941937983036, "rmse": 0.1477816611756356, "r2": 0.46684408346216155}