{"mae": 40.65423583984375, "mse": 1958.840087890625, "rmse": 44.258785247802734, "r2": 0.9256714582443237}