{"mae": 0.09644234925508499, "mse": 0.015109291300177574, "rmse": 0.12291985722485027, "r2": 0.5303664177590228}