{"mae": 0.060607049614191055, "mse": 0.004999338649213314, "rmse": 0.07070600150774553, "r2": 0.9088855814996608}