{"mae": 36.4502067565918, "mse": 2590.827392578125, "rmse": 50.900170850186, "r2": 0.9378283766600514}