{"mae": 7.390411853790283, "mse": 96.29698181152344, "rmse": 9.813102557882672, "r2": 0.9945597760700068}