{"mae": 89.23959350585938, "mse": 13107.3310546875, "rmse": 114.48725280435154, "r2": 0.9307383913255642}