{"mae": 24.350534439086914, "mse": 1089.347900390625, "rmse": 33.00527079711095, "r2": 0.9339495014664911}