{"mae": 0.00792618840932846, "mse": 0.00021337892394512892, "rmse": 0.014607495628297329, "r2": 0.840101420879364}