{"mae": 154.548583984375, "mse": 37593.65234375, "rmse": 193.89082583699002, "r2": 0.7114162835595838}