{"mae": 0.07511209696531296, "mse": 0.008741920813918114, "rmse": 0.09349823963004926, "r2": 0.9000850280172356}