{"mae": 6.064676761627197, "mse": 48.654422760009766, "rmse": 6.975272178649902, "r2": 0.9937819242477417}