{"mae": 67.39117431640625, "mse": 7159.94287109375, "rmse": 84.61644563023047, "r2": -1.0709406511868211}