{"mae": 0.03661440685391426, "mse": 0.004250220954418182, "rmse": 0.06519371867303002, "r2": 0.9128585269883642}