{"mae": 0.04082639887928963, "mse": 0.0041713230311870575, "rmse": 0.0645857804101418, "r2": 0.9290338568853628}