{"mae": 59.68359375, "mse": 6941.29248046875, "rmse": 83.31442260742188, "r2": 0.9589036107063293}