{"mae": 48.545196533203125, "mse": 4732.42919921875, "rmse": 68.79265367187655, "r2": 0.8007898855386337}