{"mae": 51.902687072753906, "mse": 4799.8271484375, "rmse": 69.28078484282275, "r2": 0.8660015264726286}