{"mae": 0.021517930552363396, "mse": 0.0012113125994801521, "rmse": 0.03480391643881694, "r2": 0.44422805114155983}