{"mae": 0.02110760100185871, "mse": 0.0012037463020533323, "rmse": 0.03469504788517952, "r2": 0.982653796672821}