{"mae": 30.642940521240234, "mse": 1475.3050537109375, "rmse": 38.40969999506554, "r2": 0.9128029033731903}