{"mae": 6.398514270782471, "mse": 83.80889892578125, "rmse": 9.154720035357785, "r2": 0.9718797063240274}