{"mae": 210.61373901367188, "mse": 76891.0859375, "rmse": 277.29241954568465, "r2": 0.8168541904704674}