{"mae": 145.1064910888672, "mse": 27867.046875, "rmse": 166.93426513671875, "r2": 0.663176417350769}