{"mae": 0.061455078423023224, "mse": 0.005995430517941713, "rmse": 0.07743016542628404, "r2": 0.9373951086960667}