{"mae": 25.21351432800293, "mse": 1179.945068359375, "rmse": 34.35032850438806, "r2": 0.9345942461950211}