{"mae": 0.11155960708856583, "mse": 0.01678106188774109, "rmse": 0.12954173982143402, "r2": 0.4917166233062744}