{"mae": 0.05859803408384323, "mse": 0.009354744106531143, "rmse": 0.09671992610900373, "r2": 0.7805289469097461}