{"mae": 0.06956866383552551, "mse": 0.009221161715686321, "rmse": 0.09602688252925873, "r2": 0.8761958479881287}