{"mae": 81.43360137939453, "mse": 9250.0703125, "rmse": 96.17728424072266, "r2": -0.4207289218902588}