{"mae": 0.009409814141690731, "mse": 0.00016143159882631153, "rmse": 0.012705573533938226, "r2": 0.9237564876580379}