{"mae": 31.58171844482422, "mse": 1310.707275390625, "rmse": 36.20368957519531, "r2": 0.9824907183647156}