{"mae": 0.02263362891972065, "mse": 0.0006381982238963246, "rmse": 0.025262585455497713, "r2": 0.6911470181944539}