{"mae": 59.151371002197266, "mse": 5898.6904296875, "rmse": 76.80293242896067, "r2": 0.8723535064126938}