{"mae": 65.38528442382812, "mse": 7217.3525390625, "rmse": 84.95500302549874, "r2": 0.9655967649423961}