{"mae": 94.10311126708984, "mse": 13703.404296875, "rmse": 117.06154063942179, "r2": 0.3898119601374398}