{"mae": 0.010315300896763802, "mse": 0.00013616433716379106, "rmse": 0.011668947525322437, "r2": 0.8550891876220703}