{"mae": 0.09850768744945526, "mse": 0.017537474632263184, "rmse": 0.13242913060298775, "r2": 0.3978445203172295}