{"mae": 0.021794786676764488, "mse": 0.0010570163140073419, "rmse": 0.032511787308718385, "r2": 0.5338419478871849}