{"mae": 20.410924911499023, "mse": 610.4144287109375, "rmse": 24.706566509957177, "r2": 0.9664243560291319}