{"mae": 13.056290626525879, "mse": 432.4693908691406, "rmse": 20.795898414570615, "r2": 0.9687657381968401}