{"mae": 0.08409298956394196, "mse": 0.011501162312924862, "rmse": 0.10724347212266518, "r2": 0.7945963116871342}