{"mae": 0.20308950543403625, "mse": 0.07225441932678223, "rmse": 0.26880180835723877, "r2": -8.5676908493042}