{"mae": 25.822982788085938, "mse": 1088.9117431640625, "rmse": 32.998662748118484, "r2": 0.9678726892165015}