{"mae": 0.07540420442819595, "mse": 0.008145041763782501, "rmse": 0.09024988511783548, "r2": 0.8522608540038268}