{"mae": 0.056565821170806885, "mse": 0.0051326630637049675, "rmse": 0.07164260648318825, "r2": 0.9024234939963238}