{"mae": 23.884151458740234, "mse": 896.4276733398438, "rmse": 29.94040202368438, "r2": 0.9168637911877815}