{"mae": 50.09716033935547, "mse": 4497.93212890625, "rmse": 67.0666245528001, "r2": 0.8746277824727104}