{"mae": 0.07823856174945831, "mse": 0.012203366495668888, "rmse": 0.11046884853056489, "r2": 0.7828972787547277}