{"mae": 0.0737164318561554, "mse": 0.014458416029810905, "rmse": 0.12024315446615219, "r2": 0.8132948875427246}