{"mae": 0.18435980379581451, "mse": 0.06964945048093796, "rmse": 0.2639118233064558, "r2": -0.3525455412301801}