{"mae": 0.03190715238451958, "mse": 0.0020985810551792383, "rmse": 0.04581027237617386, "r2": 0.9708817136489652}