{"mae": 0.08487149327993393, "mse": 0.013688595034182072, "rmse": 0.11699826936404688, "r2": 0.7478617986685756}