{"mae": 0.0978100523352623, "mse": 0.013468276709318161, "rmse": 0.11605290478621447, "r2": 0.7642152460626098}