{"mae": 88.56758880615234, "mse": 12111.2783203125, "rmse": 110.05125315194053, "r2": 0.925267229312934}