{"mae": 0.039962608367204666, "mse": 0.0023664457257837057, "rmse": 0.04864612594246864, "r2": 0.9708506464958191}