{"mae": 158.87754821777344, "mse": 35883.32421875, "rmse": 189.42894239991418, "r2": 0.6584673919865669}