{"mae": 0.047703128308057785, "mse": 0.005699991248548031, "rmse": 0.07549828639477874, "r2": 0.9158025290443731}