{"mae": 0.057668447494506836, "mse": 0.0051440768875181675, "rmse": 0.07172221690416336, "r2": 0.9296957850456238}