{"mae": 0.04359110817313194, "mse": 0.0034803308080881834, "rmse": 0.0589943286095213, "r2": 0.9345342013112565}