{"mae": 44.26625061035156, "mse": 2653.593017578125, "rmse": 51.513038635253906, "r2": -0.5038102865219116}