{"mae": 0.1051662489771843, "mse": 0.014503215439617634, "rmse": 0.12042929643412202, "r2": 0.8018833335656889}