{"mae": 0.1639038473367691, "mse": 0.05382848531007767, "rmse": 0.2320096664151683, "r2": -0.36799941291530214}