{"mae": 0.07230719178915024, "mse": 0.006944884080439806, "rmse": 0.08333597332239151, "r2": 0.8888950347900391}