{"mae": 0.021564651280641556, "mse": 0.0008795621688477695, "rmse": 0.029657413387680482, "r2": 0.3663508099974082}