{"mae": 119.12368774414062, "mse": 15586.8359375, "rmse": 124.84725189208984, "r2": 0.8098099827766418}