{"mae": 0.051374051719903946, "mse": 0.003939257003366947, "rmse": 0.06276349723339081, "r2": 0.934468150138855}