{"mae": 0.022425102069973946, "mse": 0.0006633552839048207, "rmse": 0.025755684496918747, "r2": 0.19691877923463186}