{"mae": 25.682849884033203, "mse": 854.5738525390625, "rmse": 29.233095169067383, "r2": 0.9865166544914246}