{"mae": 0.009855561889708042, "mse": 0.0002777096815407276, "rmse": 0.01666462365433818, "r2": 0.8808316494717618}