{"mae": 48.618934631347656, "mse": 4753.72412109375, "rmse": 68.94725608096199, "r2": 0.5947817257316277}