{"mae": 59.73540496826172, "mse": 6847.25439453125, "rmse": 82.74813831459443, "r2": 0.6694833012477488}