{"mae": 0.06771402806043625, "mse": 0.008494464680552483, "rmse": 0.09216542019951128, "r2": 0.8495918062838772}