{"mae": 7.638763427734375, "mse": 103.6731185913086, "rmse": 10.181999734399358, "r2": 0.9927535711312816}