{"mae": 0.0666603296995163, "mse": 0.0069706919603049755, "rmse": 0.08349066989972577, "r2": 0.8867433454799981}