{"mae": 0.023753605782985687, "mse": 0.001163126085884869, "rmse": 0.034104634375475555, "r2": 0.05770397493340351}