{"mae": 26.912540435791016, "mse": 1442.267822265625, "rmse": 37.97719955444336, "r2": -0.7602771520614624}