{"mae": 0.02480369433760643, "mse": 0.0017268748488277197, "rmse": 0.04155568371267304, "r2": 0.49265796896446234}