{"mae": 10.388901710510254, "mse": 168.79263305664062, "rmse": 12.992021900252501, "r2": 0.987411684110047}