{"mae": 0.018042797222733498, "mse": 0.0007310382789000869, "rmse": 0.027037719558056054, "r2": 0.0468186664935174}