{"mae": 0.10135483741760254, "mse": 0.018043706193566322, "rmse": 0.13432686030864716, "r2": 0.6033004522323608}