{"mae": 0.20830021798610687, "mse": 0.05292524769902229, "rmse": 0.23005487975485825, "r2": -2.4673742084063313}