{"mae": 34.837955474853516, "mse": 2727.192138671875, "rmse": 52.22252520389908, "r2": 0.9454778174967824}