{"mae": 0.10150553286075592, "mse": 0.020995941013097763, "rmse": 0.14489976194976223, "r2": 0.4342191134668776}