{"mae": 0.0019340820144861937, "mse": 7.987554454302881e-06, "rmse": 0.0028262261766940355, "r2": 0.9934131503105164}