{"mae": 25.979795455932617, "mse": 1031.67236328125, "rmse": 32.11965696082774, "r2": 0.7763851140123281}