{"mae": 0.60989910364151, "mse": 2.570373058319092, "rmse": 1.6032383441925049, "r2": 0.9998389482498169}