{"mae": 0.03964603692293167, "mse": 0.002446409547701478, "rmse": 0.0494611923400708, "r2": 0.9594691512337432}