{"mae": 36.710968017578125, "mse": 2080.532958984375, "rmse": 45.61285957911842, "r2": 0.9577357052075812}