{"mae": 38.28517150878906, "mse": 2353.659423828125, "rmse": 48.51452796666299, "r2": 0.6241416174934928}