{"mae": 45.41883087158203, "mse": 5159.171875, "rmse": 71.827375526327, "r2": 0.8254501953212847}