{"mae": 0.11981610953807831, "mse": 0.02004403807222843, "rmse": 0.14157697558403015, "r2": 0.5337504148483276}