{"mae": 11.813761711120605, "mse": 217.9730224609375, "rmse": 14.763909457218217, "r2": 0.9024659824921961}