{"mae": 30.465742111206055, "mse": 1579.9013671875, "rmse": 39.74797312049383, "r2": -3.2380781997147015}