{"mae": 44.35841369628906, "mse": 2866.15576171875, "rmse": 53.53649000185528, "r2": 0.9529928740772905}