{"mae": 0.014695525169372559, "mse": 0.00031865222263149917, "rmse": 0.017850832547293114, "r2": 0.8672013120563397}