{"mae": 21.758174896240234, "mse": 679.6070556640625, "rmse": 26.06927416833968, "r2": 0.8707396152841951}