{"mae": 0.1090262234210968, "mse": 0.02230379730463028, "rmse": 0.14934455900577792, "r2": 0.43147283262810154}