{"mae": 8.91080379486084, "mse": 118.0661392211914, "rmse": 10.86582436914896, "r2": 0.9193433809313042}