{"mae": 33.09998321533203, "mse": 6632.904296875, "rmse": 81.4426442158836, "r2": 0.7819999535875576}