{"mae": 219.3943634033203, "mse": 90030.71875, "rmse": 300.05120849609375, "r2": -2.0553510189056396}