{"mae": 68.89361572265625, "mse": 5713.58447265625, "rmse": 75.58825618213619, "r2": -0.05270144715218894}