{"mae": 5.039430141448975, "mse": 47.743717193603516, "rmse": 6.909682857671799, "r2": 0.9972632951819276}