{"mae": 20.793367385864258, "mse": 859.8521728515625, "rmse": 29.3232364654541, "r2": 0.7564911246299744}