{"mae": 171.86984252929688, "mse": 32502.783203125, "rmse": 180.2852783203125, "r2": -3.6051149368286133}