{"mae": 0.18407884240150452, "mse": 0.06314626336097717, "rmse": 0.2512891888618469, "r2": -1.6657483577728271}