{"mae": 0.0399869829416275, "mse": 0.0023173463996499777, "rmse": 0.0481388233602047, "r2": 0.9677908420562744}