{"mae": 225.00709533691406, "mse": 92054.609375, "rmse": 303.405029296875, "r2": -2.1939735412597656}