{"mae": 0.3524479269981384, "mse": 0.1346702128648758, "rmse": 0.366974413394928, "r2": -5.471446990966797}