{"mae": 59.37234878540039, "mse": 5662.97216796875, "rmse": 75.25272199707297, "r2": 0.9739869616848053}