{"mae": 0.09567517042160034, "mse": 0.020279621705412865, "rmse": 0.14240653673695203, "r2": 0.5217854367402319}