{"mae": 138.36419677734375, "mse": 27563.580078125, "rmse": 166.0228299907124, "r2": 0.9497716743270358}