{"mae": 0.032240401953458786, "mse": 0.0017659710720181465, "rmse": 0.04202345758676529, "r2": 0.9748183488845825}