{"mae": 0.10662820935249329, "mse": 0.017105737701058388, "rmse": 0.1307889074087143, "r2": 0.08774054050445557}