{"mae": 0.004147322848439217, "mse": 2.1315496269380674e-05, "rmse": 0.004616871010512114, "r2": 0.9850947856903076}