{"mae": 48.494319915771484, "mse": 3481.93310546875, "rmse": 59.007907143608726, "r2": 0.9421032213876119}