{"mae": 182.3572998046875, "mse": 50552.3515625, "rmse": 224.8385010679888, "r2": 0.5863739897208791}