{"mae": 0.6526760458946228, "mse": 0.6814142465591431, "rmse": 0.825478196144104, "r2": 0.9999805092811584}