{"mae": 36.46281051635742, "mse": 2037.47998046875, "rmse": 45.13845345676732, "r2": 0.9591103333668727}