{"mae": 33.406314849853516, "mse": 1490.72607421875, "rmse": 38.60992196597592, "r2": -2.2052466386444642}