{"mae": 0.0939805805683136, "mse": 0.014880772680044174, "rmse": 0.1219867691397667, "r2": 0.703087568283081}