{"mae": 0.02599944733083248, "mse": 0.0011598099954426289, "rmse": 0.034055981785058975, "r2": -2.155697822570801}