{"mae": 0.0958966389298439, "mse": 0.021057793870568275, "rmse": 0.1451130382514551, "r2": 0.46901476114980456}