{"mae": 6.200074195861816, "mse": 58.28054428100586, "rmse": 7.634169578552246, "r2": 0.9981746077537537}