{"mae": 0.07215318828821182, "mse": 0.0072954497300088406, "rmse": 0.08541340486134973, "r2": 0.9008979706741883}