{"mae": 0.060153380036354065, "mse": 0.005840369500219822, "rmse": 0.07642231022561292, "r2": 0.9307605207092319}