{"mae": 60.21371841430664, "mse": 7007.646484375, "rmse": 83.71168666545312, "r2": 0.6412239420943864}