{"mae": 20.554832458496094, "mse": 667.4664306640625, "rmse": 25.83537169587584, "r2": 0.99721734432187}