{"mae": 15.590333938598633, "mse": 547.6875610351562, "rmse": 23.402725504418417, "r2": 0.8633500005501635}