{"mae": 54.897857666015625, "mse": 5543.48095703125, "rmse": 74.45455632149888, "r2": 0.9770720132674329}