{"mae": 0.05194449797272682, "mse": 0.005470502655953169, "rmse": 0.07396284645653634, "r2": 0.9298900743777703}