{"mae": 41.81822967529297, "mse": 2367.859619140625, "rmse": 48.66065781656291, "r2": 0.9665081234974061}