{"mae": 30.558303833007812, "mse": 1456.4984130859375, "rmse": 38.16409848386226, "r2": -1.3486943461429348}