{"mae": 52.5395393371582, "mse": 5205.24462890625, "rmse": 72.14738130317863, "r2": 0.8996958352841327}