{"mae": 0.025821048766374588, "mse": 0.0009468080825172365, "rmse": 0.03077024593949318, "r2": 0.2367878556251526}