{"mae": 0.06374078243970871, "mse": 0.006095584947615862, "rmse": 0.07807422716630541, "r2": 0.878242794853406}