{"mae": 0.024254372343420982, "mse": 0.0007222179556265473, "rmse": 0.026874113113301942, "r2": -1.0844576632875786}