{"mae": 0.48120856285095215, "mse": 0.25495392084121704, "rmse": 0.5049296021461487, "r2": -23.289743423461914}