{"mae": 29.60176658630371, "mse": 1493.1392822265625, "rmse": 38.641160466872144, "r2": -0.6511952938362977}