{"mae": 14.545302391052246, "mse": 392.166748046875, "rmse": 19.803199768066406, "r2": 0.9910199046134949}