{"mae": 10.4429349899292, "mse": 198.71682739257812, "rmse": 14.096695619632927, "r2": 0.9782182049020499}