{"mae": 0.12136644124984741, "mse": 0.018781598657369614, "rmse": 0.1370459794998169, "r2": 0.6822133660316467}