{"mae": 0.07977139204740524, "mse": 0.009576046839356422, "rmse": 0.0978572815656662, "r2": 0.7754389047622681}