{"mae": 3.3588857650756836, "mse": 14.968908309936523, "rmse": 3.868967344128989, "r2": 0.6557478726043995}