{"mae": 3.4900059700012207, "mse": 16.539405822753906, "rmse": 4.066866874694824, "r2": 0.6358350515365601}