{"mae": 0.16297154128551483, "mse": 0.04404396936297417, "rmse": 0.2098665513200571, "r2": -0.7980945832652411}