{"mae": 26.243986129760742, "mse": 987.72900390625, "rmse": 31.428156228233465, "r2": 0.8177122833897607}