{"mae": 28.91720962524414, "mse": 2063.111083984375, "rmse": 45.42148208618164, "r2": 0.8907228708267212}