{"mae": 51.22150802612305, "mse": 4064.26416015625, "rmse": 63.751583099365234, "r2": 0.9754788875579834}