{"mae": 0.5690034627914429, "mse": 0.3320843577384949, "rmse": 0.5762676000595093, "r2": -5.316072463989258}