{"mae": 0.07844498753547668, "mse": 0.0142742320895195, "rmse": 0.1194748178049228, "r2": 0.7106027012306404}