{"mae": 4.358665943145752, "mse": 23.691133499145508, "rmse": 4.867353849798215, "r2": 0.16650633620200306}