{"mae": 8.040507316589355, "mse": 109.1610107421875, "rmse": 10.448014259338379, "r2": 0.9935142993927002}