{"mae": 0.024469472467899323, "mse": 0.0008756596362218261, "rmse": 0.02959154670208751, "r2": -3.387868584890472}