{"mae": 0.048665814101696014, "mse": 0.004637803416699171, "rmse": 0.06810142007843281, "r2": 0.9237165408724772}