{"mae": 77.86681365966797, "mse": 9071.2373046875, "rmse": 95.2430433401175, "r2": 0.6663348023721121}