{"mae": 0.022509461268782616, "mse": 0.0009346164297312498, "rmse": 0.030571497014887084, "r2": 0.13945171208841067}