{"mae": 35.49188995361328, "mse": 1849.6658935546875, "rmse": 43.007742251305025, "r2": -2.694840878736501}