{"mae": 42.401466369628906, "mse": 3011.527587890625, "rmse": 54.87738800048828, "r2": -2.01948618888855}