{"mae": 0.012835092842578888, "mse": 0.0002771922154352069, "rmse": 0.016649089753627777, "r2": 0.9964745044708252}