{"mae": 48.017276763916016, "mse": 3417.19775390625, "rmse": 58.45680236816406, "r2": -65.90365600585938}