{"mae": 18.75524139404297, "mse": 906.9500122070312, "rmse": 30.115610772604818, "r2": 0.9599171717075059}