{"mae": 20.758560180664062, "mse": 676.3616333007812, "rmse": 26.006954193115234, "r2": 0.5372406244277954}