{"mae": 0.06272806227207184, "mse": 0.006369743961840868, "rmse": 0.07981067573853054, "r2": 0.9330736182556587}