{"mae": 0.31687039136886597, "mse": 0.10674569755792618, "rmse": 0.32671961188316345, "r2": -1.5977258682250977}