{"mae": 0.028476092964410782, "mse": 0.0015703672543168068, "rmse": 0.039627861231565475, "r2": 0.9614807963371277}