{"mae": 4.441606044769287, "mse": 51.669342041015625, "rmse": 7.188138961791992, "r2": 0.9959980249404907}