{"mae": 41.14035415649414, "mse": 2275.8642578125, "rmse": 47.70601909416148, "r2": 0.9649221201039415}