{"mae": 33.37666320800781, "mse": 3174.85009765625, "rmse": 56.3458081640174, "r2": -1.6102130979118878}