{"mae": 0.09811285883188248, "mse": 0.015500111505389214, "rmse": 0.1244994437955014, "r2": 0.350348427931656}