{"mae": 0.0618615560233593, "mse": 0.005954289343208075, "rmse": 0.07716404177599871, "r2": 0.9384035965978642}