{"mae": 43.1944580078125, "mse": 2580.947509765625, "rmse": 50.80302658076214, "r2": 0.9472836086201882}