{"mae": 70.17481994628906, "mse": 6695.0361328125, "rmse": 81.82320045569288, "r2": -1.1666938139411291}