{"mae": 18.591472625732422, "mse": 574.177734375, "rmse": 23.962006059071932, "r2": 0.9533211914349262}