{"mae": 0.09283283352851868, "mse": 0.014065963216125965, "rmse": 0.11860001355870903, "r2": 0.8076871689121627}