{"mae": 4.076005935668945, "mse": 20.803457260131836, "rmse": 4.561080711863345, "r2": 0.3633568816166448}