{"mae": 0.3215617835521698, "mse": 0.1313353180885315, "rmse": 0.3624021496742693, "r2": -1.3230498918093017}