{"mae": 0.08359088003635406, "mse": 0.014803173020482063, "rmse": 0.12166829094091058, "r2": 0.7599061941732286}