{"mae": 33.290287017822266, "mse": 1458.3431396484375, "rmse": 38.18825912475586, "r2": 0.9823200702667236}