{"mae": 0.027393030002713203, "mse": 0.0011800415813922882, "rmse": 0.034351733309867905, "r2": 0.9753506500707477}