{"mae": 47.25022888183594, "mse": 3822.019287109375, "rmse": 61.82248306274414, "r2": 0.9717094302177429}