{"mae": 0.002855770755559206, "mse": 1.559802512929309e-05, "rmse": 0.0039494335651397705, "r2": 0.9850450754165649}