{"mae": 0.05699111521244049, "mse": 0.004937308840453625, "rmse": 0.07026598636932115, "r2": 0.9139772413907749}