{"mae": 114.96915435791016, "mse": 17512.431640625, "rmse": 132.3345489501953, "r2": 0.5204383134841919}