{"mae": 0.12633471190929413, "mse": 0.016033537685871124, "rmse": 0.12662360072135925, "r2": -13.664617538452148}