{"mae": 0.0628720372915268, "mse": 0.006046491675078869, "rmse": 0.07775919029335934, "r2": 0.8869449987375772}