{"mae": 0.18587905168533325, "mse": 0.0470971055328846, "rmse": 0.21701867878437042, "r2": -0.9711390733718872}