{"mae": 0.04862082004547119, "mse": 0.004836043808609247, "rmse": 0.06954167038202286, "r2": 0.9032306671142578}