{"mae": 0.0238906629383564, "mse": 0.0006175600574351847, "rmse": 0.024850755671310776, "r2": 0.25616322376093514}