{"mae": 0.060572706162929535, "mse": 0.005384452641010284, "rmse": 0.07337882965140753, "r2": 0.8986133910550551}