{"mae": 0.005734620150178671, "mse": 8.891212200978771e-05, "rmse": 0.009429322457620574, "r2": 0.915330322244769}