{"mae": 36.97909927368164, "mse": 4217.0126953125, "rmse": 64.93853012898043, "r2": 0.9140753433556766}