{"mae": 16.37067985534668, "mse": 426.2032775878906, "rmse": 20.644691467285156, "r2": 0.920931339263916}