{"mae": 0.023671362549066544, "mse": 0.0010796132264658809, "rmse": 0.032857468351439996, "r2": -6.564551073422985}