{"mae": 0.04268582537770271, "mse": 0.003357072127982974, "rmse": 0.05794024618503941, "r2": 0.9527905021362286}