{"mae": 0.11201058328151703, "mse": 0.02130644954741001, "rmse": 0.1459672898054123, "r2": 0.5210710167884827}