{"mae": 394.7259216308594, "mse": 263573.03125, "rmse": 513.3936157226562, "r2": 0.543447732925415}