{"mae": 7.999554634094238, "mse": 101.62478637695312, "rmse": 10.080911981410864, "r2": 0.9921813277120761}