{"mae": 0.01950893923640251, "mse": 0.0006090602837502956, "rmse": 0.024679146707057953, "r2": 0.989643931388855}