{"mae": 0.0160005334764719, "mse": 0.0003594984009396285, "rmse": 0.018960443057577228, "r2": 0.6323598800421669}