{"mae": 0.30308616161346436, "mse": 0.11507648974657059, "rmse": 0.3392292583881446, "r2": -28.87601438855875}