{"mae": 27.065017700195312, "mse": 1294.7298583984375, "rmse": 35.98235482008421, "r2": -0.3837721776389793}