{"mae": 0.128179669380188, "mse": 0.04112870246171951, "rmse": 0.2028021216392517, "r2": -0.05172097682952881}