{"mae": 8.073894500732422, "mse": 214.77642822265625, "rmse": 14.655252456665039, "r2": 0.9882885813713074}