{"mae": 0.030485153198242188, "mse": 0.0019326037727296352, "rmse": 0.04396139085292816, "r2": -0.5917365550994873}