{"mae": 25.945676803588867, "mse": 1002.0850219726562, "rmse": 31.655726527322923, "r2": 0.9280203317341607}