{"mae": 5.8174028396606445, "mse": 62.911991119384766, "rmse": 7.931707957267764, "r2": 0.9963959627235158}