{"mae": 0.06901416927576065, "mse": 0.007419941481202841, "rmse": 0.08613908219387319, "r2": 0.8825689414305357}