{"mae": 28.112272262573242, "mse": 1227.490234375, "rmse": 35.035556715642464, "r2": 0.9540584009787615}