{"mae": 0.008800663985311985, "mse": 0.00020854394824709743, "rmse": 0.014441050589084625, "r2": 0.939469039440155}