{"mae": 0.08315631747245789, "mse": 0.010870588012039661, "rmse": 0.10426211206396915, "r2": 0.8578680158902829}