{"mae": 93.80414581298828, "mse": 13166.65625, "rmse": 114.74605113031123, "r2": 0.41925342164763335}