{"mae": 24.026639938354492, "mse": 1482.7872314453125, "rmse": 38.506976399677406, "r2": 0.6955811758563601}