{"mae": 0.021866265684366226, "mse": 0.0007003075443208218, "rmse": 0.02646332451376474, "r2": -2.0186888218320505}