{"mae": 199.53390502929688, "mse": 66117.1953125, "rmse": 257.1326414761455, "r2": -0.48785196717522794}