{"mae": 0.0038195878732949495, "mse": 2.0960296751582064e-05, "rmse": 0.004578241612762213, "r2": 0.9847247004508972}