{"mae": 19.514570236206055, "mse": 535.3896484375, "rmse": 23.13848846483927, "r2": 0.7424939454486211}