{"mae": 0.05642179027199745, "mse": 0.005869701039046049, "rmse": 0.07661397417603429, "r2": 0.8998004461990425}