{"mae": 0.08122919499874115, "mse": 0.009571394883096218, "rmse": 0.09783350593276426, "r2": 0.8781651216464419}