{"mae": 0.07744459807872772, "mse": 0.012475760653614998, "rmse": 0.11169494461977676, "r2": 0.7982074855644725}