{"mae": 23.734636306762695, "mse": 947.193115234375, "rmse": 30.77650264787042, "r2": 0.9817664476859914}