{"mae": 18.92856788635254, "mse": 560.2144775390625, "rmse": 23.668850363696638, "r2": 0.9492599695065577}