{"mae": 13.034130096435547, "mse": 273.47711181640625, "rmse": 16.53714370727539, "r2": 0.9436502456665039}