{"mae": 74.03050231933594, "mse": 6348.72021484375, "rmse": 79.6788558959961, "r2": 0.7802944779396057}