{"mae": 252.82839965820312, "mse": 100889.390625, "rmse": 317.63090313286585, "r2": -0.9713068465374464}