{"mae": 0.072349913418293, "mse": 0.009637560695409775, "rmse": 0.09817107871165405, "r2": 0.8406318762158616}