{"mae": 144.7425537109375, "mse": 25230.716796875, "rmse": 158.841796875, "r2": 0.9469497799873352}