{"mae": 0.11857223510742188, "mse": 0.02873031049966812, "rmse": 0.16950017846500376, "r2": 0.4221567084593034}