{"mae": 28.501605987548828, "mse": 1307.1397705078125, "rmse": 36.154388427734375, "r2": 0.9832707047462463}