{"mae": 48.57477569580078, "mse": 3931.012939453125, "rmse": 62.6977905468217, "r2": 0.9288620653426602}