{"mae": 0.05980486050248146, "mse": 0.005514165852218866, "rmse": 0.07425742960956074, "r2": 0.9152993537095618}