{"mae": 35.96876525878906, "mse": 2173.320556640625, "rmse": 46.6188850402832, "r2": 0.9926270842552185}