{"mae": 51.49567413330078, "mse": 5166.638671875, "rmse": 71.87933410845568, "r2": 0.6071861182545444}