{"mae": 9.217650413513184, "mse": 124.24175262451172, "rmse": 11.146378517150879, "r2": 0.9730780124664307}