{"mae": 22.030597686767578, "mse": 908.078857421875, "rmse": 30.134346805960057, "r2": 0.9970638083549549}