{"mae": 5.024788856506348, "mse": 48.6335334777832, "rmse": 6.973774693649287, "r2": 0.9971035208998678}