{"mae": 0.054807476699352264, "mse": 0.004980608355253935, "rmse": 0.07057342527647312, "r2": 0.9138174545794915}