{"mae": 0.044675178825855255, "mse": 0.005546378903090954, "rmse": 0.07447401495213585, "r2": 0.9079081618365007}