{"mae": 0.004122454673051834, "mse": 3.2199593988480046e-05, "rmse": 0.0056744686084672325, "r2": 0.9742619938857824}