{"mae": 32.48750686645508, "mse": 1630.076416015625, "rmse": 40.374204834468564, "r2": 0.9621436309875309}