{"mae": 1.190295696258545, "mse": 2.497422456741333, "rmse": 1.580323576927185, "r2": 0.9999623894691467}