{"mae": 0.10882662981748581, "mse": 0.016133548691868782, "rmse": 0.12701790697326415, "r2": 0.6705960029956226}