{"mae": 0.07551182061433792, "mse": 0.016044463962316513, "rmse": 0.12666673958301544, "r2": 0.5392044186592102}