{"mae": 8.034451484680176, "mse": 110.54269409179688, "rmse": 10.513928413391113, "r2": 0.9918193221092224}