{"mae": 29.935319900512695, "mse": 1396.556396484375, "rmse": 37.370528448021375, "r2": 0.5108374695704296}