{"mae": 21.083436965942383, "mse": 713.5985107421875, "rmse": 26.713264696442245, "r2": 0.8285234639709023}