{"mae": 0.05543363094329834, "mse": 0.005507333669811487, "rmse": 0.07421141199176504, "r2": 0.9025466005816722}