{"mae": 0.050108280032873154, "mse": 0.003970307298004627, "rmse": 0.06301037452677637, "r2": 0.9503454991063353}