{"mae": 0.04337320849299431, "mse": 0.00501338392496109, "rmse": 0.07080525159835815, "r2": 0.8850199580192566}