{"mae": 44.35244369506836, "mse": 2516.135009765625, "rmse": 50.16109059585552, "r2": -2.6192006621221036}