{"mae": 343.2557373046875, "mse": 123344.84375, "rmse": 351.204833984375, "r2": -1.1861393451690674}