{"mae": 116.15428161621094, "mse": 21151.130859375, "rmse": 145.4342803955078, "r2": 0.9563320875167847}