{"mae": 19.927722930908203, "mse": 1032.6439208984375, "rmse": 32.134777436578545, "r2": -0.15574766613761648}