{"mae": 64.33673095703125, "mse": 7349.93505859375, "rmse": 85.73176225060202, "r2": 0.9759139365683646}