{"mae": 0.013075882568955421, "mse": 0.00024903356097638607, "rmse": 0.01578079722245952, "r2": 0.7420197949262677}