{"mae": 20.48985481262207, "mse": 681.2487182617188, "rmse": 26.100741718612497, "r2": 0.9807006463825858}