{"mae": 0.04077460244297981, "mse": 0.0037611413281410933, "rmse": 0.06132814288139343, "r2": 0.9362910389900208}