{"mae": 0.021603209897875786, "mse": 0.000845452887006104, "rmse": 0.029076672557328563, "r2": 0.9897192764910453}