{"mae": 0.6536885499954224, "mse": 0.5042112469673157, "rmse": 0.7100783586502075, "r2": -23.24930191040039}