{"mae": 1.102768898010254, "mse": 1.8881950378417969, "rmse": 1.374116063117981, "r2": 0.9999673366546631}