{"mae": 4.619357109069824, "mse": 44.66273498535156, "rmse": 6.683018403786687, "r2": 0.995379873955855}