{"mae": 276.17138671875, "mse": 107185.1875, "rmse": 327.3914794921875, "r2": 0.8152431845664978}