{"mae": 0.01759437285363674, "mse": 0.0003808002802543342, "rmse": 0.01951410435140133, "r2": 0.5973126292228699}