{"mae": 15.24368953704834, "mse": 399.78570556640625, "rmse": 19.994641921435008, "r2": 0.9981363166773223}