{"mae": 0.02562052197754383, "mse": 0.0012716612545773387, "rmse": 0.035660360008478165, "r2": 0.9751928448677063}