{"mae": 0.010283740237355232, "mse": 0.00018678096239455044, "rmse": 0.013666783176539769, "r2": 0.8473753699866273}