{"mae": 6.025931358337402, "mse": 50.47254943847656, "rmse": 7.104403524468227, "r2": 0.9787356343034226}