{"mae": 40.32529067993164, "mse": 2558.993896484375, "rmse": 50.58649826049805, "r2": 0.9334442615509033}