{"mae": 0.020542021840810776, "mse": 0.0005213646218180656, "rmse": 0.02283341020999854, "r2": 0.6903752011377162}