{"mae": 0.07100970298051834, "mse": 0.007047380320727825, "rmse": 0.08394867670623418, "r2": 0.8589357042748272}