{"mae": 5.19432258605957, "mse": 56.86955261230469, "rmse": 7.5411903975635495, "r2": 0.979663692067143}