{"mae": 84.83285522460938, "mse": 9957.7646484375, "rmse": 99.78859979194768, "r2": 0.9622031592998079}