{"mae": 0.07303215563297272, "mse": 0.008097760379314423, "rmse": 0.08998755365610123, "r2": 0.8273720145225525}