{"mae": 0.048265598714351654, "mse": 0.004008356016129255, "rmse": 0.06331157684326172, "r2": 0.9294672012329102}