{"mae": 52.27766799926758, "mse": 9540.322265625, "rmse": 97.67457328099775, "r2": 0.6770279377292284}