{"mae": 44.65311050415039, "mse": 3343.63330078125, "rmse": 57.82415845285818, "r2": 0.684948598074923}