{"mae": 9.321853637695312, "mse": 124.89824676513672, "rmse": 11.175788418055198, "r2": 0.9632008752091833}