{"mae": 28.403100967407227, "mse": 1040.1221923828125, "rmse": 32.25092697143555, "r2": 0.8695285320281982}