{"mae": 56.36667251586914, "mse": 6554.94580078125, "rmse": 80.96261977469139, "r2": 0.97649036569762}