{"mae": 10.677631378173828, "mse": 235.8619842529297, "rmse": 15.35779857635498, "r2": 0.995856523513794}