{"mae": 0.0175972580909729, "mse": 0.0006511093815788627, "rmse": 0.02551684505535241, "r2": -0.7198827764022377}