{"mae": 8.938247680664062, "mse": 137.7371368408203, "rmse": 11.736146592507284, "r2": 0.9922337605026433}