{"mae": 39.10386276245117, "mse": 2421.25048828125, "rmse": 49.20620375807557, "r2": 0.9534143057607678}