{"mae": 0.06932434439659119, "mse": 0.007469748612493277, "rmse": 0.0864277109503746, "r2": 0.8468780517578125}