{"mae": 0.026844821870326996, "mse": 0.000953319831751287, "rmse": 0.030875877829646996, "r2": -3.888216621933055}