{"mae": 0.05320785567164421, "mse": 0.004933595657348633, "rmse": 0.07023955906288587, "r2": 0.909874293225721}