{"mae": 88.0943374633789, "mse": 11757.3857421875, "rmse": 108.43147947984248, "r2": 0.9020303904519645}