{"mae": 0.05833414942026138, "mse": 0.005206162575632334, "rmse": 0.07215374263080422, "r2": 0.9369654898341025}