{"mae": 107.1556396484375, "mse": 20696.35546875, "rmse": 143.86227416992188, "r2": 0.9028975367546082}