{"mae": 0.02846045419573784, "mse": 0.0030945756006985903, "rmse": 0.0556289097565159, "r2": 0.9474989211697199}