{"mae": 0.04017341136932373, "mse": 0.0017796470783650875, "rmse": 0.04218586348962277, "r2": -1.8228941452707264}