{"mae": 53.44329833984375, "mse": 4981.3037109375, "rmse": 70.57835157424336, "r2": -0.32998628925190454}