{"mae": 12.107466697692871, "mse": 225.49549865722656, "rmse": 15.016507538613183, "r2": 0.9349892973342848}