{"mae": 0.2433771789073944, "mse": 0.09277457743883133, "rmse": 0.3045891945536337, "r2": -12.351398947112584}