{"mae": 0.1482088267803192, "mse": 0.02747327648103237, "rmse": 0.16575064549205343, "r2": 0.5546660181126475}