{"mae": 0.023645268753170967, "mse": 0.0006319041713140905, "rmse": 0.025137704177471944, "r2": 0.2884351305455656}