{"mae": 72.76962280273438, "mse": 9685.53125, "rmse": 98.4150966569662, "r2": 0.6318873857964933}