{"mae": 233.1525115966797, "mse": 71430.0859375, "rmse": 267.2640686035156, "r2": -0.4940788745880127}