{"mae": 0.014444105327129364, "mse": 0.0002940039266832173, "rmse": 0.017146542703507822, "r2": 0.8392300478492061}