{"mae": 31.72244644165039, "mse": 1970.2567138671875, "rmse": 44.38757386777506, "r2": 0.8663891994322075}