{"mae": 0.09568608552217484, "mse": 0.014045314863324165, "rmse": 0.11851293120720695, "r2": 0.6848103545427117}