{"mae": 0.006499159149825573, "mse": 5.5867480114102364e-05, "rmse": 0.007474455051124096, "r2": 0.9834900498390198}