{"mae": 0.045215073972940445, "mse": 0.003396750893443823, "rmse": 0.05828165143030715, "r2": 0.9458891537153434}