{"mae": 0.33580461144447327, "mse": 0.13760042190551758, "rmse": 0.3709453046321869, "r2": -1.014916181564331}