{"mae": 87.11491394042969, "mse": 10655.037109375, "rmse": 103.22323608398438, "r2": -0.2529491186141968}