{"mae": 0.04752156138420105, "mse": 0.005576029419898987, "rmse": 0.07467281580266669, "r2": 0.9252141351200881}