{"mae": 36.68354797363281, "mse": 2193.048828125, "rmse": 46.82999801635742, "r2": 0.9962902665138245}