{"mae": 0.020713958889245987, "mse": 0.0009043890750035644, "rmse": 0.030073062281775767, "r2": 0.6710502180524449}