{"mae": 0.05178222432732582, "mse": 0.004878793377429247, "rmse": 0.06984835987644411, "r2": 0.9378206655315166}