{"mae": 105.22593688964844, "mse": 13532.1650390625, "rmse": 116.32783508300781, "r2": -1.3622348308563232}