{"mae": 0.4861327111721039, "mse": 0.2789326608181, "rmse": 0.5281407833099365, "r2": -0.1761939525604248}