{"mae": 21.510467529296875, "mse": 773.9624633789062, "rmse": 27.82018086531621, "r2": 0.9825585659161988}