{"mae": 17.399477005004883, "mse": 504.54583740234375, "rmse": 22.462097796117437, "r2": 0.9574943796231127}