{"mae": 0.5330771803855896, "mse": 0.28771090507507324, "rmse": 0.5363869071006775, "r2": -5.253612518310547}