{"mae": 410.0585021972656, "mse": 258947.75, "rmse": 508.86907958984375, "r2": -7.580316543579102}