{"mae": 66.5395278930664, "mse": 9945.7412109375, "rmse": 99.72834014892578, "r2": 0.6402064561843872}