{"mae": 13.408933639526367, "mse": 307.5292663574219, "rmse": 17.536512377249412, "r2": 0.9758292820637757}