{"mae": 0.056790538132190704, "mse": 0.005422018002718687, "rmse": 0.07363435341414147, "r2": 0.9215076059858951}