{"mae": 53.54388427734375, "mse": 4724.9189453125, "rmse": 68.73804583571241, "r2": 0.8985600882937003}