{"mae": 82.64608764648438, "mse": 10312.60546875, "rmse": 101.55099934884934, "r2": -0.28625866989054227}