{"mae": 0.06503547728061676, "mse": 0.006393996998667717, "rmse": 0.07996246963739395, "r2": 0.9112802743911743}