{"mae": 16.769329071044922, "mse": 584.1099243164062, "rmse": 24.168365478515625, "r2": 0.9310775995254517}