{"mae": 20.28597068786621, "mse": 700.891845703125, "rmse": 26.474361419677734, "r2": 0.7171727418899536}