{"mae": 17.950963973999023, "mse": 568.0297241210938, "rmse": 23.8333740234375, "r2": 0.9630520939826965}