{"mae": 32.00846862792969, "mse": 1478.35400390625, "rmse": 38.449369356417925, "r2": 0.9973562838458285}