{"mae": 36.83506393432617, "mse": 2897.212646484375, "rmse": 53.82576370239258, "r2": 0.8740065693855286}