{"mae": 0.03233519569039345, "mse": 0.0019074849551543593, "rmse": 0.043674763366895984, "r2": 0.9725159490399098}