{"mae": 3.075993299484253, "mse": 127.44442749023438, "rmse": 11.289128303527832, "r2": 0.9614716172218323}