{"mae": 20.206411361694336, "mse": 623.02685546875, "rmse": 24.960505913717974, "r2": 0.9891000559455955}