{"mae": 0.09659118205308914, "mse": 0.014833478257060051, "rmse": 0.12179276767140178, "r2": 0.5940051019327939}