{"mae": 228.5259246826172, "mse": 71847.2109375, "rmse": 268.0433044433594, "r2": 0.8468379974365234}