{"mae": 0.05725498124957085, "mse": 0.005205052439123392, "rmse": 0.07214604936601443, "r2": 0.904201363138353}