{"mae": 2.19555401802063, "mse": 7.280373573303223, "rmse": 2.698216676712036, "r2": 0.8902644515037537}