{"mae": 0.06211124360561371, "mse": 0.005913550034165382, "rmse": 0.07689961045980453, "r2": 0.9174430966377258}