{"mae": 9.53701114654541, "mse": 131.6865692138672, "rmse": 11.475476862155542, "r2": 0.9603764206854937}