{"mae": 22.03589630126953, "mse": 920.2926025390625, "rmse": 30.33632480276842, "r2": 0.8264739874357303}