{"mae": 43.15854263305664, "mse": 2959.019775390625, "rmse": 54.39687284569422, "r2": 0.8373921255002701}