{"mae": 18.430532455444336, "mse": 530.1640014648438, "rmse": 23.025290475145884, "r2": 0.9595656278211672}