{"mae": 0.13724559545516968, "mse": 0.026681646704673767, "rmse": 0.1633451765577232, "r2": 0.02747285494157159}