{"mae": 27.27157211303711, "mse": 1587.6099853515625, "rmse": 39.84482382131414, "r2": -1.4493287246992472}