{"mae": 0.29588189721107483, "mse": 0.12068339437246323, "rmse": 0.3473951559427149, "r2": -16.324173090585703}