{"mae": 0.20467425882816315, "mse": 0.05781884491443634, "rmse": 0.2404554946646808, "r2": -1.6562068026092454}