{"mae": 0.10254617780447006, "mse": 0.021577926352620125, "rmse": 0.14689426929809116, "r2": 0.3548133973067653}