{"mae": 19.074382781982422, "mse": 572.6913452148438, "rmse": 23.930970419413494, "r2": 0.9560405079771681}