{"mae": 73.64595031738281, "mse": 10534.1865234375, "rmse": 102.63618525372765, "r2": 0.8025991439464594}