{"mae": 12.497085571289062, "mse": 296.5881042480469, "rmse": 17.221733485571274, "r2": 0.9934156804633051}