{"mae": 7.3424577713012695, "mse": 81.72500610351562, "rmse": 9.040188789367676, "r2": 0.9651615023612976}