{"mae": 3.4923267364501953, "mse": 39.08500671386719, "rmse": 6.251800060272217, "r2": 0.9971483945846558}