{"mae": 0.405109167098999, "mse": 0.19608543813228607, "rmse": 0.442815363407135, "r2": -1.53216552734375}