{"mae": 0.6242768168449402, "mse": 0.6099801063537598, "rmse": 0.781012237071991, "r2": 0.9999774098396301}