{"mae": 37.04795455932617, "mse": 1795.5379638671875, "rmse": 42.37378864188553, "r2": 0.7438733577790803}