{"mae": 37.67664337158203, "mse": 2383.60791015625, "rmse": 48.822208404541016, "r2": 0.9942953586578369}