{"mae": 31.92387580871582, "mse": 1734.220703125, "rmse": 41.643975592215014, "r2": 0.8916334703059898}