{"mae": 0.011754338629543781, "mse": 0.00033861157135106623, "rmse": 0.01840140111744404, "r2": 0.5722211599349976}