{"mae": 0.03975222632288933, "mse": 0.002644525608047843, "rmse": 0.05142495036125183, "r2": 0.9676827788352966}