{"mae": 85.99898529052734, "mse": 9525.28125, "rmse": 97.59754943847656, "r2": -4.930884838104248}