{"mae": 0.0059966049157083035, "mse": 8.58502316987142e-05, "rmse": 0.009265540167689323, "r2": 0.941864550113678}