{"mae": 28.834238052368164, "mse": 1483.3970947265625, "rmse": 38.514892578125, "r2": 0.9902401566505432}