{"mae": 0.24127711355686188, "mse": 0.07939016073942184, "rmse": 0.2817625964165965, "r2": -17.912036012265677}