{"mae": 0.024651549756526947, "mse": 0.0008656667196191847, "rmse": 0.0294222142547369, "r2": 0.158130943775177}