{"mae": 202.86965942382812, "mse": 66967.640625, "rmse": 258.78106689453125, "r2": 0.11465150117874146}