{"mae": 669.9323120117188, "mse": 465177.0625, "rmse": 682.0388793945312, "r2": -0.8981339931488037}