{"mae": 0.09178004413843155, "mse": 0.008670259267091751, "rmse": 0.0931142270565033, "r2": -1.6586856842041016}