{"mae": 0.009985171258449554, "mse": 0.0007229901384562254, "rmse": 0.026888476684689522, "r2": 0.7850562334060669}