{"mae": 0.4597034454345703, "mse": 0.272419810295105, "rmse": 0.5219385027885437, "r2": 0.9999846816062927}