{"mae": 13.298972129821777, "mse": 279.9210510253906, "rmse": 16.730841312539862, "r2": 0.8991257703551219}