{"mae": 6.512136936187744, "mse": 72.65929412841797, "rmse": 8.524042123805934, "r2": 0.9727023657021941}