{"mae": 76.85320281982422, "mse": 8900.958984375, "rmse": 94.34489440917969, "r2": 0.6525633335113525}