{"mae": 0.06806766986846924, "mse": 0.005941532552242279, "rmse": 0.0770813375711441, "r2": 0.9432060718536377}