{"mae": 26.44082260131836, "mse": 1142.54150390625, "rmse": 33.80150150372391, "r2": 0.9959375706093047}