{"mae": 0.047275517135858536, "mse": 0.003989895805716515, "rmse": 0.06316562202429826, "r2": 0.9279884623367172}