{"mae": 0.026552392169833183, "mse": 0.001162905478850007, "rmse": 0.034101399954400806, "r2": -7.471173777552691}