{"mae": 22.377017974853516, "mse": 861.7657470703125, "rmse": 29.355846897514514, "r2": 0.9372334656864393}