{"mae": 66.03418731689453, "mse": 6949.1630859375, "rmse": 83.36164037456017, "r2": 0.4453286421339566}