{"mae": 5.16877555847168, "mse": 52.63722610473633, "rmse": 7.255151694123034, "r2": 0.9829613894361859}