{"mae": 0.054946910589933395, "mse": 0.0055695390328764915, "rmse": 0.07462934431493078, "r2": 0.9007428009857429}