{"mae": 20.147315979003906, "mse": 657.2262573242188, "rmse": 25.63642442549699, "r2": 0.9811931106287413}