{"mae": 48.73289108276367, "mse": 4352.27490234375, "rmse": 65.97177352734842, "r2": 0.8430899089009781}