{"mae": 0.008018315769731998, "mse": 0.0001826227962737903, "rmse": 0.013513799756765366, "r2": 0.8127994537353516}