{"mae": 97.36128997802734, "mse": 12813.064453125, "rmse": 113.19480895996094, "r2": -1.0910229682922363}