{"mae": 0.08865828067064285, "mse": 0.014333573170006275, "rmse": 0.11972290161036975, "r2": 0.60383819344596}