{"mae": 0.04066483676433563, "mse": 0.003008370753377676, "rmse": 0.054848616695206416, "r2": 0.9460545207094768}