{"mae": 131.73777770996094, "mse": 19882.970703125, "rmse": 141.00698852539062, "r2": -8.728883743286133}