{"mae": 0.09006025642156601, "mse": 0.011874659918248653, "rmse": 0.10897091317525358, "r2": 0.8123981019866}