{"mae": 22.131206512451172, "mse": 657.291259765625, "rmse": 25.637692169257843, "r2": 0.966308471589765}