{"mae": 39.67858123779297, "mse": 3008.283203125, "rmse": 54.84781858127997, "r2": 0.9514428696236494}