{"mae": 14.445147514343262, "mse": 383.49139404296875, "rmse": 19.582937240600586, "r2": 0.9844580292701721}