{"mae": 0.10094562917947769, "mse": 0.010624065063893795, "rmse": 0.1030731052160263, "r2": -10.649332046508789}