{"mae": 9.377270698547363, "mse": 142.31069946289062, "rmse": 11.929405212402344, "r2": 0.9917879104614258}