{"mae": 0.008486771956086159, "mse": 9.940456948243082e-05, "rmse": 0.009970184415578842, "r2": 0.9486207365989685}