{"mae": 12.161511421203613, "mse": 216.7657928466797, "rmse": 14.722968207758912, "r2": 0.9883873226785587}