{"mae": 0.006483164150267839, "mse": 5.9592872275970876e-05, "rmse": 0.007719642017036676, "r2": 0.9591783881187439}