{"mae": 37.54673767089844, "mse": 2315.392333984375, "rmse": 48.11852381343774, "r2": 0.8846655979460047}