{"mae": 0.08290276676416397, "mse": 0.015429395250976086, "rmse": 0.1242151168375898, "r2": 0.3262225649902839}