{"mae": 38.65965270996094, "mse": 2343.222412109375, "rmse": 48.40684261661129, "r2": 0.9593167588053291}