{"mae": 21.457075119018555, "mse": 746.2781372070312, "rmse": 27.318092346191406, "r2": 0.9833874702453613}