{"mae": 41.28434753417969, "mse": 1963.449951171875, "rmse": 44.31083297729492, "r2": 0.9265601634979248}