{"mae": 24.607059478759766, "mse": 864.0010375976562, "rmse": 29.393894563287393, "r2": 0.9326641107303896}