{"mae": 19.656230926513672, "mse": 685.1748657226562, "rmse": 26.175845081346587, "r2": 0.8500836858913065}