{"mae": 12.466813087463379, "mse": 291.3330993652344, "rmse": 17.068483352661133, "r2": 0.9843686819076538}