{"mae": 44.44160079956055, "mse": 2709.767578125, "rmse": 52.05542794104184, "r2": 0.9639058941183863}