{"mae": 22.84300422668457, "mse": 772.0518188476562, "rmse": 27.785820463820322, "r2": 0.9276043786979746}