{"mae": 0.07223454862833023, "mse": 0.010595781728625298, "rmse": 0.1029358136346398, "r2": 0.7976361300162214}