{"mae": 0.008081059902906418, "mse": 0.00018425156304147094, "rmse": 0.01357392966747284, "r2": 0.8053511381149292}