{"mae": 52.30951690673828, "mse": 5986.62744140625, "rmse": 77.37329864501953, "r2": 0.7823072075843811}