{"mae": 257.5269470214844, "mse": 83046.359375, "rmse": 288.1776428222656, "r2": 0.7938370108604431}