{"mae": 19.389013290405273, "mse": 642.109130859375, "rmse": 25.33987235286269, "r2": 0.9446136311386245}