{"mae": 0.15371015667915344, "mse": 0.05028173327445984, "rmse": 0.2242358922958374, "r2": 0.06901192665100098}