{"mae": 0.0585821270942688, "mse": 0.008583412505686283, "rmse": 0.09264670801321698, "r2": 0.8904422650029468}