{"mae": 0.056252870708703995, "mse": 0.00850502960383892, "rmse": 0.09222271739565539, "r2": 0.7358942279796892}