{"mae": 155.10110473632812, "mse": 36701.5546875, "rmse": 191.57649826505337, "r2": 0.7629447403867643}