{"mae": 48.77357864379883, "mse": 4670.75341796875, "rmse": 68.34291051724934, "r2": 0.8526496350880501}