{"mae": 0.0844317153096199, "mse": 0.011094392277300358, "rmse": 0.10532992109225355, "r2": 0.7270721344140596}