{"mae": 0.01615162193775177, "mse": 0.0004898970364592969, "rmse": 0.022133617789672273, "r2": 0.7164405178721192}