{"mae": 306.6932067871094, "mse": 123094.546875, "rmse": 350.84832763671875, "r2": 0.8074726462364197}