{"mae": 0.29688072204589844, "mse": 0.09250849485397339, "rmse": 0.30415210127830505, "r2": -1.3979566097259521}