{"mae": 0.012806951999664307, "mse": 0.00031883196788839996, "rmse": 0.01785586648383102, "r2": 0.8549022492210547}