{"mae": 0.0705583244562149, "mse": 0.008469200693070889, "rmse": 0.09202826029579658, "r2": 0.8213500511069282}