{"mae": 0.019545964896678925, "mse": 0.00045941988355480134, "rmse": 0.021434081718325615, "r2": 0.9939224123954773}