{"mae": 23.11341094970703, "mse": 737.0847778320312, "rmse": 27.149305291886037, "r2": 0.9520027290848307}