{"mae": 109.04383850097656, "mse": 18539.40234375, "rmse": 136.1594739404864, "r2": 0.9560173851630892}