{"mae": 0.06708584725856781, "mse": 0.00947654340416193, "rmse": 0.09734753928149355, "r2": 0.8701900151777491}