{"mae": 0.018774161115288734, "mse": 0.000489761820062995, "rmse": 0.022130563030862884, "r2": 0.8025973445261957}