{"mae": 193.8037872314453, "mse": 41313.453125, "rmse": 203.25711059570312, "r2": -1.4724462032318115}