{"mae": 0.0639607384800911, "mse": 0.006087441463023424, "rmse": 0.07802205754159156, "r2": 0.9061138298564098}