{"mae": 0.030225155875086784, "mse": 0.0015395712107419968, "rmse": 0.0392373688519001, "r2": 0.972893476486206}