{"mae": 9.964897155761719, "mse": 294.4111328125, "rmse": 17.15841293334961, "r2": 0.983393669128418}