{"mae": 0.24006500840187073, "mse": 0.08763951808214188, "rmse": 0.296039723824594, "r2": -12.574873696998475}