{"mae": 0.07887964695692062, "mse": 0.009420140646398067, "rmse": 0.09705740902372197, "r2": 0.8926076598277343}