{"mae": 0.5889546275138855, "mse": 0.3524948060512543, "rmse": 0.5937127470970154, "r2": -6.178668975830078}