{"mae": 0.015883594751358032, "mse": 0.0004938181373290718, "rmse": 0.02222201920008782, "r2": 0.9934490972671912}