{"mae": 0.08718135952949524, "mse": 0.010311722755432129, "rmse": 0.10154665309813085, "r2": 0.8526853115376731}