{"mae": 33.67452621459961, "mse": 2456.56298828125, "rmse": 49.56372653747143, "r2": -1.5022160242904183}