{"mae": 47.15108108520508, "mse": 2977.603759765625, "rmse": 54.56742397956518, "r2": -5.1453710447882255}