{"mae": 0.18460020422935486, "mse": 0.06285236775875092, "rmse": 0.2507037450034421, "r2": -1.0484713822942449}