{"mae": 0.313882052898407, "mse": 0.13101661205291748, "rmse": 0.36196216936707276, "r2": -1.4871810378673898}