{"mae": 0.011369629763066769, "mse": 0.0002306932583451271, "rmse": 0.015188589741813658, "r2": 0.9969429302908722}