{"mae": 0.06442991644144058, "mse": 0.007094565313309431, "rmse": 0.0842292426257617, "r2": 0.9150053174939841}