{"mae": 9.619938850402832, "mse": 244.52249145507812, "rmse": 15.637214952000823, "r2": 0.9945312830324013}