{"mae": 26.993486404418945, "mse": 1239.8223876953125, "rmse": 35.21111170774522, "r2": -3.8504424193107987}