{"mae": 0.06515133380889893, "mse": 0.005845023784786463, "rmse": 0.07645275524653421, "r2": 0.9209899987129563}