{"mae": 100.99794006347656, "mse": 13052.96875, "rmse": 114.24958801269531, "r2": -7.242781639099121}