{"mae": 0.04629891365766525, "mse": 0.004131975583732128, "rmse": 0.06428044480035999, "r2": 0.9444177642131923}