{"mae": 0.048894450068473816, "mse": 0.0037471670657396317, "rmse": 0.061214108388014866, "r2": 0.9519986509810417}