{"mae": 85.9888687133789, "mse": 12597.9052734375, "rmse": 112.24038696289062, "r2": 0.763681173324585}