{"mae": 0.009152920916676521, "mse": 0.00018490111688151956, "rmse": 0.013597835007144319, "r2": 0.9199332956541569}