{"mae": 0.005391381215304136, "mse": 6.145001680124551e-05, "rmse": 0.007839006110550337, "r2": 0.9471332489064938}