{"mae": 0.06421613693237305, "mse": 0.0068978858180344105, "rmse": 0.08305351177424354, "r2": 0.9218776682823878}