{"mae": 0.05646338313817978, "mse": 0.007095905486494303, "rmse": 0.08423719776021935, "r2": 0.8931681801980581}