{"mae": 0.012012377381324768, "mse": 0.00045823687105439603, "rmse": 0.02140646797242357, "r2": 0.3145616863998132}