{"mae": 0.03014708124101162, "mse": 0.001359340501949191, "rmse": 0.03686923516902935, "r2": -2.1932742470129134}