{"mae": 0.07006152719259262, "mse": 0.007374568842351437, "rmse": 0.08587531000375748, "r2": 0.8523938655853271}