{"mae": 0.0513489730656147, "mse": 0.003485901514068246, "rmse": 0.059041523642841785, "r2": 0.9649378003819311}