{"mae": 30.068340301513672, "mse": 1271.6552734375, "rmse": 35.66027584634617, "r2": 0.9059685401735784}