{"mae": 9.775941848754883, "mse": 149.70407104492188, "rmse": 12.235361500377579, "r2": 0.9553210477872378}