{"mae": 0.07098653167486191, "mse": 0.007972326129674911, "rmse": 0.08928788344268729, "r2": 0.8689311643444141}