{"mae": 0.058175139129161835, "mse": 0.00468100793659687, "rmse": 0.06841789186000824, "r2": 0.9211324453353882}