{"mae": 83.7848892211914, "mse": 13610.041015625, "rmse": 116.66208045301181, "r2": 0.9696233266470813}