{"mae": 0.04271660000085831, "mse": 0.003092947881668806, "rmse": 0.055614277678207834, "r2": 0.949387107635618}