{"mae": 68.36491394042969, "mse": 5663.42724609375, "rmse": 75.25574560187249, "r2": 0.810278121631834}