{"mae": 0.0030885012820363045, "mse": 3.48606045008637e-05, "rmse": 0.005904287099838257, "r2": 0.9581299424171448}