{"mae": 351.0851745605469, "mse": 128295.4609375, "rmse": 358.1835632324219, "r2": -1.765751838684082}