{"mae": 0.016073638573288918, "mse": 0.0005666092620231211, "rmse": 0.02380355565925228, "r2": 0.5962112867580542}