,mae,mse,rmse,r2,exp_itr
rul_task5_PatchTST_mit_pseudo_8-4.4-4.4-3.94_13_task5,70.00190734863281,11871.12890625,108.9547119140625,0.850204586982727,20241.0
rul_task5_PatchTST_mit_pseudo_8-4.4-4.4-3.94_16_task5,98.53028106689453,19020.232421875,137.9138641357422,0.509708881378173,20241.0
rul_task5_PatchTST_mit_pseudo_8-4.4-4.4-3.94_23_task5,45.89476013183594,3974.921142578125,63.046974182128906,0.9063029885292051,20241.0
rul_task5_PatchTST_mit_pseudo_8-4.4-4.4-3.94_24_task5,43.436180114746094,3362.85791015625,57.99015426635742,0.9365233182907101,20241.0
rul_task5_PatchTST_mit_pseudo_8-4.4-4.4-3.94_47_task5,119.98588562011719,25465.53125,159.57923889160156,0.23522144556045502,20241.0
0,75.5698028564453,12738.934326171875,105.49698867797852,0.687592244148254,
