{"mae": 25.3997745513916, "mse": 1232.2930908203125, "rmse": 35.10403060913086, "r2": 0.9948294758796692}