{"mae": 0.28815409541130066, "mse": 0.08874460309743881, "rmse": 0.29790031909942627, "r2": -0.8925818204879761}