{"mae": 0.13455167412757874, "mse": 0.040236931294202805, "rmse": 0.20059145987033844, "r2": -3.1360726356506348}