{"mae": 21.872648239135742, "mse": 634.6905517578125, "rmse": 25.19306554903179, "r2": 0.9508255164958009}