{"mae": 15.828668594360352, "mse": 899.6185913085938, "rmse": 29.993642807006836, "r2": 0.520334005355835}