{"mae": 40.36405563354492, "mse": 5311.115234375, "rmse": 72.87739562988281, "r2": 0.8462803363800049}