{"mae": 18.62212371826172, "mse": 545.7094116210938, "rmse": 23.360424046260242, "r2": 0.9584232953680556}