{"mae": 0.12443409860134125, "mse": 0.021743645891547203, "rmse": 0.14745726801872874, "r2": 0.7033554592428546}