{"mae": 0.05650588497519493, "mse": 0.006026855669915676, "rmse": 0.0776328295469284, "r2": 0.9176726341247559}