{"mae": 0.021493470296263695, "mse": 0.0005264424835331738, "rmse": 0.02294433445391637, "r2": 0.3807428858339117}