{"mae": 0.00873181689530611, "mse": 0.00013030639092903584, "rmse": 0.011415182612836361, "r2": 0.9982565641403198}