{"mae": 47.9290885925293, "mse": 4235.09814453125, "rmse": 65.07763167580124, "r2": 0.9008694885235312}