{"mae": 0.03942415490746498, "mse": 0.0021101252641528845, "rmse": 0.04593609979256929, "r2": 0.9760678970718842}