{"mae": 30.31993293762207, "mse": 1925.4520263671875, "rmse": 43.87997295312735, "r2": 0.979167946793299}