{"mae": 254.6157989501953, "mse": 102262.8359375, "rmse": 319.7856093345978, "r2": -0.9933337550484798}