{"mae": 0.05400978401303291, "mse": 0.008444027975201607, "rmse": 0.09189139228024357, "r2": 0.7042049787512064}