{"mae": 38.01637649536133, "mse": 2303.884521484375, "rmse": 47.99879708372258, "r2": 0.819736216204243}