{"mae": 108.67758178710938, "mse": 20991.474609375, "rmse": 144.88434908358803, "r2": 0.965602502135059}