{"mae": 0.07669419050216675, "mse": 0.00767159229144454, "rmse": 0.0875876247882843, "r2": 0.8745230436325073}