{"mae": 0.17796774208545685, "mse": 0.057840101420879364, "rmse": 0.24049969017505646, "r2": -2.793983221054077}