{"mae": 0.013856030069291592, "mse": 0.00031297007808461785, "rmse": 0.017690960317850113, "r2": 0.5005972385406494}