{"mae": 0.08689647167921066, "mse": 0.010743814520537853, "rmse": 0.10365237295627594, "r2": 0.8253931999206543}