{"mae": 0.03690868616104126, "mse": 0.002003102097660303, "rmse": 0.044756028801202774, "r2": 0.9656631350517273}