{"mae": 0.08431260287761688, "mse": 0.007537502329796553, "rmse": 0.08681879192590714, "r2": -0.34422147274017334}