{"mae": 19.84766960144043, "mse": 552.537109375, "rmse": 23.50610791634804, "r2": 0.9481152767172198}