{"mae": 0.33076220750808716, "mse": 0.11546251177787781, "rmse": 0.3397977650165558, "r2": -2.0475594997406006}