{"mae": 0.043804701417684555, "mse": 0.003904980607330799, "rmse": 0.062489844033497145, "r2": 0.9390975644886523}