{"mae": 32.774715423583984, "mse": 1619.86376953125, "rmse": 40.24753122281229, "r2": 0.9274237705076718}