{"mae": 0.3120824992656708, "mse": 0.11927526444196701, "rmse": 0.34536251163374265, "r2": -6.507962863893133}