{"mae": 1.6614924669265747, "mse": 9.55549430847168, "rmse": 3.091196298599243, "r2": 0.9998468160629272}