{"mae": 0.024322591722011566, "mse": 0.001404794747941196, "rmse": 0.03748059161674474, "r2": 0.9740373951937468}