{"mae": 0.3012956380844116, "mse": 0.10622851550579071, "rmse": 0.3259271628842719, "r2": -4.967077952973642}