{"mae": 231.286865234375, "mse": 103308.9140625, "rmse": 321.41705322265625, "r2": 0.7965071797370911}