{"mae": 39.884002685546875, "mse": 2837.578125, "rmse": 53.26892269419385, "r2": 0.9512770738499072}