{"mae": 1.1169816255569458, "mse": 1.8877043724060059, "rmse": 1.3739374876022339, "r2": 0.9999692440032959}