{"mae": 0.41638314723968506, "mse": 0.35074013471603394, "rmse": 0.5922331809997559, "r2": 0.9999733567237854}