{"mae": 44.049232482910156, "mse": 2726.12255859375, "rmse": 52.2122835987256, "r2": 0.948919284257004}