{"mae": 3.4300107955932617, "mse": 14.719841957092285, "rmse": 3.8366446222047053, "r2": 0.6307232824153066}