{"mae": 42.55778884887695, "mse": 3207.563232421875, "rmse": 56.63535320294096, "r2": 0.9076073716661984}