{"mae": 0.021858569234609604, "mse": 0.0013056944590061903, "rmse": 0.03613439440486294, "r2": 0.5349301162481799}