{"mae": 0.017704477533698082, "mse": 0.0007139604422263801, "rmse": 0.026720038215286672, "r2": -0.16518891079692288}