{"mae": 19.52544403076172, "mse": 551.0341796875, "rmse": 23.47411722914197, "r2": 0.953278957777752}