{"mae": 243.56414794921875, "mse": 80622.015625, "rmse": 283.9401550292969, "r2": 0.7292906641960144}