{"mae": 0.045149825513362885, "mse": 0.004826686345040798, "rmse": 0.06947435438632965, "r2": 0.9060962796211243}