{"mae": 0.01857844367623329, "mse": 0.000861012318637222, "rmse": 0.02934301141050833, "r2": 0.9877934129108485}