{"mae": 18.94854736328125, "mse": 549.4825439453125, "rmse": 23.441044002887594, "r2": 0.9900385136083326}