{"mae": 24.713537216186523, "mse": 801.575927734375, "rmse": 28.31211627085434, "r2": 0.9399074250462011}