{"mae": 30.580163955688477, "mse": 1476.43994140625, "rmse": 38.424468994140625, "r2": 0.8496569991111755}