{"mae": 67.24655151367188, "mse": 10021.25, "rmse": 100.10619361458112, "r2": 0.9297884841415632}