{"mae": 0.4314148724079132, "mse": 0.1928372085094452, "rmse": 0.43913233280181885, "r2": -7.451234817504883}