{"mae": 0.008612737990915775, "mse": 0.00011888449807884172, "rmse": 0.010903416807535229, "r2": 0.8930505896690268}