{"mae": 0.25944095849990845, "mse": 0.0847727358341217, "rmse": 0.2911575790428985, "r2": -10.856711121503732}