{"mae": 0.12025169283151627, "mse": 0.033040907233953476, "rmse": 0.18177157983016343, "r2": 0.24377649921374278}