{"mae": 15.396949768066406, "mse": 479.30487060546875, "rmse": 21.893032467099406, "r2": 0.993439928350108}