{"mae": 0.022895220667123795, "mse": 0.001029709936119616, "rmse": 0.032089093725432886, "r2": -0.45582015802715414}