{"mae": 10.573328018188477, "mse": 170.52703857421875, "rmse": 13.058600176673561, "r2": 0.9976318141486901}