{"mae": 0.020524531602859497, "mse": 0.0007928187260404229, "rmse": 0.028157036883174034, "r2": 0.00585885766494143}