{"mae": 0.03351708874106407, "mse": 0.001260665012523532, "rmse": 0.03550584476566544, "r2": -2.035617609941581}