{"mae": 70.40137481689453, "mse": 7860.55419921875, "rmse": 88.65976651908548, "r2": 0.9670408079754015}