{"mae": 22.264705657958984, "mse": 1120.9886474609375, "rmse": 33.48116683959961, "r2": -0.850090503692627}