{"mae": 0.06283260881900787, "mse": 0.0060977754183113575, "rmse": 0.07808825403549088, "r2": 0.9055645849270424}