{"mae": 0.21297702193260193, "mse": 0.06847701221704483, "rmse": 0.2616811269790866, "r2": -10.837955625859912}