{"mae": 40.27785873413086, "mse": 2516.552734375, "rmse": 50.16525425406513, "r2": 0.5116570509576042}