{"mae": 23.363126754760742, "mse": 751.9955444335938, "rmse": 27.422536849975586, "r2": 0.9863640666007996}