{"mae": 28.312477111816406, "mse": 1978.627197265625, "rmse": 44.481762524270835, "r2": 0.9543887698277563}