{"mae": 0.015199193730950356, "mse": 0.0003230576985515654, "rmse": 0.017973806709051132, "r2": 0.9127136468887329}