{"mae": 96.24369049072266, "mse": 17791.931640625, "rmse": 133.38639975883973, "r2": 0.9483049274532793}