{"mae": 0.02483426406979561, "mse": 0.0011305748485028744, "rmse": 0.03362402189659759, "r2": -10.54174900889388}