{"mae": 190.4408416748047, "mse": 54929.0234375, "rmse": 234.36941528320312, "r2": 0.5871610641479492}