{"mae": 0.22336865961551666, "mse": 0.09063439071178436, "rmse": 0.3010554611682892, "r2": -9.876065254211426}