{"mae": 32.28409957885742, "mse": 2119.087158203125, "rmse": 46.03354383710997, "r2": 0.9893003688497484}