{"mae": 25.311019897460938, "mse": 1003.744140625, "rmse": 31.681921353115566, "r2": 0.35203652749861125}