{"mae": 0.036896537989377975, "mse": 0.005972504150122404, "rmse": 0.07728198170661926, "r2": 0.9101972579956055}