{"mae": 0.10355384647846222, "mse": 0.012040277943015099, "rmse": 0.10972820222377777, "r2": 0.8585452437400818}