{"mae": 24.49997329711914, "mse": 782.2315673828125, "rmse": 27.968402862548828, "r2": 0.4571639895439148}