{"mae": 35.10742950439453, "mse": 2063.845947265625, "rmse": 45.42957128639478, "r2": 0.9955676479734485}