{"mae": 38.01363754272461, "mse": 2223.28955078125, "rmse": 47.151771449026704, "r2": 0.9530281053827292}