{"mae": 0.023987960070371628, "mse": 0.0009395150118507445, "rmse": 0.030651509761810303, "r2": 0.9833751320838928}