{"mae": 25.316572189331055, "mse": 1127.146240234375, "rmse": 33.57299867802063, "r2": 0.9959348636492341}