{"mae": 106.39598846435547, "mse": 17810.1953125, "rmse": 133.45484924316406, "r2": 0.6917476654052734}