{"mae": 0.37046629190444946, "mse": 0.3211355209350586, "rmse": 0.5666881799697876, "r2": 0.9999756217002869}