{"mae": 27.638185501098633, "mse": 972.7434692382812, "rmse": 31.18883514404297, "r2": 0.9143100380897522}