{"mae": 0.07056774944067001, "mse": 0.007469292730093002, "rmse": 0.08642507344484329, "r2": 0.8301767706871033}