{"mae": 0.06299139559268951, "mse": 0.006268268916755915, "rmse": 0.07917239996839753, "r2": 0.9254294293789519}