{"mae": 19.537612915039062, "mse": 818.3117065429688, "rmse": 28.606148054971833, "r2": 0.9536626042863218}