{"mae": 98.60408782958984, "mse": 12939.34375, "rmse": 113.75123596191406, "r2": -16.682666778564453}