{"mae": 0.006173324305564165, "mse": 9.123036579694599e-05, "rmse": 0.009551458992064, "r2": 0.9082911014556885}