{"mae": 0.08409448713064194, "mse": 0.015288976021111012, "rmse": 0.12364859879016876, "r2": 0.6529369950294495}