{"mae": 0.07808632403612137, "mse": 0.006745657417923212, "rmse": 0.08213195204734802, "r2": 0.9262946248054504}