{"mae": 0.23704497516155243, "mse": 0.08806449174880981, "rmse": 0.29675662039592277, "r2": -12.74130558780283}