{"mae": 22.72989845275879, "mse": 753.94091796875, "rmse": 27.457984924316406, "r2": 0.8411604166030884}