{"mae": 0.06144946068525314, "mse": 0.005735732614994049, "rmse": 0.07573461965966456, "r2": 0.9106295482967426}