{"mae": 0.08733539283275604, "mse": 0.009980829432606697, "rmse": 0.09990409761667252, "r2": 0.6697502136230469}