{"mae": 43.18475341796875, "mse": 2582.83544921875, "rmse": 50.821604158258815, "r2": 0.9474515000641724}