{"mae": 0.0537504106760025, "mse": 0.003817538497969508, "rmse": 0.06178623226876282, "r2": 0.9603964915662421}