{"mae": 0.06862930208444595, "mse": 0.006962272338569164, "rmse": 0.08344022929668427, "r2": 0.8531375527381897}