{"mae": 0.28957852721214294, "mse": 0.08825910836458206, "rmse": 0.29708433151245117, "r2": -0.22167718410491943}