{"mae": 5.099812030792236, "mse": 43.9610595703125, "rmse": 6.630313685664691, "r2": 0.9985428252378312}