{"mae": 204.4105987548828, "mse": 45932.84375, "rmse": 214.31948852539062, "r2": -0.9528684616088867}