{"mae": 34.77246856689453, "mse": 1959.7510986328125, "rmse": 44.26907609870362, "r2": 0.867857462733766}