{"mae": 106.47147369384766, "mse": 17710.583984375, "rmse": 133.0811180610345, "r2": 0.9653636290950548}