{"mae": 73.54895782470703, "mse": 9885.349609375, "rmse": 99.42509460449219, "r2": 0.9688194990158081}