{"mae": 0.06287554651498795, "mse": 0.005958277266472578, "rmse": 0.07718987800529664, "r2": 0.9219727521039089}