{"mae": 0.07236733287572861, "mse": 0.0083200354129076, "rmse": 0.09121422812756572, "r2": 0.9039404357007776}