{"mae": 0.07316998392343521, "mse": 0.013047588989138603, "rmse": 0.1142260433926458, "r2": 0.7221208293416266}