{"mae": 0.10261626541614532, "mse": 0.016089649870991707, "rmse": 0.12684498727321625, "r2": 0.6111764907836914}