{"mae": 23.290807723999023, "mse": 744.1577758789062, "rmse": 27.279255412839007, "r2": -0.3821526251252756}