{"mae": 108.70063781738281, "mse": 17750.849609375, "rmse": 133.23231443375514, "r2": 0.9399313804419607}