{"mae": 112.2479476928711, "mse": 16179.9931640625, "rmse": 127.20059967041016, "r2": -24.660179138183594}