{"mae": 20.214336395263672, "mse": 678.8960571289062, "rmse": 26.055633884611332, "r2": 0.8319991713714219}