{"mae": 0.007557508070021868, "mse": 0.00015951413661241531, "rmse": 0.012629890814423561, "r2": 0.8866122364997864}