{"mae": 0.06247711926698685, "mse": 0.006051300093531609, "rmse": 0.07779010279933822, "r2": 0.9365162221631322}