{"mae": 84.3505859375, "mse": 9626.265625, "rmse": 98.1135343619829, "r2": 0.9622721773528039}