{"mae": 66.12122344970703, "mse": 6305.1552734375, "rmse": 79.40500786120168, "r2": -168.45277756893486}