{"mae": 16.169002532958984, "mse": 418.1534423828125, "rmse": 20.44880051207925, "r2": 0.987821101904659}