{"mae": 0.06394254416227341, "mse": 0.005865682847797871, "rmse": 0.07658774606813985, "r2": 0.8914481952997895}