{"mae": 111.4455337524414, "mse": 16602.93359375, "rmse": 128.8523712158203, "r2": 0.5465516448020935}