{"mae": 0.08276575803756714, "mse": 0.010999134741723537, "rmse": 0.10487675977891163, "r2": 0.8004725528628585}