{"mae": 84.72046661376953, "mse": 8173.30078125, "rmse": 90.40631103515625, "r2": 0.6328200101852417}