{"mae": 49.0013313293457, "mse": 3864.04150390625, "rmse": 62.16141491235741, "r2": 0.8960285360183394}