{"mae": 0.009256045334041119, "mse": 0.00013591772585641593, "rmse": 0.011658376082777977, "r2": 0.9368235468864441}