{"mae": 31.53203010559082, "mse": 1469.970947265625, "rmse": 38.34020014639497, "r2": 0.6411570995626239}