{"mae": 0.03502282872796059, "mse": 0.002231457969173789, "rmse": 0.0472383089363575, "r2": -0.6809598207473755}