{"mae": 26.91824722290039, "mse": 927.9578247070312, "rmse": 30.462400436401367, "r2": 0.8886114954948425}