{"mae": 56.06098937988281, "mse": 6820.10595703125, "rmse": 82.58393096923828, "r2": 0.9750168919563293}