{"mae": 0.09752115607261658, "mse": 0.013236308470368385, "rmse": 0.11504915675644209, "r2": 0.764582964885613}