{"mae": 0.09571173042058945, "mse": 0.012467389926314354, "rmse": 0.11165747046470642, "r2": 0.8292713165283203}