{"mae": 15.140193939208984, "mse": 319.81866455078125, "rmse": 17.883474349975586, "r2": 0.9681336283683777}