{"mae": 3.218416452407837, "mse": 15.499323844909668, "rmse": 3.9369180642870467, "r2": 0.6824504397098252}