{"mae": 0.038548991084098816, "mse": 0.0032104547135531902, "rmse": 0.05666087462749927, "r2": 0.9617771907268653}