{"mae": 102.53327178955078, "mse": 13941.9853515625, "rmse": 118.07618452322424, "r2": 0.9524423368754548}