{"mae": 0.0668766051530838, "mse": 0.01101926900446415, "rmse": 0.104972705245018, "r2": 0.8502553701400757}