{"mae": 9.565245628356934, "mse": 124.5051040649414, "rmse": 11.158185518485585, "r2": 0.9713779549472719}