{"mae": 0.02737177349627018, "mse": 0.0010104846442118287, "rmse": 0.03178812190890312, "r2": -0.20391273498535156}