{"mae": 0.10880293697118759, "mse": 0.015205071307718754, "rmse": 0.12330884521281818, "r2": 0.7998933772140103}