{"mae": 0.07279973477125168, "mse": 0.009751579724252224, "rmse": 0.09875008463859558, "r2": 0.7961568832397461}