{"mae": 244.1022186279297, "mse": 116056.625, "rmse": 340.67083740234375, "r2": -2.051610231399536}