{"mae": 29.908462524414062, "mse": 1669.4669189453125, "rmse": 40.859110599048925, "r2": 0.8923508541377836}