{"mae": 0.09238576143980026, "mse": 0.01725139282643795, "rmse": 0.13134455765823702, "r2": 0.7471934939914164}