{"mae": 0.05307142809033394, "mse": 0.003917111549526453, "rmse": 0.06258683207773384, "r2": 0.9492404571244085}