{"mae": 0.06235615909099579, "mse": 0.009574921801686287, "rmse": 0.09785152937837142, "r2": 0.877984871808488}