{"mae": 0.032039862126111984, "mse": 0.0015579117462038994, "rmse": 0.03947038948535919, "r2": 0.9809239506721497}