{"mae": 0.06435125321149826, "mse": 0.006295132450759411, "rmse": 0.07934187352657318, "r2": 0.9128164052963257}