{"mae": 94.45809936523438, "mse": 10450.224609375, "rmse": 102.2263412475586, "r2": -146.11276245117188}