{"mae": 0.09849604219198227, "mse": 0.014079198241233826, "rmse": 0.11865579733512319, "r2": 0.7773730895505765}