{"mae": 20.776472091674805, "mse": 690.7118530273438, "rmse": 26.28139747097448, "r2": 0.9568624560912283}