{"mae": 0.23890084028244019, "mse": 0.08196701854467392, "rmse": 0.2862988273546958, "r2": -40.50048049902076}