{"mae": 0.04328508302569389, "mse": 0.004371576476842165, "rmse": 0.06611789762973785, "r2": 0.934827446937561}