{"mae": 9.286774635314941, "mse": 134.39141845703125, "rmse": 11.592731276840297, "r2": 0.9067058680531492}