{"mae": 53.717872619628906, "mse": 5069.0830078125, "rmse": 71.19749298825415, "r2": 0.8302175877792966}