{"mae": 80.58821868896484, "mse": 12311.224609375, "rmse": 110.9559555053711, "r2": 0.850856602191925}