{"mae": 29.22292709350586, "mse": 2031.400390625, "rmse": 45.071059346602894, "r2": 0.9541359251837476}