{"mae": 0.09335542470216751, "mse": 0.02460237592458725, "rmse": 0.15685144540165147, "r2": 0.25799161647555935}