{"mae": 18.064945220947266, "mse": 456.6983642578125, "rmse": 21.370502471923828, "r2": 0.9919204115867615}