{"mae": 0.22061149775981903, "mse": 0.06869842857122421, "rmse": 0.2621038507371157, "r2": -17.41664469316896}