{"mae": 66.86731719970703, "mse": 6275.90234375, "rmse": 79.22059631347656, "r2": 0.4526634216308594}