{"mae": 0.27585145831108093, "mse": 0.10447224974632263, "rmse": 0.32322167276703867, "r2": -6.79730257610718}