{"mae": 25.50084114074707, "mse": 861.2412719726562, "rmse": 29.346912477680785, "r2": 0.9816387489217882}