{"mae": 0.16550515592098236, "mse": 0.053120262920856476, "rmse": 0.23047833144664764, "r2": -1.3495476245880127}