{"mae": 42.683319091796875, "mse": 2853.82421875, "rmse": 53.42119634330553, "r2": 0.9045977582932464}