{"mae": 0.010473097674548626, "mse": 0.00018720403022598475, "rmse": 0.013682252381314442, "r2": 0.8505844632098745}