{"mae": 46.53126907348633, "mse": 3441.307861328125, "rmse": 58.66266156021328, "r2": 0.6747236459141767}