{"mae": 0.016598699614405632, "mse": 0.00032702102907933295, "rmse": 0.018083722766049387, "r2": 0.5541693128366852}