{"mae": 335.5795593261719, "mse": 143220.25, "rmse": 378.44451904296875, "r2": -0.04499185085296631}