{"mae": 24.76993751525879, "mse": 935.4705810546875, "rmse": 30.585464477539062, "r2": 0.9250859618186951}