{"mae": 42.12700271606445, "mse": 3036.726318359375, "rmse": 55.10649978323224, "r2": -1.8737836417748137}