{"mae": 28.13755226135254, "mse": 2407.23095703125, "rmse": 49.063541412353516, "r2": 0.8584524393081665}