{"mae": 24.89041519165039, "mse": 1025.828125, "rmse": 32.02855171561774, "r2": 0.9449686944730062}