{"mae": 0.05167725682258606, "mse": 0.007673689629882574, "rmse": 0.0875995983431578, "r2": 0.8711101236236366}