{"mae": 10.389124870300293, "mse": 191.09010314941406, "rmse": 13.82353401184082, "r2": 0.9878628849983215}