{"mae": 0.021890731528401375, "mse": 0.0008422075188718736, "rmse": 0.0290208118231016, "r2": 0.409224598843409}