{"mae": 0.1524125635623932, "mse": 0.03475142642855644, "rmse": 0.1864173412322998, "r2": 0.4422476291656494}