{"mae": 48.94273376464844, "mse": 3879.850830078125, "rmse": 62.288448608695695, "r2": 0.9875974026903763}