{"mae": 0.007002844940871, "mse": 9.172353020403534e-05, "rmse": 0.009577240218561678, "r2": 0.9494732629332167}