{"mae": 0.05843489244580269, "mse": 0.006591858807951212, "rmse": 0.08119026301195982, "r2": 0.9150262087742445}