{"mae": 134.914794921875, "mse": 23890.6640625, "rmse": 154.56605529785156, "r2": 0.6930091381072998}