{"mae": 33.55509948730469, "mse": 1485.2579345703125, "rmse": 38.53904428719416, "r2": 0.9622268875979252}