{"mae": 44.73637771606445, "mse": 3374.41357421875, "rmse": 58.089702824328086, "r2": 0.9119101440423003}