{"mae": 18.731550216674805, "mse": 610.4612426757812, "rmse": 24.7075138092041, "r2": 0.9002699851989746}