{"mae": 19.60332489013672, "mse": 552.3906860351562, "rmse": 23.502993129283688, "r2": 0.979533304240813}