{"mae": 5.417115688323975, "mse": 45.13014221191406, "rmse": 6.717896938323975, "r2": 0.986717700958252}