{"mae": 3.1959733963012695, "mse": 45.87652587890625, "rmse": 6.773221015930176, "r2": 0.9990658164024353}