{"mae": 180.27809143066406, "mse": 62282.81640625, "rmse": 249.5652618408203, "r2": -1.2919034957885742}