{"mae": 0.04147784411907196, "mse": 0.002658471232280135, "rmse": 0.05156036466360092, "r2": 0.9621488451957703}