{"mae": 0.030560659244656563, "mse": 0.0014259557938203216, "rmse": 0.03776182979345322, "r2": 0.972613513469696}