{"mae": 0.06477531790733337, "mse": 0.006236831657588482, "rmse": 0.07897361367943398, "r2": 0.9042065965090524}