{"mae": 0.1919373869895935, "mse": 0.0678984671831131, "rmse": 0.2605733573436737, "r2": -1.816084861755371}