{"mae": 0.009684661403298378, "mse": 0.00013652672350872308, "rmse": 0.01168446522206068, "r2": 0.954497218132019}