{"mae": 34.672794342041016, "mse": 1749.6239013671875, "rmse": 41.82850584669727, "r2": -2.5386149681832317}