{"mae": 35.601192474365234, "mse": 2366.771728515625, "rmse": 48.64947819366231, "r2": 0.9341688407091839}