{"mae": 84.45655059814453, "mse": 8345.9013671875, "rmse": 91.35590362548828, "r2": -1.4288105964660645}