{"mae": 40.81608200073242, "mse": 2821.81689453125, "rmse": 53.120776486524086, "r2": 0.9941588063836806}