{"mae": 47.85002517700195, "mse": 5203.521484375, "rmse": 72.13543847773437, "r2": 0.6866513412720501}