{"mae": 12.859910011291504, "mse": 236.39425659179688, "rmse": 15.375118255615234, "r2": 0.9875267744064331}