{"mae": 26.759666442871094, "mse": 1136.68408203125, "rmse": 33.714744567871094, "r2": 0.7263635993003845}