{"mae": 19.64256477355957, "mse": 670.2389526367188, "rmse": 25.888973572482914, "r2": 0.9897306566437377}