{"mae": 72.31787109375, "mse": 10165.82421875, "rmse": 100.82571209146008, "r2": 0.8991078627672515}