{"mae": 0.05003490298986435, "mse": 0.005654101260006428, "rmse": 0.07519375811865256, "r2": 0.9013665185259926}