{"mae": 0.015533127821981907, "mse": 0.00040605897083878517, "rmse": 0.020150904963271134, "r2": 0.994168420043218}