{"mae": 15.295441627502441, "mse": 312.9350280761719, "rmse": 17.689969702522724, "r2": 0.7779008416794875}