{"mae": 12.656206130981445, "mse": 316.8987731933594, "rmse": 17.801651000976562, "r2": 0.9463661313056946}