{"mae": 1.198913812637329, "mse": 2.339686393737793, "rmse": 1.529603362083435, "r2": 0.9999620914459229}