{"mae": 26.221311569213867, "mse": 1309.1700439453125, "rmse": 36.18245491872148, "r2": 0.9054293822131538}