{"mae": 31.90122413635254, "mse": 2319.15966796875, "rmse": 48.157654303015526, "r2": -2.5800283668647217}