{"mae": 19.578264236450195, "mse": 564.2551879882812, "rmse": 23.754056242845795, "r2": 0.9561153230858427}