{"mae": 41.242774963378906, "mse": 2824.414794921875, "rmse": 53.145225524902344, "r2": 0.8743374943733215}