{"mae": 0.18308435380458832, "mse": 0.04932403191924095, "rmse": 0.22209014367873453, "r2": -0.7792128453383378}