{"mae": 6.746216773986816, "mse": 83.79812622070312, "rmse": 9.154131647551456, "r2": 0.9687784331886755}