{"mae": 19.639307022094727, "mse": 844.8334350585938, "rmse": 29.06601905822754, "r2": 0.9621385335922241}