{"mae": 15.435098648071289, "mse": 336.0512390136719, "rmse": 18.331700385225368, "r2": 0.9742761861723733}