{"mae": 18.599708557128906, "mse": 564.0414428710938, "rmse": 23.749556687885644, "r2": 0.9981211910607498}