{"mae": 338.0751037597656, "mse": 158805.8125, "rmse": 398.50445556640625, "r2": -1.1906306743621826}