{"mae": 26.344472885131836, "mse": 1254.01318359375, "rmse": 35.41204833984375, "r2": 0.5760496854782104}