{"mae": 0.07012548297643661, "mse": 0.007719292771071196, "rmse": 0.08785950392484665, "r2": 0.817165195941925}