{"mae": 12.681085586547852, "mse": 273.70526123046875, "rmse": 16.544040051646054, "r2": 0.9958547225945419}