{"mae": 0.06487773358821869, "mse": 0.006111154332756996, "rmse": 0.0781738724431443, "r2": 0.9218255063072103}