{"mae": 0.13621178269386292, "mse": 0.025902392342686653, "rmse": 0.16094220186976024, "r2": -1.1958726136445619}