{"mae": 229.45541381835938, "mse": 80954.9609375, "rmse": 284.5258483886719, "r2": 0.6830581426620483}