{"mae": 0.09907657653093338, "mse": 0.013904877007007599, "rmse": 0.11791894252836395, "r2": 0.8301160219614144}