{"mae": 0.0332130491733551, "mse": 0.0019572791643440723, "rmse": 0.044241147864223326, "r2": 0.974240210147934}