{"mae": 0.01978122442960739, "mse": 0.0008404041873291135, "rmse": 0.028989725547667978, "r2": 0.5660271180006011}