{"mae": 0.01808229088783264, "mse": 0.0007272312068380415, "rmse": 0.0269672246780799, "r2": 0.6702462795481745}