{"mae": 0.015080583281815052, "mse": 0.0003039678558707237, "rmse": 0.017434673383831978, "r2": 0.9960784912109375}