{"mae": 68.99869537353516, "mse": 8586.005859375, "rmse": 92.66070288625595, "r2": 0.9318273863617604}