{"mae": 0.0704161673784256, "mse": 0.008530276827514172, "rmse": 0.09235949776560162, "r2": 0.8814508726143391}