{"mae": 93.962646484375, "mse": 15891.78515625, "rmse": 126.0626239463942, "r2": -0.8158362350224329}