{"mae": 35.702518463134766, "mse": 2334.65478515625, "rmse": 48.318265543749085, "r2": 0.8810915145738382}