{"mae": 0.05563030764460564, "mse": 0.006398622412234545, "rmse": 0.07999138961309864, "r2": 0.8265453888808162}