{"mae": 127.76378631591797, "mse": 25591.29296875, "rmse": 159.97279357910156, "r2": 0.9541352391242981}