{"mae": 0.08659663051366806, "mse": 0.01008903980255127, "rmse": 0.10044421255588531, "r2": 0.8927149772644043}