{"mae": 0.04767554625868797, "mse": 0.005465388763695955, "rmse": 0.07392826676368713, "r2": 0.8965977430343628}