{"mae": 0.05577387660741806, "mse": 0.0056938426569104195, "rmse": 0.07545755533351461, "r2": 0.9229307325637147}