{"mae": 0.015461168251931667, "mse": 0.0006616082973778248, "rmse": 0.025721747428178787, "r2": 0.7995952367782593}