{"mae": 0.053890012204647064, "mse": 0.006101400591433048, "rmse": 0.07811146229505539, "r2": 0.8919951915740967}