{"mae": 0.08506269752979279, "mse": 0.01185303833335638, "rmse": 0.10887165991825595, "r2": 0.8021504295936744}