{"mae": 0.08867708593606949, "mse": 0.017037706449627876, "rmse": 0.1305285656460986, "r2": 0.7085089763206351}