{"mae": 0.029268518090248108, "mse": 0.002408598782494664, "rmse": 0.04907747734444655, "r2": 0.9680492675083144}