{"mae": 36.46672058105469, "mse": 1980.8895263671875, "rmse": 44.507185109453815, "r2": 0.8356138326441545}