{"mae": 0.02001805789768696, "mse": 0.0009641707874834538, "rmse": 0.031051099617943546, "r2": 0.26833436597348637}