{"mae": 130.30198669433594, "mse": 30714.8125, "rmse": 175.2564239501953, "r2": -0.43667304515838623}