{"mae": 0.09435390681028366, "mse": 0.02328413911163807, "rmse": 0.15259140729904175, "r2": 0.21255958080291748}