{"mae": 34.59134292602539, "mse": 1823.2423095703125, "rmse": 42.699441560403486, "r2": 0.9680149053220918}