{"mae": 0.07989702373743057, "mse": 0.008270245045423508, "rmse": 0.09094088524580002, "r2": 0.9154184460639954}