{"mae": 107.12235260009766, "mse": 15871.7060546875, "rmse": 125.98295593261719, "r2": -1.7889561653137207}