{"mae": 19.61287498474121, "mse": 624.007568359375, "rmse": 24.980143481561008, "r2": 0.9743091314072412}