{"mae": 0.0461897999048233, "mse": 0.0033841696567833424, "rmse": 0.058173616500810245, "r2": -8.886995855415005}