{"mae": 0.08535424619913101, "mse": 0.012647074647247791, "rmse": 0.11245921326084311, "r2": 0.8648817214751824}