{"mae": 40.40861129760742, "mse": 8502.236328125, "rmse": 92.20757196740949, "r2": 0.7903143838041253}