{"mae": 64.960693359375, "mse": 7441.59375, "rmse": 86.2646713256836, "r2": -0.02640211582183838}