{"mae": 0.1551114320755005, "mse": 0.02603328227996826, "rmse": 0.16134832799434662, "r2": 0.7298033237457275}