{"mae": 1.7911226749420166, "mse": 9.989359855651855, "rmse": 3.160594940185547, "r2": 0.9998044371604919}