{"mae": 27.608108520507812, "mse": 1235.251953125, "rmse": 35.146151327350196, "r2": 0.9110107035482286}