{"mae": 0.016939416527748108, "mse": 0.000685464940033853, "rmse": 0.02618138537270045, "r2": 0.583615052509538}