{"mae": 0.07422187924385071, "mse": 0.009307203814387321, "rmse": 0.09647385041754745, "r2": 0.8134571138726889}