{"mae": 13.286229133605957, "mse": 290.5635681152344, "rmse": 17.04592526427458, "r2": 0.9947392623876116}