{"mae": 0.05689779296517372, "mse": 0.00637727091088891, "rmse": 0.07985781684274189, "r2": 0.9252697863285692}