{"mae": 15.250309944152832, "mse": 375.916259765625, "rmse": 19.3885600230039, "r2": 0.9743151015989854}