{"mae": 0.046226538717746735, "mse": 0.004521980416029692, "rmse": 0.06724567209887705, "r2": 0.9277449393131341}