{"mae": 1.3797959089279175, "mse": 8.522869110107422, "rmse": 2.9193954467773438, "r2": 0.9997265934944153}