{"mae": 0.03313441947102547, "mse": 0.002119513461366296, "rmse": 0.04603817395777439, "r2": -0.4951819336600458}