{"mae": 9.178192138671875, "mse": 151.7158660888672, "rmse": 12.317299464122287, "r2": 0.9878617658767448}