{"mae": 17.258255004882812, "mse": 493.5163879394531, "rmse": 22.215229034423828, "r2": 0.9721800088882446}