{"mae": 40.702632904052734, "mse": 2590.220703125, "rmse": 50.89421089991474, "r2": 0.4964056088526513}