{"mae": 0.0988810583949089, "mse": 0.01725674234330654, "rmse": 0.13136492052030688, "r2": 0.47749762489858516}