{"mae": 40.106868743896484, "mse": 2629.085205078125, "rmse": 51.2746058500514, "r2": -1.8035890195829203}