{"mae": 7.0146965980529785, "mse": 77.60655212402344, "rmse": 8.809457778930664, "r2": 0.9766720533370972}