{"mae": 20.585416793823242, "mse": 602.3906860351562, "rmse": 24.543648588487333, "r2": 0.706154527524533}