{"mae": 17.861751556396484, "mse": 523.7012329101562, "rmse": 22.88451950358924, "r2": 0.9900141324003737}