{"mae": 17.299964904785156, "mse": 386.1914978027344, "rmse": 19.651755590855856, "r2": 0.980788859243533}