{"mae": 0.09754901379346848, "mse": 0.01103038527071476, "rmse": 0.10502564162015915, "r2": -2.7985758781433105}