{"mae": 0.08075542747974396, "mse": 0.011171934194862843, "rmse": 0.10569737080392701, "r2": 0.7845120589120811}