{"mae": 14.734342575073242, "mse": 376.6881103515625, "rmse": 19.40845489501953, "r2": 0.9918550848960876}