{"mae": 19.568424224853516, "mse": 726.0769653320312, "rmse": 26.94581535845652, "r2": 0.9879045738720497}