{"mae": 0.016401370987296104, "mse": 0.0003243791579734534, "rmse": 0.01801052875816822, "r2": 0.9333760142326355}