{"mae": 0.03379751369357109, "mse": 0.001881454954855144, "rmse": 0.04337574169039726, "r2": 0.9701665043830872}