{"mae": 23.195043563842773, "mse": 796.1060180664062, "rmse": 28.215350752142108, "r2": 0.8165497259190668}