{"mae": 0.23325476050376892, "mse": 0.06251221150159836, "rmse": 0.2500244081020355, "r2": -0.18029391765594482}