{"mae": 0.17669914662837982, "mse": 0.057321611791849136, "rmse": 0.23941932209378827, "r2": -2.6283706393367576}