{"mae": 29.115737915039062, "mse": 1438.8291015625, "rmse": 37.931900842990984, "r2": 0.9012827416265613}