{"mae": 16.810161590576172, "mse": 471.776611328125, "rmse": 21.720419225422997, "r2": 0.9711767614138287}