{"mae": 0.41273510456085205, "mse": 0.2581366300582886, "rmse": 0.5080714821815491, "r2": 0.9999208450317383}