{"mae": 0.05066327750682831, "mse": 0.00525234080851078, "rmse": 0.07247303426265717, "r2": 0.9034236669540405}