{"mae": 0.008754177019000053, "mse": 0.00016359848086722195, "rmse": 0.012790562179483041, "r2": 0.9272414283046854}