{"mae": 0.3516658544540405, "mse": 0.2206108719110489, "rmse": 0.46969231963157654, "r2": 0.9999222755432129}