{"mae": 0.08793766796588898, "mse": 0.014012189581990242, "rmse": 0.11837309483996032, "r2": 0.671112596298771}