{"mae": 251.02047729492188, "mse": 104328.765625, "rmse": 322.9996371901987, "r2": 0.7566249370862301}