{"mae": 0.045924264937639236, "mse": 0.004432758316397667, "rmse": 0.06657896301683938, "r2": 0.9375859084198255}