{"mae": 31.958261489868164, "mse": 1328.7020263671875, "rmse": 36.45136642456055, "r2": 0.9822331070899963}