{"mae": 0.05110426992177963, "mse": 0.01248918380588293, "rmse": 0.11175501346588135, "r2": 0.80457603931427}