{"mae": 0.062323227524757385, "mse": 0.009025166742503643, "rmse": 0.09500087758807096, "r2": 0.8828471100840336}