{"mae": 30.323253631591797, "mse": 1452.026611328125, "rmse": 38.10546694803942, "r2": 0.9455830539657847}