{"mae": 53.653079986572266, "mse": 4184.43505859375, "rmse": 64.68721008300781, "r2": -57.99214172363281}