{"mae": 0.11816540360450745, "mse": 0.025907399132847786, "rmse": 0.16095775573996982, "r2": 0.021778612826027666}