{"mae": 146.3420867919922, "mse": 34744.94140625, "rmse": 186.3999501240545, "r2": 0.35918820797352935}