{"mae": 154.97140502929688, "mse": 38893.9375, "rmse": 197.21545958671697, "r2": 0.2513311133250741}