{"mae": 43.2391471862793, "mse": 3450.01171875, "rmse": 58.73680037889364, "r2": 0.9300978213497313}