{"mae": 99.57975006103516, "mse": 13112.4267578125, "rmse": 114.50950622558594, "r2": -1.4247186183929443}