{"mae": 325.8692321777344, "mse": 111317.4453125, "rmse": 333.6427001953125, "r2": 0.7787283658981323}