{"mae": 0.16323339939117432, "mse": 0.04945066198706627, "rmse": 0.22237504803162217, "r2": -0.4683921891088414}