{"mae": 47.009037017822266, "mse": 3152.30419921875, "rmse": 56.14538448722878, "r2": 0.9214477651528608}