{"mae": 0.004903553519397974, "mse": 4.692648508353159e-05, "rmse": 0.006850290875833784, "r2": 0.9749224864210828}