{"mae": 0.0747024416923523, "mse": 0.013239653781056404, "rmse": 0.11506369445249186, "r2": 0.6757295106953334}