{"mae": 41.02234649658203, "mse": 2511.867919921875, "rmse": 50.11853868502028, "r2": 0.9631863773973582}