{"mae": 3.9928581714630127, "mse": 39.58061599731445, "rmse": 6.2913126945495605, "r2": 0.9968396425247192}