{"mae": 12.306619644165039, "mse": 340.5321960449219, "rmse": 18.453514099121094, "r2": 0.9814102053642273}