{"mae": 12.835938453674316, "mse": 255.8845672607422, "rmse": 15.996392320168388, "r2": 0.9249720675319665}