{"mae": 51.29449462890625, "mse": 5569.4921875, "rmse": 74.62903046067261, "r2": 0.858337484247204}