{"mae": 0.037706952542066574, "mse": 0.002496203640475869, "rmse": 0.04996202141046524, "r2": 0.9748097062110901}