{"mae": 16.634925842285156, "mse": 472.9761962890625, "rmse": 21.748016357421875, "r2": 0.9781913161277771}