{"mae": 19.316709518432617, "mse": 566.9992065429688, "rmse": 23.811745138543895, "r2": 0.9569285613834292}