{"mae": 107.49505615234375, "mse": 18331.068359375, "rmse": 135.39227584827356, "r2": 0.9546337854386968}