{"mae": 41.80634307861328, "mse": 2747.414794921875, "rmse": 52.415787649541954, "r2": 0.9603579374095216}