{"mae": 45.147216796875, "mse": 2753.725341796875, "rmse": 52.47595012762394, "r2": 0.9637456580512848}