{"mae": 14.526410102844238, "mse": 380.6911926269531, "rmse": 19.511308670043945, "r2": 0.9932858347892761}