{"mae": 8.333751678466797, "mse": 112.05875396728516, "rmse": 10.585780744342156, "r2": 0.9928835266290981}