{"mae": 0.18896938860416412, "mse": 0.08353746682405472, "rmse": 0.28902848791088864, "r2": -0.4433441342710638}