{"mae": 0.03698058798909187, "mse": 0.0025949901901185513, "rmse": 0.050941046221279665, "r2": 0.9684681480763543}