{"mae": 20.29383659362793, "mse": 574.4763793945312, "rmse": 23.96823688539754, "r2": 0.9634677652708775}