{"mae": 0.07669929414987564, "mse": 0.011146185919642448, "rmse": 0.10557549867105742, "r2": 0.7719654723368227}