{"mae": 0.01856800727546215, "mse": 0.000496878637932241, "rmse": 0.022290775552392006, "r2": 0.6073521375656128}