{"mae": 0.0658363625407219, "mse": 0.007039187476038933, "rmse": 0.08389986576889699, "r2": 0.919105057916026}