{"mae": 0.014819844625890255, "mse": 0.0003418997803237289, "rmse": 0.018490532413125038, "r2": 0.8462687730789185}