{"mae": 0.05281061679124832, "mse": 0.004635451827198267, "rmse": 0.06808415055274963, "r2": 0.9403930902481079}