{"mae": 16.592697143554688, "mse": 428.8437805175781, "rmse": 20.708543659986766, "r2": 0.9912875115717512}