{"mae": 69.7520980834961, "mse": 11207.20703125, "rmse": 105.86409698878086, "r2": 0.9232826874412596}