{"mae": 0.02186492830514908, "mse": 0.0007698312401771545, "rmse": 0.02774583362042904, "r2": 0.9869637489318848}