{"mae": 0.05242571607232094, "mse": 0.004023163579404354, "rmse": 0.06342841302921234, "r2": 0.9380816859911629}