{"mae": 4.139091968536377, "mse": 61.018821716308594, "rmse": 7.8114542961120605, "r2": 0.9520462155342102}