{"mae": 0.10650543868541718, "mse": 0.02209426462650299, "rmse": 0.14864139258861542, "r2": 0.4023568630218506}