{"mae": 28.798858642578125, "mse": 1358.17626953125, "rmse": 36.85344311636634, "r2": 0.9031322978176162}