{"mae": 0.6323546767234802, "mse": 0.40488189458847046, "rmse": 0.6363033056259155, "r2": -8.896718978881836}