{"mae": 0.10362665355205536, "mse": 0.015600158832967281, "rmse": 0.12490059580709485, "r2": 0.672443672210308}