{"mae": 17.43956184387207, "mse": 496.2731018066406, "rmse": 22.277187924121854, "r2": 0.9673862411405948}