{"mae": 0.02819284051656723, "mse": 0.0012138404417783022, "rmse": 0.03484021299846346, "r2": -5.512598837028092}