{"mae": 11.717574119567871, "mse": 178.678466796875, "rmse": 13.367066499306233, "r2": 0.8984114141775387}