{"mae": 5.622420310974121, "mse": 53.62010192871094, "rmse": 7.322574815507926, "r2": 0.9821967982468386}