{"mae": 0.05589662864804268, "mse": 0.0049066683277487755, "rmse": 0.07004761471848114, "r2": 0.9098170139828776}