{"mae": 0.21560673415660858, "mse": 0.08226773887872696, "rmse": 0.2868235326445983, "r2": -1.4562293437370268}