{"mae": 35.72944641113281, "mse": 4110.63232421875, "rmse": 64.11421203613281, "r2": 0.7780246138572693}