{"mae": 0.020831622183322906, "mse": 0.0008738356409594417, "rmse": 0.029560711103751237, "r2": 0.6560367398670193}