{"mae": 0.1459823101758957, "mse": 0.039341770112514496, "rmse": 0.19834759831428528, "r2": -1.2565386295318604}