{"mae": 16.30104637145996, "mse": 460.9122009277344, "rmse": 21.4688663482666, "r2": 0.9776586294174194}