{"mae": 12.122342109680176, "mse": 238.57476806640625, "rmse": 15.445865727320248, "r2": 0.8985072465892262}