{"mae": 0.06384461373090744, "mse": 0.005949840880930424, "rmse": 0.07713521168007788, "r2": 0.8823418979760457}