{"mae": 0.21762533485889435, "mse": 0.06606186181306839, "rmse": 0.25702502176455194, "r2": -2.2063096778406677}