{"mae": 46.15966033935547, "mse": 3390.6875, "rmse": 58.22961016527588, "r2": 0.943307326357706}