{"mae": 0.01912514865398407, "mse": 0.0005779294879175723, "rmse": 0.024040164425969124, "r2": 0.9924191832542419}