{"mae": 27.029579162597656, "mse": 931.339599609375, "rmse": 30.51785659790039, "r2": 0.7036117315292358}