{"mae": 16.887407302856445, "mse": 398.2413330078125, "rmse": 19.9559848919519, "r2": 0.9735792136153716}