{"mae": 35.18449020385742, "mse": 1798.27734375, "rmse": 42.406100312926675, "r2": 0.5798420212538208}