{"mae": 0.13319888710975647, "mse": 0.02861740253865719, "rmse": 0.16916678911257135, "r2": -0.33115977447168654}