{"mae": 0.08449921756982803, "mse": 0.014585266821086407, "rmse": 0.12076947838068008, "r2": 0.8132386803627014}