{"mae": 0.07075579464435577, "mse": 0.007780085783451796, "rmse": 0.08820479456045344, "r2": 0.8793281226576286}