{"mae": 14.16524600982666, "mse": 381.7021789550781, "rmse": 19.537199874984083, "r2": 0.9860372693694832}