{"mae": 400.12652587890625, "mse": 171664.265625, "rmse": 414.3238525390625, "r2": -2.5729446411132812}