{"mae": 0.07191664725542068, "mse": 0.00783451460301876, "rmse": 0.08851279318332672, "r2": 0.8190393447875977}