{"mae": 41.78962326049805, "mse": 2814.515869140625, "rmse": 53.05200958251953, "r2": 0.9109363555908203}