{"mae": 10.571305274963379, "mse": 155.55210876464844, "rmse": 12.472053527832031, "r2": 0.9891970157623291}