{"mae": 0.08223076909780502, "mse": 0.01106305606663227, "rmse": 0.10518106325110177, "r2": 0.802802865064435}