{"mae": 41.55060958862305, "mse": 2666.36572265625, "rmse": 51.63686398936568, "r2": 0.9528085232939165}