{"mae": 0.001935686101205647, "mse": 7.867176464060321e-06, "rmse": 0.0028048488311469555, "r2": 0.9933300018310547}