{"mae": 0.07718916982412338, "mse": 0.010548003949224949, "rmse": 0.10270347583808909, "r2": 0.7672783976622342}