{"mae": 16.73672866821289, "mse": 497.35614013671875, "rmse": 22.301482913401045, "r2": 0.9821831575463972}