{"mae": 98.35588836669922, "mse": 20309.626953125, "rmse": 142.51184846575038, "r2": 0.7889381912382183}