{"mae": 75.95287322998047, "mse": 7920.98046875, "rmse": 88.99989318847656, "r2": -19.80828094482422}