{"mae": 0.06065954640507698, "mse": 0.006024313159286976, "rmse": 0.07761644902523547, "r2": 0.9064771912721701}