{"mae": 23.860095977783203, "mse": 1001.474853515625, "rmse": 31.646087491436045, "r2": 0.7761302284703581}