{"mae": 0.04111745208501816, "mse": 0.002980640856549144, "rmse": 0.054595245732106966, "r2": 0.9496081309514948}