{"mae": 0.25213831663131714, "mse": 0.09540831297636032, "rmse": 0.3088823610638204, "r2": -10.878670843776229}