{"mae": 42.180763244628906, "mse": 2452.519287109375, "rmse": 49.52291678717415, "r2": 0.9469239306142871}