{"mae": 0.014804037287831306, "mse": 0.00033671350684016943, "rmse": 0.018349754953136826, "r2": 0.5784752608681436}