{"mae": 0.05724596232175827, "mse": 0.005888462066650391, "rmse": 0.07673631517508767, "r2": 0.894992115440073}