{"mae": 0.024462303146719933, "mse": 0.0008993158116936684, "rmse": 0.029988594693544215, "r2": -3.387654778159301}