{"mae": 13.479828834533691, "mse": 361.5091247558594, "rmse": 19.013393299352416, "r2": 0.9375473918232037}