{"mae": 159.49996948242188, "mse": 36263.8984375, "rmse": 190.4308232337927, "r2": 0.5520212718577113}