{"mae": 0.1553000658750534, "mse": 0.04451879858970642, "rmse": 0.21099478332344243, "r2": -1.2405758255881039}