{"mae": 0.03280406817793846, "mse": 0.0012377676321193576, "rmse": 0.03518192195033349, "r2": -2.2134379073982022}