{"mae": 0.042218707501888275, "mse": 0.003947359509766102, "rmse": 0.06282801532569768, "r2": 0.9362227985650464}