{"mae": 33.63178253173828, "mse": 1906.0819091796875, "rmse": 43.6586979785207, "r2": 0.8501708226539598}