{"mae": 0.06413998454809189, "mse": 0.005976023618131876, "rmse": 0.07730474512041209, "r2": 0.909956134989504}