{"mae": 59.636226654052734, "mse": 5981.6484375, "rmse": 77.34111737943796, "r2": 0.8678999275486519}