{"mae": 0.012972421012818813, "mse": 0.00029036100022494793, "rmse": 0.017039982400957693, "r2": 0.6449974867629317}