{"mae": 28.453857421875, "mse": 1375.75390625, "rmse": 37.091156005859375, "r2": 0.8734192848205566}