{"mae": 45.975868225097656, "mse": 3043.79296875, "rmse": 55.17058181762695, "r2": 0.8843322992324829}