{"mae": 0.06872587651014328, "mse": 0.008097393438220024, "rmse": 0.08998551964759827, "r2": 0.8885891437530518}