{"mae": 8.137801170349121, "mse": 107.43373107910156, "rmse": 10.365024412856034, "r2": 0.9855724212834495}