{"mae": 0.018517909571528435, "mse": 0.0007492370787076652, "rmse": 0.027372195357838313, "r2": 0.7208622815755819}