{"mae": 0.03184587508440018, "mse": 0.001169468043372035, "rmse": 0.034197485921804764, "r2": -0.18516997490297915}