{"mae": 5.149489879608154, "mse": 57.45521926879883, "rmse": 7.579922199249268, "r2": 0.9950999617576599}