{"mae": 0.006937212310731411, "mse": 0.00013626721920445561, "rmse": 0.011673355475068092, "r2": 0.8998764157295227}