{"mae": 0.02535225637257099, "mse": 0.001052014296874404, "rmse": 0.032434768974781036, "r2": 0.9840057492256165}