{"mae": 18.690784454345703, "mse": 723.1837158203125, "rmse": 26.892074584960938, "r2": 0.8702807426452637}