{"mae": 0.08463897556066513, "mse": 0.00831768848001957, "rmse": 0.09120136499404907, "r2": 0.8659061193466187}