{"mae": 0.006196002941578627, "mse": 6.880233559058979e-05, "rmse": 0.008294717330360921, "r2": 0.9490906847173609}