{"mae": 0.2441089153289795, "mse": 0.09141194075345993, "rmse": 0.30234407676265124, "r2": -12.02445637903579}