{"mae": 13.143750190734863, "mse": 278.2007751464844, "rmse": 16.679351760379788, "r2": 0.9407938799126733}