{"mae": 0.05871557071805, "mse": 0.006882067304104567, "rmse": 0.08295822625939255, "r2": 0.8745555669633499}