{"mae": 0.08301611989736557, "mse": 0.01087543461471796, "rmse": 0.10428535187032721, "r2": 0.7690299324729939}