{"mae": 0.05850331857800484, "mse": 0.005189042538404465, "rmse": 0.07203500911643217, "r2": 0.9140337946966823}