{"mae": 29.706806182861328, "mse": 1382.8316650390625, "rmse": 37.186444641012166, "r2": 0.9477967308998341}