{"mae": 0.019561126828193665, "mse": 0.0009083619806915522, "rmse": 0.030139044123720184, "r2": 0.7078913993817464}