{"mae": 0.07159899920225143, "mse": 0.006998674478381872, "rmse": 0.08365808077156607, "r2": 0.8678125484796881}