{"mae": 31.437545776367188, "mse": 2112.097412109375, "rmse": 45.95756149291992, "r2": 0.8977614641189575}