{"mae": 0.009250596165657043, "mse": 0.00014643828035332263, "rmse": 0.012101168553215124, "r2": 0.8181536026722911}