{"mae": 0.034533847123384476, "mse": 0.0013429966056719422, "rmse": 0.03664691809241184, "r2": -2.5740194819798847}