{"mae": 0.02535429038107395, "mse": 0.0006816512905061245, "rmse": 0.026108452472448928, "r2": 0.25440161461667177}