{"mae": 14.659687042236328, "mse": 349.165771484375, "rmse": 18.685977937597354, "r2": 0.8312469971425801}