{"mae": 0.42322805523872375, "mse": 0.18842065334320068, "rmse": 0.4340744912624359, "r2": -7.035798072814941}