{"mae": 0.029873410239815712, "mse": 0.0020445010159164667, "rmse": 0.045216158792144946, "r2": 0.9670739436934775}