{"mae": 38.177799224853516, "mse": 4472.21337890625, "rmse": 66.87460937385914, "r2": 0.7190396859634915}