{"mae": 33.15142059326172, "mse": 2158.341796875, "rmse": 46.45795730415835, "r2": 0.9908337538861315}