{"mae": 0.07558032870292664, "mse": 0.009610743261873722, "rmse": 0.09803439836033943, "r2": 0.8280107510583765}