{"mae": 46.95102310180664, "mse": 3273.72265625, "rmse": 57.21645441872469, "r2": 0.9482384481253566}