{"mae": 0.016841348260641098, "mse": 0.0004227478930260986, "rmse": 0.020560833957456556, "r2": 0.8215505830349037}