{"mae": 0.20266996324062347, "mse": 0.07166014611721039, "rmse": 0.2676941156387329, "r2": 0.17856758832931519}