{"mae": 0.38018709421157837, "mse": 0.15282130241394043, "rmse": 0.3909236490726471, "r2": -8.24878215789795}