{"mae": 42.239261627197266, "mse": 4470.77197265625, "rmse": 66.86383056640625, "r2": 0.837992250919342}