{"mae": 35.20314407348633, "mse": 2180.882568359375, "rmse": 46.699920654296875, "r2": 0.9499695301055908}