{"mae": 0.5211388468742371, "mse": 0.3274327218532562, "rmse": 0.5722173452377319, "r2": 0.9999786019325256}