{"mae": 0.02373037487268448, "mse": 0.001102077541872859, "rmse": 0.033197553251299396, "r2": 0.13089210905035653}