{"mae": 0.057820986956357956, "mse": 0.004994597751647234, "rmse": 0.07067246813043418, "r2": 0.9282963363598755}