{"mae": 33.57201385498047, "mse": 1827.391357421875, "rmse": 42.747998285555724, "r2": 0.8670484007525909}