{"mae": 0.06090375408530235, "mse": 0.00517743406817317, "rmse": 0.07195438880411097, "r2": 0.9106465660200431}