{"mae": 0.003463829169049859, "mse": 2.461633448547218e-05, "rmse": 0.004961485043168068, "r2": 0.9837151765823364}