{"mae": 0.022277772426605225, "mse": 0.0009086226345971227, "rmse": 0.030143368003544703, "r2": 0.37745856895922214}