{"mae": 7.345601558685303, "mse": 83.58345794677734, "rmse": 9.142398916410142, "r2": 0.9936503102357256}