{"mae": 0.07089439779520035, "mse": 0.007725645322352648, "rmse": 0.08789565019016952, "r2": 0.8814932543845272}