{"mae": 0.15248025953769684, "mse": 0.04237668961286545, "rmse": 0.20585599541664124, "r2": -2.399080753326416}