{"mae": 0.01323316153138876, "mse": 0.0002928414905909449, "rmse": 0.0171126127243042, "r2": 0.9961543083190918}