{"mae": 17.078746795654297, "mse": 516.0343017578125, "rmse": 22.71638839599756, "r2": 0.7573092855136928}