{"mae": 50.58185577392578, "mse": 3713.316650390625, "rmse": 60.936988830566406, "r2": 0.9118319153785706}