{"mae": 0.02849050983786583, "mse": 0.002678688382729888, "rmse": 0.05175604682285818, "r2": 0.9414488398955952}