{"mae": 0.21567121148109436, "mse": 0.062067966908216476, "rmse": 0.24913443541232208, "r2": -16.82861113959118}