{"mae": 0.10005652904510498, "mse": 0.014239019714295864, "rmse": 0.11932736364428682, "r2": 0.5862729709422845}