{"mae": 0.030685104429721832, "mse": 0.0010778197320178151, "rmse": 0.03283016497091989, "r2": -1.743611981655624}