{"mae": 0.08399713039398193, "mse": 0.01906501315534115, "rmse": 0.13807611167430878, "r2": 0.6994967460632324}