{"mae": 161.4198455810547, "mse": 31241.6875, "rmse": 176.75318908691406, "r2": 0.6571223735809326}