{"mae": 11.02859115600586, "mse": 195.9775390625, "rmse": 13.999197959899902, "r2": 0.9963620901107788}