{"mae": 0.009344791062176228, "mse": 0.00012090348172932863, "rmse": 0.010995611930644363, "r2": 0.9060669994234267}