{"mae": 27.271465301513672, "mse": 1099.423583984375, "rmse": 33.15755696646505, "r2": 0.9801984994021951}