{"mae": 0.11248631030321121, "mse": 0.023604726418852806, "rmse": 0.15363829737032628, "r2": 0.5106719771067478}