{"mae": 75.4815902709961, "mse": 8694.904296875, "rmse": 93.24647069393565, "r2": 0.9678716767325597}