{"mae": 5.9624528884887695, "mse": 56.1420783996582, "rmse": 7.492801666259766, "r2": 0.9833695888519287}