{"mae": 195.29930114746094, "mse": 59872.30859375, "rmse": 244.6881866455078, "r2": 0.8374586701393127}