{"mae": 0.12561127543449402, "mse": 0.029925696551799774, "rmse": 0.17299045622348785, "r2": -0.8461061716079712}