{"mae": 0.029534082859754562, "mse": 0.00255729747004807, "rmse": 0.05056972879152181, "r2": 0.962439103107985}