{"mae": 0.22595494985580444, "mse": 0.09099244326353073, "rmse": 0.3016495406627655, "r2": -10.455769538879395}