{"mae": 0.020339734852313995, "mse": 0.0005700840847566724, "rmse": 0.023876433669136443, "r2": 0.17598132360495422}