{"mae": 0.06568533927202225, "mse": 0.014340530149638653, "rmse": 0.11975195259217551, "r2": 0.5084181608827596}