{"mae": 20.673917770385742, "mse": 592.1978759765625, "rmse": 24.335116107727174, "r2": 0.9499802911139634}