{"mae": 0.28079754114151, "mse": 0.11029420793056488, "rmse": 0.3321057180034166, "r2": -14.98297686948667}