{"mae": 0.08801412582397461, "mse": 0.012514862231910229, "rmse": 0.11186984505178431, "r2": 0.6641335414225188}