{"mae": 27.780120849609375, "mse": 1365.2802734375, "rmse": 36.949699233383484, "r2": 0.9527683894115528}