{"mae": 25.629606246948242, "mse": 922.28857421875, "rmse": 30.369204372501265, "r2": 0.9236981124144554}