{"mae": 67.23954010009766, "mse": 6401.69140625, "rmse": 80.01057059070382, "r2": -190.21251397959762}