{"mae": 90.80613708496094, "mse": 15241.68359375, "rmse": 123.45721361568954, "r2": 0.9746917727087931}