{"mae": 19.333723068237305, "mse": 611.0303344726562, "rmse": 24.71902847290039, "r2": 0.9880427122116089}