{"mae": 3.1918747425079346, "mse": 13.581178665161133, "rmse": 3.685265073934456, "r2": 0.6993131430953499}