{"mae": 0.15377570688724518, "mse": 0.041469015181064606, "rmse": 0.20363942442725722, "r2": -1.0214377826031225}