{"mae": 0.37301912903785706, "mse": 0.20558270812034607, "rmse": 0.4534122943878174, "r2": 0.9999369382858276}