{"mae": 9.80322265625, "mse": 451.8800964355469, "rmse": 21.257471084594727, "r2": 0.980779230594635}