{"mae": 29.824777603149414, "mse": 1183.3856201171875, "rmse": 34.40037155151367, "r2": 0.9831293225288391}