{"mae": 0.5873656272888184, "mse": 0.4040241837501526, "rmse": 0.6356289386749268, "r2": -86.84806823730469}