{"mae": 57.45909881591797, "mse": 5299.94921875, "rmse": 72.80075012491287, "r2": 0.8634524920964579}