{"mae": 0.02979443408548832, "mse": 0.001320008421316743, "rmse": 0.03633192014354241, "r2": -8.03517815398816}