{"mae": 0.08087607473134995, "mse": 0.013507800176739693, "rmse": 0.11622306215523533, "r2": 0.7674010993298171}