{"mae": 0.07253289967775345, "mse": 0.010877927765250206, "rmse": 0.10429730468832935, "r2": 0.7511185874924434}