{"mae": 33.502437591552734, "mse": 1734.5765380859375, "rmse": 41.64824771927311, "r2": 0.8361818311110396}