{"mae": 0.08236972242593765, "mse": 0.011655810289084911, "rmse": 0.10796207801392539, "r2": 0.7700012428205627}