{"mae": 0.0807582214474678, "mse": 0.01069478876888752, "rmse": 0.10341561182378374, "r2": 0.8097920192597197}