{"mae": 157.83480834960938, "mse": 33041.22265625, "rmse": 181.77244567871094, "r2": -0.14334535598754883}