{"mae": 0.12974797189235687, "mse": 0.03226710110902786, "rmse": 0.17963045835494995, "r2": -0.3362513780593872}