{"mae": 0.38215550780296326, "mse": 0.1557506024837494, "rmse": 0.39465251564979553, "r2": -8.343989372253418}