{"mae": 0.07415283471345901, "mse": 0.008415671065449715, "rmse": 0.09173696673342603, "r2": 0.9049980923693091}