{"mae": 0.14921486377716064, "mse": 0.03830762207508087, "rmse": 0.19572333043120044, "r2": -1.0874297678207294}