{"mae": 0.059563230723142624, "mse": 0.005109395831823349, "rmse": 0.07148003578186035, "r2": 0.058452486991882324}