{"mae": 32.68299102783203, "mse": 1630.577392578125, "rmse": 40.380408524160885, "r2": 0.9371468356911716}