{"mae": 33.205657958984375, "mse": 2231.796875, "rmse": 47.24189745342581, "r2": 0.9242851597466814}