{"mae": 0.03781599923968315, "mse": 0.002846532966941595, "rmse": 0.053352909638946545, "r2": 0.9617005988230399}