{"mae": 0.12023298442363739, "mse": 0.019366342574357986, "rmse": 0.13916300237178802, "r2": 0.3976309299468994}