{"mae": 0.06601069867610931, "mse": 0.010372065007686615, "rmse": 0.10184333560762145, "r2": 0.7667597675756448}