{"mae": 0.1319078803062439, "mse": 0.03528371453285217, "rmse": 0.1878395974636078, "r2": 0.29243749380111694}