{"mae": 0.005829001776874065, "mse": 6.132157432148233e-05, "rmse": 0.007830809301820747, "r2": 0.9467680525013948}