{"mae": 0.041122764348983765, "mse": 0.0029847968835383654, "rmse": 0.05463329464290402, "r2": 0.9506809734145116}