{"mae": 0.07574473321437836, "mse": 0.008330732583999634, "rmse": 0.09127284691516768, "r2": 0.8779294492855951}