{"mae": 28.283458709716797, "mse": 1023.147216796875, "rmse": 31.986672487098044, "r2": 0.9793735224733007}