{"mae": 0.0532364621758461, "mse": 0.0047320351004600525, "rmse": 0.06878978921656943, "r2": 0.8974589149590722}