{"mae": 0.036373071372509, "mse": 0.0024840114638209343, "rmse": 0.04983985796570778, "r2": 0.9574605822563171}