{"mae": 23.396835327148438, "mse": 1351.060302734375, "rmse": 36.756772202335384, "r2": -0.2902041953927299}