{"mae": 0.16520759463310242, "mse": 0.04825587198138237, "rmse": 0.21967219209855027, "r2": -0.6705729098975415}