{"mae": 0.3804456293582916, "mse": 0.22976355254650116, "rmse": 0.47933658957481384, "r2": 0.999930202960968}