{"mae": 0.0395486019551754, "mse": 0.002974395640194416, "rmse": 0.05453801900148392, "r2": 0.9666743278503418}