{"mae": 0.04087990149855614, "mse": 0.0030580791644752026, "rmse": 0.05529990202952626, "r2": 0.94519495445463}