{"mae": 0.14169500768184662, "mse": 0.0383390337228775, "rmse": 0.1958035590148389, "r2": -0.911926808749193}