{"mae": 6.303966522216797, "mse": 66.01118469238281, "rmse": 8.124726745705532, "r2": 0.973520253071416}