{"mae": 149.52725219726562, "mse": 36237.50390625, "rmse": 190.36151123046875, "r2": 0.056186795234680176}