{"mae": 8.83082389831543, "mse": 138.70556640625, "rmse": 11.777332737349743, "r2": 0.9977926769783816}