{"mae": 14.25185775756836, "mse": 293.8646240234375, "rmse": 17.142480101299157, "r2": 0.9810061496668158}