{"mae": 0.05595991760492325, "mse": 0.005101553630083799, "rmse": 0.07142516104345722, "r2": 0.9371854761728453}