{"mae": 39.608036041259766, "mse": 2681.629638671875, "rmse": 51.7844536388275, "r2": 0.9907059332059504}