{"mae": 17.96683120727539, "mse": 535.883544921875, "rmse": 23.14915862233172, "r2": 0.971948984107242}