{"mae": 0.16432951390743256, "mse": 0.044419072568416595, "rmse": 0.21075832843780518, "r2": -1.739262580871582}