{"mae": 0.008577090688049793, "mse": 9.918371506500989e-05, "rmse": 0.009959101676940918, "r2": 0.9330317378044128}