{"mae": 0.18529090285301208, "mse": 0.060921892523765564, "rmse": 0.24682360609100087, "r2": -1.3629391148808927}