{"mae": 0.0049818167462944984, "mse": 3.983346323366277e-05, "rmse": 0.006311375647783279, "r2": 0.9749370813369751}