{"mae": 0.006666839588433504, "mse": 0.0001455419260310009, "rmse": 0.012064075846537145, "r2": 0.8431327137896614}