{"mae": 46.70537567138672, "mse": 3244.528564453125, "rmse": 56.96076202392578, "r2": 0.9281955361366272}