{"mae": 0.20190145075321198, "mse": 0.06856249272823334, "rmse": 0.26184440556986, "r2": -1.625912068778855}