{"mae": 60.266910552978516, "mse": 6882.7041015625, "rmse": 82.96206665039062, "r2": 0.9080090522766113}