{"mae": 313.3091125488281, "mse": 102893.15625, "rmse": 320.7696228027344, "r2": -1.6107895374298096}