{"mae": 0.031010689213871956, "mse": 0.0016783690080046654, "rmse": 0.040967902167485526, "r2": -8.970378161507398}