{"mae": 0.03839804232120514, "mse": 0.002392810769379139, "rmse": 0.04891636595129967, "r2": 0.9628236889839172}