{"mae": 0.021841231733560562, "mse": 0.000982073717750609, "rmse": 0.03133805542388693, "r2": -0.14923516841150475}