{"mae": 0.07753823697566986, "mse": 0.008403247222304344, "rmse": 0.09166922723741236, "r2": 0.8368091768250223}