{"mae": 44.094200134277344, "mse": 4281.72998046875, "rmse": 65.43492936092122, "r2": 0.6905907325989986}