{"mae": 0.023815464228391647, "mse": 0.0007363752811215818, "rmse": 0.027136235573888685, "r2": 0.7138303626337351}