{"mae": 60.29396438598633, "mse": 5376.32373046875, "rmse": 73.32341766357422, "r2": 0.943130612373352}