{"mae": 0.0628502368927002, "mse": 0.006468694657087326, "rmse": 0.08042819565977671, "r2": 0.9319392925361347}