{"mae": 69.68647766113281, "mse": 13123.04296875, "rmse": 114.55584716796875, "r2": 0.8853059411048889}