{"mae": 323.33465576171875, "mse": 163595.3125, "rmse": 404.46917724609375, "r2": -4.194638252258301}