{"mae": 3.5560531616210938, "mse": 18.18531036376953, "rmse": 4.264423847198486, "r2": 0.6241032481193542}