{"mae": 0.04550540819764137, "mse": 0.0038747352082282305, "rmse": 0.062247371094916376, "r2": 0.9470745263147867}