{"mae": 0.023441428318619728, "mse": 0.0014361023204401135, "rmse": 0.03789594068551556, "r2": -0.21104763262161508}