{"mae": 38.19379806518555, "mse": 2166.229736328125, "rmse": 46.54277319120687, "r2": 0.9621373104433563}