{"mae": 0.14375869929790497, "mse": 0.026508290320634842, "rmse": 0.16281366348266602, "r2": 0.1543741226196289}