{"mae": 21.66605567932129, "mse": 829.142578125, "rmse": 28.794836044311523, "r2": 0.8219206929206848}