{"mae": 24.832826614379883, "mse": 886.343994140625, "rmse": 29.77152992609928, "r2": 0.9834120501474565}