{"mae": 0.018821489065885544, "mse": 0.0005250244867056608, "rmse": 0.022913413122296333, "r2": 0.9927830696105957}