{"mae": 4.437571048736572, "mse": 31.32313346862793, "rmse": 5.5967073774343365, "r2": 0.9823470365085102}