{"mae": 0.10150552541017532, "mse": 0.014336659573018551, "rmse": 0.11973579069358732, "r2": 0.8248799459369596}