{"mae": 0.10369794815778732, "mse": 0.015293698757886887, "rmse": 0.12366769488385755, "r2": 0.6757160532188553}