{"mae": 0.3421839475631714, "mse": 0.1461445540189743, "rmse": 0.382288574272073, "r2": -2.852290599164446}