{"mae": 0.048910219222307205, "mse": 0.010524710640311241, "rmse": 0.10259001238089038, "r2": 0.7457963528461359}