{"mae": 0.11146646738052368, "mse": 0.015089848078787327, "rmse": 0.12284073978662491, "r2": 0.7429923415184021}