{"mae": 7.536653518676758, "mse": 93.34742736816406, "rmse": 9.661647238859638, "r2": 0.9939929314769639}