{"mae": 37.33182144165039, "mse": 2331.345703125, "rmse": 48.28401184082031, "r2": -1.7203752994537354}