{"mae": 42.21873474121094, "mse": 3196.640869140625, "rmse": 56.53884389639237, "r2": 0.9066376327149327}