{"mae": 34.20521545410156, "mse": 1613.6290283203125, "rmse": 40.17000159721571, "r2": 0.5895783671908564}