{"mae": 0.1775234341621399, "mse": 0.039853017777204514, "rmse": 0.19963220626242778, "r2": -0.8730652026452628}