{"mae": 34.55630874633789, "mse": 2954.603759765625, "rmse": 54.35626697783454, "r2": 0.8945314166501865}