{"mae": 10.65531063079834, "mse": 178.0939178466797, "rmse": 13.345183320085178, "r2": 0.9793835600707985}