{"mae": 19.15901756286621, "mse": 763.7890014648438, "rmse": 27.63673282906002, "r2": 0.8269733189998962}