{"mae": 0.06210797652602196, "mse": 0.008293218910694122, "rmse": 0.0910671129822731, "r2": 0.8866292238235474}