{"mae": 0.020972879603505135, "mse": 0.0009428662597201765, "rmse": 0.030706127396989944, "r2": 0.9799579060875946}