{"mae": 0.12218161672353745, "mse": 0.021257786080241203, "rmse": 0.14580050110816956, "r2": -0.0685431957244873}