{"mae": 12.807082176208496, "mse": 278.74224853515625, "rmse": 16.695575717391606, "r2": 0.9715817575600427}