{"mae": 16.443836212158203, "mse": 357.9372253417969, "rmse": 18.919228983808956, "r2": 0.9820255856401464}