{"mae": 17.791065216064453, "mse": 384.7194519042969, "rmse": 19.61426654005438, "r2": 0.682401767908098}