{"mae": 165.513427734375, "mse": 36631.77734375, "rmse": 191.39430236816406, "r2": 0.6147054433822632}