{"mae": 40.0568733215332, "mse": 1992.82080078125, "rmse": 44.641021728515625, "r2": -0.042789340019226074}