{"mae": 266.1663818359375, "mse": 114574.8671875, "rmse": 338.48909463600154, "r2": 0.7585898737145826}