{"mae": 0.05717792734503746, "mse": 0.0053588757291436195, "rmse": 0.0732043422833893, "r2": 0.9341930000946856}