{"mae": 22.800037384033203, "mse": 928.2914428710938, "rmse": 30.46787558841433, "r2": 0.9389366823327042}