{"mae": 22.59553337097168, "mse": 714.899169921875, "rmse": 26.737598432205445, "r2": 0.9538048598739951}