{"mae": 0.0027038424741476774, "mse": 1.4455450582318008e-05, "rmse": 0.0038020324427634478, "r2": 0.9885355830192566}