{"mae": 0.09039302170276642, "mse": 0.013814738020300865, "rmse": 0.1175361136855429, "r2": 0.5345657720550953}