{"mae": 120.88157653808594, "mse": 21203.400390625, "rmse": 145.61387430676035, "r2": 0.8452064492901517}