{"mae": 24.111209869384766, "mse": 1067.2161865234375, "rmse": 32.668274924204944, "r2": 0.9741921737955642}