{"mae": 10.277124404907227, "mse": 176.9479217529297, "rmse": 13.302177331284142, "r2": 0.9936304434879497}