{"mae": 0.01098646316677332, "mse": 0.00020881083037238568, "rmse": 0.01445028824530451, "r2": 0.9974194916877814}