{"mae": 0.09139502048492432, "mse": 0.016539882868528366, "rmse": 0.12860747594338506, "r2": 0.5514370922979174}