{"mae": 5.18865966796875, "mse": 31.25689125061035, "rmse": 5.590786281965208, "r2": 0.2423885281569701}