{"mae": 19.46137809753418, "mse": 552.7696533203125, "rmse": 23.511053853885677, "r2": 0.9672220632493326}