{"mae": 374.1116943359375, "mse": 144071.5, "rmse": 379.5675048828125, "r2": -2.5869953632354736}