{"mae": 34.33699035644531, "mse": 2014.6248779296875, "rmse": 44.88457107543945, "r2": 0.8784695267677307}