{"mae": 0.202053964138031, "mse": 0.058932844549417496, "rmse": 0.24276087936366003, "r2": -1.1789197136045413}