{"mae": 0.2871656119823456, "mse": 0.08271627873182297, "rmse": 0.2876043915748596, "r2": -20.121835708618164}