{"mae": 0.01836511306464672, "mse": 0.0007466744282282889, "rmse": 0.027325344064225227, "r2": 0.02390905238423302}