{"mae": 55.73025131225586, "mse": 5545.42626953125, "rmse": 74.46761893287075, "r2": 0.9819884585107205}