{"mae": 0.01680804044008255, "mse": 0.0004092885064892471, "rmse": 0.020230880022610167, "r2": 0.2721264645391357}