{"mae": 22.473419189453125, "mse": 726.17626953125, "rmse": 26.94765796003894, "r2": 0.9297292682146601}