{"mae": 0.3784153461456299, "mse": 0.15811464190483093, "rmse": 0.3976363241672516, "r2": -8.038469314575195}