{"mae": 0.07554134726524353, "mse": 0.0075693936087191105, "rmse": 0.08700226208966702, "r2": 0.8493854990489837}