{"mae": 0.09178842604160309, "mse": 0.026102757081389427, "rmse": 0.1615634709596634, "r2": -0.5284879207611084}