{"mae": 55.74302291870117, "mse": 5354.7734375, "rmse": 73.17631746337062, "r2": 0.8128834151562341}