{"mae": 0.010268665850162506, "mse": 0.00015010728384368122, "rmse": 0.012251827865839005, "r2": 0.9174365401268005}