{"mae": 230.95790100097656, "mse": 97345.8203125, "rmse": 312.0029296875, "r2": -0.5408552885055542}