{"mae": 0.015271333046257496, "mse": 0.0004033840086776763, "rmse": 0.020084422039921297, "r2": 0.9946991941216664}