{"mae": 0.0966775044798851, "mse": 0.021060684695839882, "rmse": 0.14512299850761037, "r2": 0.4174278724124061}