{"mae": 66.4311752319336, "mse": 6875.43896484375, "rmse": 82.91826677423829, "r2": 0.41580961753057144}