{"mae": 0.1489708423614502, "mse": 0.04001648724079132, "rmse": 0.20004121959209442, "r2": 0.4201728105545044}