{"mae": 0.09577449411153793, "mse": 0.013023841194808483, "rmse": 0.11412204517449065, "r2": 0.7750341875606458}