{"mae": 21.331939697265625, "mse": 711.0042724609375, "rmse": 26.664663314819336, "r2": 0.8277382850646973}