{"mae": 3.796466588973999, "mse": 20.824670791625977, "rmse": 4.563405513763428, "r2": 0.992827296257019}