{"mae": 36.96635437011719, "mse": 2267.98828125, "rmse": 47.62340056369347, "r2": 0.9576348022460364}