{"mae": 15.117889404296875, "mse": 467.79248046875, "rmse": 21.628511428833008, "r2": 0.9865221977233887}