{"mae": 0.21335604786872864, "mse": 0.06358536332845688, "rmse": 0.2521613834996487, "r2": -0.9485670084281637}