{"mae": 7.00053596496582, "mse": 80.2132568359375, "rmse": 8.956185395353174, "r2": 0.9954451784737494}