{"mae": 0.2564426064491272, "mse": 0.11823879927396774, "rmse": 0.3438586890697479, "r2": 0.9999991655349731}