{"mae": 0.020753445103764534, "mse": 0.0007274900563061237, "rmse": 0.026972023770213127, "r2": 0.9867786169052124}