{"mae": 0.3056105673313141, "mse": 0.1150539368391037, "rmse": 0.33919602632522583, "r2": -8.38888931274414}