{"mae": 0.04729750007390976, "mse": 0.003915842156857252, "rmse": 0.0625766902037592, "r2": 0.9311274321477474}