{"mae": 58.1253547668457, "mse": 6211.046875, "rmse": 78.8101952478231, "r2": 0.8797731607421544}