{"mae": 224.46490478515625, "mse": 66937.6796875, "rmse": 258.7231750488281, "r2": -0.7093883752822876}