{"mae": 0.10012664645910263, "mse": 0.017746135592460632, "rmse": 0.13321462229222675, "r2": 0.44112559577548793}