{"mae": 16.24666976928711, "mse": 452.1404724121094, "rmse": 21.26359500207125, "r2": 0.9980634753193756}