{"mae": 8.963903427124023, "mse": 145.68348693847656, "rmse": 12.069941463755182, "r2": 0.9950736253248773}