{"mae": 52.15845489501953, "mse": 4435.8310546875, "rmse": 66.6020349140137, "r2": 0.8984464869181793}