{"mae": 29.045459747314453, "mse": 1288.0535888671875, "rmse": 35.8894634797901, "r2": 0.971430537211995}