{"mae": 0.03580920398235321, "mse": 0.0018007400212809443, "rmse": 0.04243512824177742, "r2": 0.9627505540847778}