{"mae": 123.15438079833984, "mse": 21310.634765625, "rmse": 145.9816247533401, "r2": 0.611303893760972}