{"mae": 35.31060791015625, "mse": 1905.495361328125, "rmse": 43.65198003903288, "r2": 0.8831049182248187}