{"mae": 31.884624481201172, "mse": 1374.1663818359375, "rmse": 37.06975022624158, "r2": -1.5537573636931867}