{"mae": 0.036949172616004944, "mse": 0.0045385113917291164, "rmse": 0.06736847758293152, "r2": 0.9112874865531921}