{"mae": 44.95010757446289, "mse": 2982.381103515625, "rmse": 54.61118112177785, "r2": 0.9502581311674593}