{"mae": 0.013795962557196617, "mse": 0.00037396876723505557, "rmse": 0.01933827208504047, "r2": 0.9949730399233156}