{"mae": 40.20280838012695, "mse": 4450.4365234375, "rmse": 66.71159362792969, "r2": 0.9537030458450317}