{"mae": 21.300100326538086, "mse": 791.5220947265625, "rmse": 28.134002685546875, "r2": 0.9378052353858948}