{"mae": 2.695605516433716, "mse": 22.056791305541992, "rmse": 4.696465969085693, "r2": 0.9964113831520081}