{"mae": 0.0402657575905323, "mse": 0.0033738312777131796, "rmse": 0.05808468908071518, "r2": 0.933134138584137}