{"mae": 39.20618438720703, "mse": 3703.42138671875, "rmse": 60.85574243010063, "r2": 0.8627925060181116}