{"mae": 49.765323638916016, "mse": 4155.19189453125, "rmse": 64.46077795474741, "r2": 0.9406920952909852}