{"mae": 0.015551842749118805, "mse": 0.000411942251957953, "rmse": 0.020296361297369003, "r2": 0.9945778250694275}