{"mae": 21.949817657470703, "mse": 720.3938598632812, "rmse": 26.84015387182572, "r2": 0.9568278443124406}