{"mae": 24.00046730041504, "mse": 840.42138671875, "rmse": 28.990022192450112, "r2": 0.978476032847794}