{"mae": 41.36317443847656, "mse": 2539.013916015625, "rmse": 50.38862883643119, "r2": 0.8807721961221893}