{"mae": 0.04606954753398895, "mse": 0.0036678421311080456, "rmse": 0.06056271120905876, "r2": 0.9350690245628357}