{"mae": 376.0376892089844, "mse": 144542.28125, "rmse": 380.1871643066406, "r2": -2.824205160140991}