{"mae": 0.06053334102034569, "mse": 0.008712130598723888, "rmse": 0.09333879471433026, "r2": 0.890952370064674}