{"mae": 0.08189471811056137, "mse": 0.009826353751122952, "rmse": 0.09912796654387172, "r2": 0.8428596967415546}