{"mae": 0.038310807198286057, "mse": 0.003445838810876012, "rmse": 0.05870126932859421, "r2": 0.9282189011573792}