{"mae": 19.779996871948242, "mse": 558.6728515625, "rmse": 23.636261370244238, "r2": 0.9651315219928577}