{"mae": 8.663256645202637, "mse": 161.90699768066406, "rmse": 12.724268060704476, "r2": 0.858675286155703}