{"mae": 37.125511169433594, "mse": 2222.8974609375, "rmse": 47.147613525390625, "r2": 0.9961843490600586}