{"mae": 38.780479431152344, "mse": 2512.533447265625, "rmse": 50.12517777789546, "r2": 0.7584247240292648}