{"mae": 0.21040543913841248, "mse": 0.06459055095911026, "rmse": 0.2541467114859255, "r2": -31.55826946524082}