{"mae": 4.821236610412598, "mse": 206.20840454101562, "rmse": 14.35995864868164, "r2": 0.8631408214569092}