{"mae": 18.47136116027832, "mse": 515.8148193359375, "rmse": 22.711556955346268, "r2": 0.9691815135005715}