{"mae": 18.351335525512695, "mse": 612.3297729492188, "rmse": 24.74529799677544, "r2": 0.9711479056953155}