{"mae": 81.93403625488281, "mse": 11818.3427734375, "rmse": 108.71220397949219, "r2": 0.9458399415016174}