{"mae": 31.535293579101562, "mse": 1463.6822509765625, "rmse": 38.25810046221012, "r2": 0.8773646691964034}