{"mae": 0.0598086342215538, "mse": 0.007447752635926008, "rmse": 0.08630036289567969, "r2": 0.8534588129825909}