{"mae": 0.023876843973994255, "mse": 0.0007020228076726198, "rmse": 0.026495713005552802, "r2": -0.46058221878025507}