{"mae": 0.050647854804992676, "mse": 0.0046534850262105465, "rmse": 0.06821645715082648, "r2": 0.9254628139027179}