{"mae": 66.17943572998047, "mse": 5137.05224609375, "rmse": 71.67323242392344, "r2": 0.4160067332882066}