{"mae": 31.867494583129883, "mse": 1531.2060546875, "rmse": 39.1306280896116, "r2": 0.9968468166712151}