{"mae": 23.953577041625977, "mse": 1147.6480712890625, "rmse": 33.87695487036966, "r2": -1.462445229811839}