{"mae": 0.05813451483845711, "mse": 0.0063775684684515, "rmse": 0.0798596798669485, "r2": 0.9246461722120074}