{"mae": 0.028617966920137405, "mse": 0.0018114241538569331, "rmse": 0.04256083071231842, "r2": 0.9640875458717346}