{"mae": 80.0259017944336, "mse": 8806.2880859375, "rmse": 93.8418248220776, "r2": 0.9709990949024303}