{"mae": 0.05273880064487457, "mse": 0.00488418061286211, "rmse": 0.06988691538572311, "r2": 0.9158689379692078}