{"mae": 0.3931666612625122, "mse": 0.16529612243175507, "rmse": 0.4065662622451782, "r2": -3.1454105377197266}