{"mae": 0.3053499758243561, "mse": 0.17255064845085144, "rmse": 0.4153921604156494, "r2": 0.9999052882194519}