{"mae": 12.038936614990234, "mse": 230.56480407714844, "rmse": 15.184360509324996, "r2": 0.916067574295213}