{"mae": 0.2496352195739746, "mse": 0.0825301855802536, "rmse": 0.2872806738718315, "r2": -47.1252993636383}