{"mae": 0.192807137966156, "mse": 0.053028423339128494, "rmse": 0.23027901193797165, "r2": -1.7055163361698749}