{"mae": 0.06865161657333374, "mse": 0.006493160035461187, "rmse": 0.08058014665822585, "r2": 0.8932506683822764}