{"mae": 0.0788741335272789, "mse": 0.00980021245777607, "rmse": 0.09899602085351944, "r2": 0.8760376572608948}