{"mae": 0.04342314600944519, "mse": 0.003546758322045207, "rmse": 0.05955466628074646, "r2": 0.9584068059921265}