{"mae": 81.85423278808594, "mse": 7911.84765625, "rmse": 88.94857025146484, "r2": -125.56019592285156}