{"mae": 0.03595662862062454, "mse": 0.003091474762186408, "rmse": 0.055601032024472426, "r2": 0.9289753010093438}