{"mae": 5.706990718841553, "mse": 50.656585693359375, "rmse": 7.117344005551465, "r2": 0.9828973892887536}