{"mae": 0.29729822278022766, "mse": 0.08877500146627426, "rmse": 0.297951340675354, "r2": -31.711639404296875}