{"mae": 13.71313762664795, "mse": 351.4981994628906, "rmse": 18.748285240599756, "r2": 0.9801098539187895}