{"mae": 0.021038001403212547, "mse": 0.0008150123758241534, "rmse": 0.02854842133820057, "r2": 0.9877513647079468}