{"mae": 0.015497792512178421, "mse": 0.00041937388596124947, "rmse": 0.020478620216246246, "r2": 0.9940890146117509}