{"mae": 27.120506286621094, "mse": 1689.7872314453125, "rmse": 41.10702168055128, "r2": 0.9678323874775542}