{"mae": 35.84066390991211, "mse": 1986.67041015625, "rmse": 44.572081061537276, "r2": -1.448923045537307}