{"mae": 0.10696180164813995, "mse": 0.017520450055599213, "rmse": 0.13236483931541443, "r2": 0.36820918321609497}