{"mae": 0.19285254180431366, "mse": 0.06465116143226624, "rmse": 0.2542659342288971, "r2": 0.32966339588165283}