{"mae": 61.85927963256836, "mse": 6305.3125, "rmse": 79.40599788429083, "r2": 0.8547670517295639}