{"mae": 0.1430967152118683, "mse": 0.02398945949971676, "rmse": 0.15488531079387988, "r2": 0.5116413697832104}