{"mae": 0.015676284208893776, "mse": 0.0002773440792225301, "rmse": 0.016653651371598244, "r2": 0.8631120324134827}