{"mae": 68.90231323242188, "mse": 7353.53662109375, "rmse": 85.75276184082031, "r2": 0.2399197816848755}