{"mae": 0.11372989416122437, "mse": 0.024295654147863388, "rmse": 0.15587063133716583, "r2": 0.6080464124679565}