{"mae": 53.4897346496582, "mse": 4536.611328125, "rmse": 67.35437126219055, "r2": 0.902602787071322}