{"mae": 5.206488609313965, "mse": 57.474853515625, "rmse": 7.581217152649368, "r2": 0.9967863590339858}