{"mae": 0.07452964037656784, "mse": 0.0108398562297225, "rmse": 0.10411463023861008, "r2": 0.728803727683025}