{"mae": 48.52159118652344, "mse": 3831.2451171875, "rmse": 61.89705276489258, "r2": 0.7818903923034668}