{"mae": 22.830799102783203, "mse": 1156.59765625, "rmse": 34.0087890625, "r2": 0.9478535652160645}