{"mae": 27.87291145324707, "mse": 1318.0150146484375, "rmse": 36.30447650976994, "r2": 0.9512125818012662}