{"mae": 29.143903732299805, "mse": 1118.299560546875, "rmse": 33.44098663330078, "r2": 0.9815245270729065}