{"mae": 0.17041434347629547, "mse": 0.03606283664703369, "rmse": 0.1899021714925766, "r2": -0.11453378200531006}