{"mae": 0.0059577347710728645, "mse": 5.61171727895271e-05, "rmse": 0.007491139618878232, "r2": 0.9704098740225479}