{"mae": 21.55886459350586, "mse": 890.7899169921875, "rmse": 29.84610366821289, "r2": 0.8062704205513}