{"mae": 4.0292792320251465, "mse": 19.8561954498291, "rmse": 4.456029112318399, "r2": 0.3666036590760864}