{"mae": 0.04202030599117279, "mse": 0.0035509690642356873, "rmse": 0.05959000809058249, "r2": 0.9165287132995507}