{"mae": 52.811702728271484, "mse": 3879.698486328125, "rmse": 62.28722570742836, "r2": 0.9222074051014983}