{"mae": 96.30268096923828, "mse": 13619.2587890625, "rmse": 116.70158386230469, "r2": 0.6971613764762878}