{"mae": 0.16569764912128448, "mse": 0.035946786403656006, "rmse": 0.18959638476371765, "r2": -5.6680378913879395}