{"mae": 0.011060080491006374, "mse": 0.0002190831146435812, "rmse": 0.014801456592977047, "r2": 0.9974330067634583}