{"mae": 44.16120529174805, "mse": 2516.618408203125, "rmse": 50.16590881347656, "r2": 0.8889326453208923}