{"mae": 23.404714584350586, "mse": 942.7188110351562, "rmse": 30.703726337940747, "r2": 0.9761892246773844}