{"mae": 0.03457721695303917, "mse": 0.0017128639155998826, "rmse": 0.04138676077127457, "r2": 0.9736666083335876}