{"mae": 28.7398738861084, "mse": 1177.6510009765625, "rmse": 34.316920039195864, "r2": 0.8999119419593369}