{"mae": 0.009318639524281025, "mse": 0.0002470810723025352, "rmse": 0.01571881268743079, "r2": 0.8039714332335148}