{"mae": 16.97325325012207, "mse": 432.93878173828125, "rmse": 20.807181013733725, "r2": 0.9286163732266762}