{"mae": 0.21842698752880096, "mse": 0.08513155579566956, "rmse": 0.29177311062812805, "r2": -2.3224291801452637}