{"mae": 0.03451114520430565, "mse": 0.0019078553887084126, "rmse": 0.04367900267243385, "r2": 0.9728986024856567}