{"mae": 40.2929801940918, "mse": 2510.783203125, "rmse": 50.10771560668945, "r2": 0.9443157315254211}