{"mae": 276.977294921875, "mse": 105574.109375, "rmse": 324.92169189453125, "r2": 0.6517703533172607}