{"mae": 9.495649337768555, "mse": 133.22071838378906, "rmse": 11.54212760925293, "r2": 0.9895027875900269}