{"mae": 26.011980056762695, "mse": 1232.95947265625, "rmse": 35.11352264664213, "r2": 0.9961259320909776}