{"mae": 0.05081534758210182, "mse": 0.005156027618795633, "rmse": 0.07180548460107788, "r2": 0.8991894002984513}