{"mae": 7.461548805236816, "mse": 109.38220977783203, "rmse": 10.458595019305033, "r2": 0.9935638339028696}