{"mae": 191.37139892578125, "mse": 54576.9453125, "rmse": 233.6170912251499, "r2": 0.5479119252800848}