{"mae": 0.014850282110273838, "mse": 0.000253775593591854, "rmse": 0.015930335968732834, "r2": 0.8218647241592407}