{"mae": 0.004553519655019045, "mse": 2.4613813366158865e-05, "rmse": 0.004961231257766485, "r2": 0.9798322916030884}