{"mae": 0.005549311637878418, "mse": 5.638175571220927e-05, "rmse": 0.007508778478950262, "r2": 0.9554919600486755}