{"mae": 0.05481419339776039, "mse": 0.005500137340277433, "rmse": 0.07416290789842606, "r2": 0.9099574685096741}