{"mae": 22.622570037841797, "mse": 986.384033203125, "rmse": 31.406751395251387, "r2": 0.9709131316725774}