{"mae": 0.029508566483855247, "mse": 0.00094484823057428, "rmse": 0.030738383531570435, "r2": 0.29285740852355957}