{"mae": 25.876436233520508, "mse": 1490.8309326171875, "rmse": 38.61127986245972, "r2": 0.4691199293166515}