{"mae": 0.4992179572582245, "mse": 0.26699021458625793, "rmse": 0.5167109370231628, "r2": -16.461782455444336}