{"mae": 85.74105834960938, "mse": 9790.529296875, "rmse": 98.94710352948691, "r2": 0.9715621243433538}