{"mae": 43.602882385253906, "mse": 3254.095458984375, "rmse": 57.044679497604115, "r2": 0.8927841531972689}