{"mae": 0.08075118809938431, "mse": 0.0114323440939188, "rmse": 0.10692214033547402, "r2": 0.8792771155785831}