{"mae": 0.0034139337949454784, "mse": 2.229127858299762e-05, "rmse": 0.004721364006400108, "r2": 0.9858077764511108}