{"mae": 0.1525748372077942, "mse": 0.036475956439971924, "rmse": 0.19098679721355438, "r2": 0.5304874777793884}