{"mae": 28.145158767700195, "mse": 1041.602783203125, "rmse": 32.27387237548828, "r2": 0.982668936252594}