{"mae": 0.17613011598587036, "mse": 0.042009707540273666, "rmse": 0.20496269792397265, "r2": -0.6250219303613929}