{"mae": 0.05380982533097267, "mse": 0.0048093111254274845, "rmse": 0.06934919953346252, "r2": 0.9381747245788574}