{"mae": 0.2087322473526001, "mse": 0.05226306989789009, "rmse": 0.22861117124557495, "r2": -1.551217794418335}