{"mae": 111.13379669189453, "mse": 16913.9296875, "rmse": 130.05355834960938, "r2": 0.8613770008087158}