{"mae": 0.05713082104921341, "mse": 0.005416018422693014, "rmse": 0.07359360313704591, "r2": 0.9348530625903446}