{"mae": 0.01185839157551527, "mse": 0.00026215013349428773, "rmse": 0.016191051031180397, "r2": 0.7723858526850688}