{"mae": 64.99847412109375, "mse": 5834.134765625, "rmse": 76.38150787353516, "r2": 0.5877408385276794}