{"mae": 0.0893348902463913, "mse": 0.015798065811395645, "rmse": 0.12569035687512248, "r2": 0.58555984593288}