{"mae": 28.028202056884766, "mse": 1147.294921875, "rmse": 33.871742232648735, "r2": 0.7627770376593737}