{"mae": 0.035695258527994156, "mse": 0.002174417721107602, "rmse": 0.046630652162580805, "r2": 0.9598201235871567}