{"mae": 10.815237045288086, "mse": 175.063232421875, "rmse": 13.231145858764648, "r2": 0.9905809760093689}