{"mae": 129.72329711914062, "mse": 30195.765625, "rmse": 173.769287109375, "r2": 0.544055700302124}