{"mae": 12.601679801940918, "mse": 268.7087707519531, "rmse": 16.39233878224682, "r2": 0.9887415314598171}