{"mae": 166.90248107910156, "mse": 64799.76953125, "rmse": 254.5579833984375, "r2": -1.5555686950683594}