{"mae": 0.12467115372419357, "mse": 0.01951191946864128, "rmse": 0.13968507945537567, "r2": 0.6712852716445923}