{"mae": 0.40953317284584045, "mse": 0.24956944584846497, "rmse": 0.49956926703453064, "r2": 0.9999233484268188}