{"mae": 24.7872371673584, "mse": 1075.703125, "rmse": 32.7979134244848, "r2": 0.9181914462687647}