{"mae": 242.62222290039062, "mse": 64863.14453125, "rmse": 254.68243408203125, "r2": 0.690866231918335}