{"mae": 0.6340808868408203, "mse": 0.4375458061695099, "rmse": 0.6614724397659302, "r2": -80.73798370361328}