{"mae": 0.291253924369812, "mse": 0.1507262885570526, "rmse": 0.38823482394218445, "r2": 0.9999991655349731}