{"mae": 77.18673706054688, "mse": 10448.6103515625, "rmse": 102.21844428263668, "r2": 0.8334791823116172}