{"mae": 0.07350748032331467, "mse": 0.007588100619614124, "rmse": 0.08710970450882108, "r2": 0.8630000230710836}