{"mae": 44.349910736083984, "mse": 5100.31884765625, "rmse": 71.41651916503906, "r2": 0.8445243835449219}