{"mae": 80.6832504272461, "mse": 10141.1953125, "rmse": 100.70350198726953, "r2": 0.9776155826747405}