idx, model, SOH_MSE, infer_time, memory/num_params
4, PINN, 0.0403, 0.031178667234877746, 12402
6, MAGNet, 0.0244, 1.725777928829193, 68945
7, DeNN, 0.0542, 0.7319037922223409, 666410
8, MambaLithium, 0.0338, 0.515796694556872, 234625
9, LSTM-DA, 0.1140, 0.46054549237092335, 70785
10, ConvMMD, 0.0891, 1.832770237525304, 12532
12, DDAN, 0.0667, 0.5275388789176941, 117707
13, ours, 0.0208, 0.35346122642358146, 50256
