{"mae": 0.1108049750328064, "mse": 0.018313223496079445, "rmse": 0.13532635920647332, "r2": 0.6065820961682735}