{"mae": 0.010597039014101028, "mse": 0.0003541065671015531, "rmse": 0.0188177190721035, "r2": 0.8949769139289856}