{"mae": 9.123651504516602, "mse": 161.98793029785156, "rmse": 12.727447909846324, "r2": 0.9865812763003782}