{"mae": 25.268617630004883, "mse": 1182.781494140625, "rmse": 34.3915901184082, "r2": 0.995326578617096}