{"mae": 0.025582745671272278, "mse": 0.0018201550701633096, "rmse": 0.04266327542703806, "r2": 0.4740153721584468}