{"mae": 0.2519640326499939, "mse": 0.07837749272584915, "rmse": 0.279959805554028, "r2": -2.9433629548907376}