{"mae": 0.0869595855474472, "mse": 0.011429023928940296, "rmse": 0.10690661312070594, "r2": 0.7524864872127847}