{"mae": 15.530354499816895, "mse": 532.7055053710938, "rmse": 23.080413890809968, "r2": 0.9552330072520427}