{"mae": 0.025092734023928642, "mse": 0.0006744726561009884, "rmse": 0.0259706113925142, "r2": 0.3555826360748361}