{"mae": 0.11541188508272171, "mse": 0.016195207834243774, "rmse": 0.12726038694381714, "r2": 0.717134952545166}