{"mae": 0.14919458329677582, "mse": 0.04080143943428993, "rmse": 0.2019936618666287, "r2": -0.21851705879794636}