{"mae": 0.2229582667350769, "mse": 0.057633765041828156, "rmse": 0.24007033353129695, "r2": -2.7351994534434554}