{"mae": 0.06232523173093796, "mse": 0.007356780115514994, "rmse": 0.08577167431917715, "r2": 0.8868534968036679}