{"mae": 0.03453350067138672, "mse": 0.002150558866560459, "rmse": 0.0463741198182106, "r2": 0.9704908728599548}