{"mae": 25.9461669921875, "mse": 1260.40625, "rmse": 35.502200636016916, "r2": 0.935169665272996}