{"mae": 0.05743895471096039, "mse": 0.0061063808389008045, "rmse": 0.07814333521741189, "r2": 0.8406361343527583}