{"mae": 48.615238189697266, "mse": 3270.100341796875, "rmse": 57.18479117559909, "r2": 0.9233873165634388}