{"mae": 125.65475463867188, "mse": 27385.212890625, "rmse": 165.4847814471923, "r2": 0.9279056321630406}