{"mae": 19.752973556518555, "mse": 605.2689208984375, "rmse": 24.602213739792553, "r2": 0.9668550074658553}