{"mae": 0.05947171524167061, "mse": 0.00495615229010582, "rmse": 0.07039994524220754, "r2": 0.91320602852666}