{"mae": 33.84719467163086, "mse": 1865.6424560546875, "rmse": 43.193084716796875, "r2": 0.9939765334129333}