{"mae": 32.16004943847656, "mse": 1368.1015625, "rmse": 36.98785696008894, "r2": 0.9759799038614331}