{"mae": 18.41854476928711, "mse": 514.0258178710938, "rmse": 22.672137479097415, "r2": 0.9570702254823276}