{"mae": 0.05406802520155907, "mse": 0.004895204212516546, "rmse": 0.06996573507785797, "r2": 0.9372942447662354}