{"mae": 0.07380848377943039, "mse": 0.010461864992976189, "rmse": 0.10228326171636581, "r2": 0.8258333206176758}