{"mae": 0.007042259909212589, "mse": 8.071595948422328e-05, "rmse": 0.00898420624434948, "r2": 0.9540025591850281}