{"mae": 0.15313515067100525, "mse": 0.033889155834913254, "rmse": 0.18409007787704468, "r2": 0.10455471277236938}