{"mae": 13.234285354614258, "mse": 264.33709716796875, "rmse": 16.25844694821645, "r2": 0.983926589413742}