{"mae": 15.65770149230957, "mse": 488.3635559082031, "rmse": 22.098949203711094, "r2": 0.9917693189720131}