{"mae": 0.12059269845485687, "mse": 0.020207850262522697, "rmse": 0.14215431848003315, "r2": 0.5794095159973085}