{"mae": 0.025973165407776833, "mse": 0.0008857224020175636, "rmse": 0.029761089012026787, "r2": 0.6610655784606934}