{"mae": 0.07151512056589127, "mse": 0.008069432340562344, "rmse": 0.0898300191504062, "r2": 0.9032333285312901}