{"mae": 35.063934326171875, "mse": 1900.676513671875, "rmse": 43.59674888878613, "r2": -1.7920587792363296}