{"mae": 17.889705657958984, "mse": 623.8900756835938, "rmse": 24.97779083251953, "r2": 0.7332122325897217}