{"mae": 0.2775798439979553, "mse": 0.10603831708431244, "rmse": 0.3256352515995657, "r2": -18.4832173666187}