{"mae": 0.03405073657631874, "mse": 0.0019972489681094885, "rmse": 0.04469059035181999, "r2": 0.9638296961784363}