{"mae": 151.50344848632812, "mse": 24940.5859375, "rmse": 157.92588806152344, "r2": -1.9765822887420654}