{"mae": 38.724342346191406, "mse": 3993.894287109375, "rmse": 63.197265625, "r2": 0.9424700736999512}