{"mae": 28.08597183227539, "mse": 1232.6424560546875, "rmse": 35.1090087890625, "r2": 0.8936774134635925}