{"mae": 40.65156555175781, "mse": 2737.510986328125, "rmse": 52.32122883044821, "r2": 0.9906401991589975}