{"mae": 94.62613677978516, "mse": 16270.3369140625, "rmse": 127.55523083771398, "r2": -0.8754087451745178}