{"mae": 20.758039474487305, "mse": 787.860595703125, "rmse": 28.06885528564453, "r2": 0.9491813778877258}