{"mae": 24.76850128173828, "mse": 1492.3360595703125, "rmse": 38.63076571296914, "r2": 0.9667450655232832}