{"mae": 0.011203077621757984, "mse": 0.00022802640160080045, "rmse": 0.01510054308959782, "r2": 0.7309947704539409}