{"mae": 7.196328639984131, "mse": 79.0853042602539, "rmse": 8.892991862149312, "r2": 0.9942666470986493}