{"mae": 0.08745808154344559, "mse": 0.009197074919939041, "rmse": 0.09590138494968414, "r2": 0.8798863887786865}