{"mae": 0.08360318839550018, "mse": 0.01588592305779457, "rmse": 0.12603937089443207, "r2": 0.7928804159164429}