{"mae": 47.43948745727539, "mse": 3132.10302734375, "rmse": 55.96519478518546, "r2": 0.9208083425655721}