{"mae": 0.034029457718133926, "mse": 0.0016203481936827302, "rmse": 0.040253548833397663, "r2": -0.5257186051236602}