{"mae": 0.07158540189266205, "mse": 0.01137249730527401, "rmse": 0.10664191157923797, "r2": 0.7581479050520674}