{"mae": 31.16938018798828, "mse": 1466.4757080078125, "rmse": 38.294591106418835, "r2": 0.9755299390662321}