{"mae": 0.1476837396621704, "mse": 0.027309948578476906, "rmse": 0.16525721944434654, "r2": 0.3011946872133988}