{"mae": 477.0780029296875, "mse": 339408.5625, "rmse": 582.5878295898438, "r2": -2.523754119873047}