{"mae": 146.41673278808594, "mse": 33734.578125, "rmse": 183.6697528854438, "r2": 0.7695985546372113}