{"mae": 0.029999326914548874, "mse": 0.0022479433100670576, "rmse": 0.047412481158971786, "r2": 0.5611808896064758}