{"mae": 48.435752868652344, "mse": 3811.542724609375, "rmse": 61.73769289995679, "r2": 0.9042130056351408}