{"mae": 0.0228471290320158, "mse": 0.0010389304952695966, "rmse": 0.03223244476097953, "r2": 0.9851390999098875}