{"mae": 0.06332886964082718, "mse": 0.006215590983629227, "rmse": 0.0788390194233111, "r2": 0.9037756254282756}