{"mae": 44.69032669067383, "mse": 3822.435302734375, "rmse": 61.82584762573242, "r2": 0.7507357597351074}