,mae,mse,rmse,r2,exp_itr
RUL_task5_Informer_mit_pseudo_8-4.4-4.4-3.94_13_task5,21.493864059448242,665.0220947265625,25.788022994995117,0.987150728702545,20241.0
RUL_task5_Informer_mit_pseudo_8-4.4-4.4-3.94_16_task5,12.972816467285156,245.41690063476562,15.665787696838379,0.9934594631195061,20241.0
RUL_task5_Informer_mit_pseudo_8-4.4-4.4-3.94_23_task5,6.200074195861816,58.28054428100586,7.634169578552246,0.9981746077537531,20241.0
RUL_task5_Informer_mit_pseudo_8-4.4-4.4-3.94_24_task5,11.63891887664795,204.75570678710938,14.309287071228027,0.9945259690284721,20241.0
RUL_task5_Informer_mit_pseudo_8-4.4-4.4-3.94_47_task5,14.545302391052246,392.166748046875,19.803199768066406,0.9910199046134941,20241.0
0,13.370195198059083,313.1283988952637,16.640093421936037,0.9928661346435541,
