{"mae": 0.06319042295217514, "mse": 0.006301937624812126, "rmse": 0.0793847442825895, "r2": 0.9339145421963296}