{"mae": 12.819366455078125, "mse": 393.49420166015625, "rmse": 19.836688995361328, "r2": 0.9579722881317139}