{"mae": 255.07781982421875, "mse": 106239.0390625, "rmse": 325.9433065158725, "r2": 0.757499906821938}