{"mae": 0.48629841208457947, "mse": 0.4743531346321106, "rmse": 0.6887329816818237, "r2": 0.9999718070030212}