{"mae": 0.035046156495809555, "mse": 0.0019616112112998962, "rmse": 0.0442900802810279, "r2": 0.974214521163654}