{"mae": 14.624765396118164, "mse": 329.2261962890625, "rmse": 18.14459228515625, "r2": 0.7553191184997559}