{"mae": 0.07792413234710693, "mse": 0.014084864407777786, "rmse": 0.11867967141755063, "r2": 0.7603712107164707}