{"mae": 36.95755386352539, "mse": 2265.15966796875, "rmse": 47.59369357350562, "r2": -1.3740023698227004}