{"mae": 25.04476547241211, "mse": 939.3455200195312, "rmse": 30.648744583129883, "r2": 0.6127312779426575}