{"mae": 0.04341638833284378, "mse": 0.0028833779506385326, "rmse": 0.05369709443385678, "r2": 0.9489866562471622}