{"mae": 29.575580596923828, "mse": 1096.7938232421875, "rmse": 33.11787796020508, "r2": 0.8998888731002808}