{"mae": 0.0398714654147625, "mse": 0.0030180709436535835, "rmse": 0.0549369715154171, "r2": 0.9513953924179077}