{"mae": 0.14271819591522217, "mse": 0.031563449651002884, "rmse": 0.17766105271275098, "r2": 0.6267984158202102}