{"mae": 111.27342987060547, "mse": 19021.84375, "rmse": 137.91970036945412, "r2": 0.8583216543969743}