{"mae": 0.09082825481891632, "mse": 0.014624802395701408, "rmse": 0.12093304922849422, "r2": 0.623608485157207}