{"mae": 283.7603454589844, "mse": 116887.40625, "rmse": 341.88800048828125, "r2": 0.6321051120758057}