{"mae": 0.014286354184150696, "mse": 0.00044375259312801063, "rmse": 0.021065435982386187, "r2": 0.7729561361748051}