{"mae": 8.988430976867676, "mse": 200.60403442382812, "rmse": 14.163475365312996, "r2": 0.9929509386595298}