{"mae": 96.83601379394531, "mse": 11539.4912109375, "rmse": 107.42202758789062, "r2": -4.256977081298828}