{"mae": 0.02209707722067833, "mse": 0.0005483289714902639, "rmse": 0.023416425250030456, "r2": 0.34680480422185966}