{"mae": 0.04198692366480827, "mse": 0.003849033499136567, "rmse": 0.062040578573942184, "r2": 0.9162266850471497}