{"mae": 13.580816268920898, "mse": 265.26641845703125, "rmse": 16.28700151829769, "r2": 0.9956109573897549}