{"mae": 0.015354976989328861, "mse": 0.00031642921385355294, "rmse": 0.017788457320789593, "r2": 0.6609544506953323}