{"mae": 0.006332352291792631, "mse": 7.420901965815574e-05, "rmse": 0.008614465720992552, "r2": 0.9762427858702022}