{"mae": 189.41456604003906, "mse": 59807.10546875, "rmse": 244.55491299246066, "r2": -0.37562940557807223}