{"mae": 0.09866303205490112, "mse": 0.016375623643398285, "rmse": 0.12796726822853088, "r2": 0.5731815695762634}