{"mae": 0.38771384954452515, "mse": 0.2298460602760315, "rmse": 0.4794226288795471, "r2": 0.9999996423721313}