{"mae": 18.0848445892334, "mse": 629.62841796875, "rmse": 25.09239761299725, "r2": 0.9974060330116956}