{"mae": 145.3262481689453, "mse": 25045.806640625, "rmse": 158.2586669921875, "r2": -38.765037536621094}