{"mae": 0.0018167321104556322, "mse": 6.210032552189659e-06, "rmse": 0.00249199359677732, "r2": 0.9952422380447388}