{"mae": 0.010070979595184326, "mse": 0.00015691410226281732, "rmse": 0.012526535924301552, "r2": 0.9256699500111204}