{"mae": 0.06860477477312088, "mse": 0.006958918180316687, "rmse": 0.08342012763023376, "r2": 0.8553571701049805}