{"mae": 0.05952102690935135, "mse": 0.008566349744796753, "rmse": 0.09255457711424515, "r2": 0.816620744484785}