{"mae": 0.024664437398314476, "mse": 0.0009175093146041036, "rmse": 0.03029041621708265, "r2": -3.886405806353581}