{"mae": 1.8202972412109375, "mse": 20.40708351135254, "rmse": 4.517419815063477, "r2": 0.9997252821922302}