{"mae": 31.889171600341797, "mse": 2336.41796875, "rmse": 48.336507618465774, "r2": -2.6743133477082472}