{"mae": 22.485023498535156, "mse": 661.192138671875, "rmse": 25.713656656957117, "r2": 0.9489332706193042}