{"mae": 0.006287030875682831, "mse": 8.555415843147784e-05, "rmse": 0.009249549093414113, "r2": 0.9321284319090025}