{"mae": 0.06371020525693893, "mse": 0.0077268341556191444, "rmse": 0.08790241181850433, "r2": 0.8453467488288879}