{"mae": 8.845726013183594, "mse": 151.4622344970703, "rmse": 12.306999206542969, "r2": 0.9952940344810486}