{"mae": 54.052371978759766, "mse": 4430.45751953125, "rmse": 66.56168206657078, "r2": 0.984729986528146}