{"mae": 0.024287188425660133, "mse": 0.0007007238455116749, "rmse": 0.026471188970495354, "r2": 0.6252568332474501}