{"mae": 23.511688232421875, "mse": 1233.35791015625, "rmse": 35.11919575041903, "r2": 0.3100432619282356}