{"mae": 69.81936645507812, "mse": 7817.509765625, "rmse": 88.41668262056092, "r2": 0.8561011521397832}