{"mae": 13.534464836120605, "mse": 281.4286804199219, "rmse": 16.77583620627961, "r2": 0.9847682634633093}