{"mae": 0.00763086648657918, "mse": 0.00012164644431322813, "rmse": 0.011029344983398914, "r2": 0.9342223405838013}