{"mae": 143.72113037109375, "mse": 33241.76953125, "rmse": 182.32325559634458, "r2": 0.9023543537409271}