{"mae": 95.51307678222656, "mse": 16176.880859375, "rmse": 127.18836762603331, "r2": 0.5443705506389702}