{"mae": 0.6864468455314636, "mse": 0.5472254157066345, "rmse": 0.7397468686103821, "r2": -36.009613037109375}