{"mae": 47.03322982788086, "mse": 3099.94384765625, "rmse": 55.677139363083754, "r2": 0.9459320716088305}