{"mae": 30.75496482849121, "mse": 1465.4774169921875, "rmse": 38.28155452684997, "r2": 0.9770149379528462}