{"mae": 87.46530151367188, "mse": 15722.5830078125, "rmse": 125.38972473144531, "r2": 0.9682015776634216}