{"mae": 43.941158294677734, "mse": 3144.55810546875, "rmse": 56.07635959536559, "r2": 0.6976525758577281}