{"mae": 30.703277587890625, "mse": 2213.05126953125, "rmse": 47.04307886959834, "r2": -1.311990004884057}