{"mae": 0.8154436945915222, "mse": 3.9779837131500244, "rmse": 1.9944883584976196, "r2": 0.9997713565826416}