{"mae": 0.0631663128733635, "mse": 0.0069342409260571, "rmse": 0.08327208971832699, "r2": 0.923817440075307}