{"mae": 0.1133495569229126, "mse": 0.015774544328451157, "rmse": 0.12559674680233002, "r2": 0.7329473495483398}