{"mae": 0.05353172495961189, "mse": 0.007209111470729113, "rmse": 0.08490648865699768, "r2": 0.8812073469161987}