{"mae": 0.004865353461354971, "mse": 4.5444197894539684e-05, "rmse": 0.006741231307387352, "r2": 0.9748505353927612}