{"mae": 0.16383010149002075, "mse": 0.03724518045783043, "rmse": 0.19299010455935411, "r2": 0.03427231798647046}