{"mae": 12.661612510681152, "mse": 224.04254150390625, "rmse": 14.968050691519796, "r2": 0.8163562801738562}