{"mae": 26.73900604248047, "mse": 1142.547119140625, "rmse": 33.80158456552925, "r2": 0.9085615881100098}