{"mae": 78.60346221923828, "mse": 7793.82080078125, "rmse": 88.2826156616211, "r2": 0.07314085960388184}