{"mae": 46.810707092285156, "mse": 3594.35498046875, "rmse": 59.95293971498604, "r2": 0.6443767744725017}