{"mae": 0.031144777312874794, "mse": 0.0016195941716432571, "rmse": 0.04024418070912361, "r2": 0.9723497033119202}