{"mae": 0.019419413059949875, "mse": 0.0005005349521525204, "rmse": 0.022372638470965385, "r2": 0.49178502025044135}