{"mae": 25.574560165405273, "mse": 1179.4532470703125, "rmse": 34.343168855979386, "r2": 0.9709924260165895}