{"mae": 136.44073486328125, "mse": 26322.697265625, "rmse": 162.24270629882812, "r2": 0.9566811323165894}