{"mae": 0.0045336089096963406, "mse": 5.1419789087958634e-05, "rmse": 0.00717075914144516, "r2": 0.9528919458389282}