{"mae": 17.089710235595703, "mse": 462.65972900390625, "rmse": 21.509526470936226, "r2": 0.9921407881412255}