{"mae": 0.07478300482034683, "mse": 0.012158121913671494, "rmse": 0.11026387401897093, "r2": 0.7584575013254466}