{"mae": 0.07880190014839172, "mse": 0.01087967213243246, "rmse": 0.10430566966533661, "r2": 0.8056708574295044}