{"mae": 0.031056463718414307, "mse": 0.0017248955555260181, "rmse": 0.04153186193184719, "r2": 0.9776671274240716}