{"mae": 0.2842302918434143, "mse": 0.08116047829389572, "rmse": 0.28488677740097046, "r2": -52.78581619262695}