{"mae": 96.44822692871094, "mse": 11979.1796875, "rmse": 109.4494400024414, "r2": -54.3526496887207}