{"mae": 0.0719156414270401, "mse": 0.011804081499576569, "rmse": 0.10864658991232339, "r2": 0.6681956363343537}