{"mae": 17.232065200805664, "mse": 455.4956359863281, "rmse": 21.342343732269146, "r2": 0.9730120836816001}