{"mae": 0.014160806313157082, "mse": 0.0003693737671710551, "rmse": 0.01921909861266613, "r2": 0.9951354265213013}