{"mae": 104.6808090209961, "mse": 17305.3046875, "rmse": 131.54962823018542, "r2": 0.6871412572689584}