{"mae": 0.06883349269628525, "mse": 0.005640790797770023, "rmse": 0.07510519820738125, "r2": 0.9031152018728918}