{"mae": 8.534932136535645, "mse": 108.54110717773438, "rmse": 10.418306348813822, "r2": 0.927349667932472}