{"mae": 0.05232703685760498, "mse": 0.007148997858166695, "rmse": 0.08455174662989934, "r2": 0.8368651689457084}