{"mae": 0.04946150258183479, "mse": 0.0036200648173689842, "rmse": 0.06016697362065315, "r2": 0.9333303570747375}