{"mae": 44.84267807006836, "mse": 3356.09716796875, "rmse": 57.93183135986328, "r2": 0.896382212638855}