{"mae": 690.1886596679688, "mse": 494328.5, "rmse": 703.0849609375, "r2": -0.8584322929382324}