{"mae": 0.022829946130514145, "mse": 0.0008714516297914088, "rmse": 0.0295203595809978, "r2": -0.45064803590764635}