{"mae": 0.005484819877892733, "mse": 4.2455230868654326e-05, "rmse": 0.006515767890959978, "r2": 0.9568224549293518}