{"mae": 114.5146713256836, "mse": 15930.6259765625, "rmse": 126.21658325195312, "r2": -2.1575469970703125}