{"mae": 0.011674324981868267, "mse": 0.0002807794662658125, "rmse": 0.016756475353301856, "r2": 0.9965290170255193}