{"mae": 17.782550811767578, "mse": 511.9747314453125, "rmse": 22.626858629631126, "r2": 0.8869274693397862}