{"mae": 167.0417022705078, "mse": 30247.955078125, "rmse": 173.9193878173828, "r2": -1.475142240524292}