{"mae": 93.29978942871094, "mse": 12449.8154296875, "rmse": 111.57874298095703, "r2": 0.5335745811462402}