{"mae": 3.8395323753356934, "mse": 22.43284797668457, "rmse": 4.736332893371582, "r2": 0.9915432333946228}