{"mae": 26.57041358947754, "mse": 1045.67822265625, "rmse": 32.33694825824246, "r2": 0.9479511354746847}