{"mae": 0.06245860829949379, "mse": 0.006363685708492994, "rmse": 0.07977271280640388, "r2": 0.9269097020891288}