{"mae": 11.848064422607422, "mse": 214.46253967285156, "rmse": 14.644539833068848, "r2": 0.9923082590103149}