{"mae": 0.09558510035276413, "mse": 0.013013660907745361, "rmse": 0.11407743382345766, "r2": 0.7760072274813374}