{"mae": 0.014844998717308044, "mse": 0.00045791614684276283, "rmse": 0.021398975368992854, "r2": 0.42548782436112165}