{"mae": 0.030148878693580627, "mse": 0.001257923198863864, "rmse": 0.03546721115708351, "r2": 0.04571801424026489}