{"mae": 48.249168395996094, "mse": 3883.845947265625, "rmse": 62.320509844397336, "r2": 0.8964617394315958}