{"mae": 45.083003997802734, "mse": 2844.080322265625, "rmse": 53.32991957865327, "r2": 0.9515935775931532}