{"mae": 10.105401039123535, "mse": 154.78797912597656, "rmse": 12.441381720933434, "r2": 0.8949855944630666}