{"mae": 0.009148353710770607, "mse": 0.00022839687881059945, "rmse": 0.015112805180251598, "r2": 0.8224141001701355}