{"mae": 0.018272556364536285, "mse": 0.0007424100767821074, "rmse": 0.027247203100173555, "r2": 0.6115770073261437}