{"mae": 0.06019837409257889, "mse": 0.005226018372923136, "rmse": 0.07229120536360654, "r2": 0.9066958463391773}