{"mae": 0.0674227848649025, "mse": 0.009227548725903034, "rmse": 0.09606013078225031, "r2": 0.8285142745429671}