{"mae": 47.8453254699707, "mse": 3185.218994140625, "rmse": 56.43774441046192, "r2": 0.9495491265889692}