{"mae": 0.05459834635257721, "mse": 0.004997796379029751, "rmse": 0.07069509444812809, "r2": 0.9309538613178454}