{"mae": 15.148985862731934, "mse": 356.6773376464844, "rmse": 18.88590314616922, "r2": 0.8023550527309302}