{"mae": 21.54267120361328, "mse": 771.0363159179688, "rmse": 27.767540689048584, "r2": 0.9573768304819876}