{"mae": 35.45180892944336, "mse": 1888.511962890625, "rmse": 43.45701281600733, "r2": 0.9669803009151535}