{"mae": 0.0046857320703566074, "mse": 6.681013474008068e-05, "rmse": 0.0081737469881773, "r2": 0.9496709108352661}