{"mae": 0.01876465417444706, "mse": 0.00047977358917705715, "rmse": 0.021903734654188156, "r2": 0.707183837890625}