{"mae": 24.611841201782227, "mse": 794.2887573242188, "rmse": 28.183128356933594, "r2": 0.4452771544456482}