{"mae": 28.379091262817383, "mse": 1274.896728515625, "rmse": 35.70569602340255, "r2": 0.9522943848351264}