{"mae": 39.96025848388672, "mse": 2022.2880859375, "rmse": 44.96985626220703, "r2": 0.782173752784729}