{"mae": 0.01571560837328434, "mse": 0.00036536186235025525, "rmse": 0.01911444119900593, "r2": 0.8218443371977495}