{"mae": 8.371990203857422, "mse": 133.9425506591797, "rmse": 11.573355203188905, "r2": 0.9944688205535893}