{"mae": 0.2883882522583008, "mse": 0.1240730956196785, "rmse": 0.35224011074787964, "r2": -84.41118341725817}