{"mae": 0.0586947500705719, "mse": 0.005167949479073286, "rmse": 0.07188845163914219, "r2": 0.9031582116335086}