{"mae": 7.7919921875, "mse": 104.04735565185547, "rmse": 10.200360564796496, "r2": 0.9922736069492363}