{"mae": 27.513322830200195, "mse": 1118.920166015625, "rmse": 33.45026397705078, "r2": 0.9822242259979248}