{"mae": 0.15059202909469604, "mse": 0.04263988882303238, "rmse": 0.2064942866563797, "r2": -1.136732578277588}