{"mae": 0.03310662880539894, "mse": 0.0026470047887414694, "rmse": 0.05144904926419258, "r2": 0.947131335735321}