{"mae": 21.888952255249023, "mse": 773.8290405273438, "rmse": 27.81778335571289, "r2": 0.4136756658554077}