{"mae": 17.530941009521484, "mse": 492.27691650390625, "rmse": 22.187314314803995, "r2": 0.9706938640316096}