{"mae": 0.09296918660402298, "mse": 0.018862636759877205, "rmse": 0.13734131483234463, "r2": 0.4437600199612235}