{"mae": 0.03730284422636032, "mse": 0.002392810070887208, "rmse": 0.04891635850071907, "r2": 0.9494565725326538}