{"mae": 27.959854125976562, "mse": 1249.8115234375, "rmse": 35.352673497735644, "r2": 0.9028258903494808}