{"mae": 0.018224162980914116, "mse": 0.0004566222778521478, "rmse": 0.021368721951772123, "r2": 0.787036371175753}