{"mae": 13.433459281921387, "mse": 326.46697998046875, "rmse": 18.068397272045708, "r2": 0.9913624827735311}