{"mae": 49.038551330566406, "mse": 5296.0068359375, "rmse": 72.77366856176415, "r2": 0.6628495273206794}