{"mae": 11.42514419555664, "mse": 224.47935485839844, "rmse": 14.982635498046875, "r2": 0.9932273626327515}