{"mae": 0.0047468263655900955, "mse": 3.2195242965826765e-05, "rmse": 0.005674085114151239, "r2": 0.9674177765846252}