{"mae": 8.49234390258789, "mse": 201.86843872070312, "rmse": 14.208041191101074, "r2": 0.9874227046966553}