{"mae": 0.051838167011737823, "mse": 0.006003295537084341, "rmse": 0.07748093660433088, "r2": 0.8818305770810139}