{"mae": 0.03527792543172836, "mse": 0.001379363122396171, "rmse": 0.0371397781683759, "r2": -1.9918531504666968}