{"mae": 0.03670252114534378, "mse": 0.0014951181365177035, "rmse": 0.03866675751233485, "r2": -2.0831412322499245}