{"mae": 17.17569351196289, "mse": 429.4557189941406, "rmse": 20.723313417360185, "r2": 0.7368170268428069}