{"mae": 0.005416710861027241, "mse": 7.348439248744398e-05, "rmse": 0.008572303802796772, "r2": 0.9614376295774676}