{"mae": 20.88926887512207, "mse": 932.9425659179688, "rmse": 30.544108530418246, "r2": 0.98171774641639}