{"mae": 0.023602208122611046, "mse": 0.0008496084483340383, "rmse": 0.029148044064641, "r2": 0.9878325462341309}