{"mae": 0.02362718991935253, "mse": 0.0006262131500989199, "rmse": 0.025024251239526025, "r2": 0.08267882724167941}