{"mae": 0.09055453538894653, "mse": 0.016253625974059105, "rmse": 0.12748971581459045, "r2": 0.6263914704322815}