{"mae": 13.61172866821289, "mse": 316.239990234375, "rmse": 17.783138275146484, "r2": 0.9949284195899963}