{"mae": 12.748773574829102, "mse": 287.4659729003906, "rmse": 16.95482152369616, "r2": 0.8878921370838693}