{"mae": 28.073984146118164, "mse": 1494.4466552734375, "rmse": 38.65807342529297, "r2": 0.2639765739440918}