{"mae": 0.07982810586690903, "mse": 0.016419824212789536, "rmse": 0.12813986191966, "r2": 0.5555346906552502}