{"mae": 33.529624938964844, "mse": 1653.6102294921875, "rmse": 40.66460659458281, "r2": 0.9961975640859053}