{"mae": 111.42399597167969, "mse": 21765.9765625, "rmse": 147.53296771399943, "r2": 0.9538927702519964}