{"mae": 0.0222198236733675, "mse": 0.0006143742939457297, "rmse": 0.02478657476603985, "r2": 0.5204404592514038}