{"mae": 122.47081756591797, "mse": 19544.390625, "rmse": 139.80125427246094, "r2": 0.36532896757125854}