{"mae": 0.012730092741549015, "mse": 0.00044081793748773634, "rmse": 0.020995664730789933, "r2": 0.3570544150386288}