{"mae": 2.9487102031707764, "mse": 31.815656661987305, "rmse": 5.640536785125732, "r2": 0.9993200898170471}