{"mae": 0.058943528681993484, "mse": 0.008713391609489918, "rmse": 0.0933455494894637, "r2": 0.8397273737694416}