{"mae": 50.594791412353516, "mse": 4065.606689453125, "rmse": 63.76211013958937, "r2": 0.91657424881059}