{"mae": 36.167755126953125, "mse": 1975.751708984375, "rmse": 44.4494286688184, "r2": -4.003802475734395}