{"mae": 0.004966077860444784, "mse": 3.390558413229883e-05, "rmse": 0.00582285039126873, "r2": 0.9768342971801758}