{"mae": 28.872114181518555, "mse": 2244.355224609375, "rmse": 47.37462637962832, "r2": -0.5099712826815974}