{"mae": 41.44633102416992, "mse": 2257.449951171875, "rmse": 47.512630462646484, "r2": -0.259324312210083}