{"mae": 275.51556396484375, "mse": 135872.78125, "rmse": 368.6092529296875, "r2": 0.7957495450973511}