{"mae": 50.11011505126953, "mse": 3492.08984375, "rmse": 59.09390699344561, "r2": 0.9319112718809879}