{"mae": 25.34453582763672, "mse": 1097.5194091796875, "rmse": 33.12882995605469, "r2": 0.9673428535461426}