{"mae": 35.83863067626953, "mse": 2380.669921875, "rmse": 48.7921092173212, "r2": 0.8777616008588247}