{"mae": 0.05997972562909126, "mse": 0.005706677678972483, "rmse": 0.07554255541727777, "r2": 0.9120168885017209}