{"mae": 0.08929288387298584, "mse": 0.01930244453251362, "rmse": 0.1389332376809582, "r2": 0.4739884203291562}