{"mae": 4.3258538246154785, "mse": 48.2276725769043, "rmse": 6.944614410400391, "r2": 0.9961288571357727}