{"mae": 107.64189910888672, "mse": 23151.767578125, "rmse": 152.15704905828386, "r2": 0.7698306982382327}