{"mae": 23.987112045288086, "mse": 882.1072998046875, "rmse": 29.70029124107519, "r2": 0.9597446162750719}