{"mae": 0.03792697936296463, "mse": 0.00335781741887331, "rmse": 0.057946677375612404, "r2": 0.9253107251900299}