{"mae": 0.01320927869528532, "mse": 0.00019547682313714176, "rmse": 0.01398130226880312, "r2": 0.8777123093605042}