{"mae": 0.07212041318416595, "mse": 0.007543197833001614, "rmse": 0.0868515819311142, "r2": 0.8254430294036865}