{"mae": 24.235624313354492, "mse": 940.2064819335938, "rmse": 30.662786597659284, "r2": 0.9958702061999279}