{"mae": 370.97113037109375, "mse": 163993.203125, "rmse": 404.96075439453125, "r2": 0.6697816848754883}