{"mae": 4.194572925567627, "mse": 34.577632904052734, "rmse": 5.880274900381166, "r2": 0.9897202599960007}