{"mae": 0.17843154072761536, "mse": 0.03868062421679497, "rmse": 0.1966738998889923, "r2": -0.5162832736968994}