{"mae": 37.02277755737305, "mse": 1756.689697265625, "rmse": 41.91288375854492, "r2": 0.7444391250610352}