{"mae": 8.767535209655762, "mse": 123.73802185058594, "rmse": 11.123759339835878, "r2": 0.9958343881766081}