{"mae": 24.711078643798828, "mse": 987.3824462890625, "rmse": 31.422642255053322, "r2": 0.9499105799675406}