{"mae": 0.03598770871758461, "mse": 0.0017820706125348806, "rmse": 0.04221457819918234, "r2": -1.0196077335516063}