{"mae": 0.09012515097856522, "mse": 0.011994259431958199, "rmse": 0.1095183063782407, "r2": 0.7975889469006106}