{"mae": 14.03271484375, "mse": 276.3214111328125, "rmse": 16.622918249597827, "r2": 0.9787383433449557}