{"mae": 33.5130615234375, "mse": 2716.512939453125, "rmse": 52.12017785323766, "r2": 0.9837123433349012}