{"mae": 0.0029564963188022375, "mse": 2.0058512745890766e-05, "rmse": 0.004478672984987497, "r2": 0.9815378189086914}