{"mae": 0.05716302618384361, "mse": 0.007184924092143774, "rmse": 0.08476392924785614, "r2": 0.8785849213600159}