{"mae": 0.16456054151058197, "mse": 0.03785082325339317, "rmse": 0.19455288350582123, "r2": 0.9995066523551941}