{"mae": 0.002552089048549533, "mse": 1.9641322069219314e-05, "rmse": 0.004431853070855141, "r2": 0.9834409952163696}