{"mae": 0.2447536438703537, "mse": 0.08270716667175293, "rmse": 0.28758853710075605, "r2": -38.44371594006416}