{"mae": 35.116485595703125, "mse": 2741.432861328125, "rmse": 52.358694228639095, "r2": 0.9278794002546663}