{"mae": 0.0066353133879601955, "mse": 8.059294486884028e-05, "rmse": 0.008977357298135757, "r2": 0.8855916261672974}