{"mae": 15.048199653625488, "mse": 546.3106689453125, "rmse": 23.373289647486775, "r2": 0.9017558024115448}