{"mae": 0.19668874144554138, "mse": 0.03925660252571106, "rmse": 0.19813278317451477, "r2": -20.041170120239258}