{"mae": 98.0111312866211, "mse": 14633.81640625, "rmse": 120.97031208627182, "r2": 0.5700146156242434}