{"mae": 0.10060606151819229, "mse": 0.017889128997921944, "rmse": 0.13375024859013138, "r2": 0.40589300805404227}