{"mae": 20.660648345947266, "mse": 654.4024658203125, "rmse": 25.581291324331392, "r2": 0.9740861740196217}