{"mae": 51.99629592895508, "mse": 6520.9482421875, "rmse": 80.75238800048828, "r2": 0.9330450892448425}