{"mae": 43.96134948730469, "mse": 2900.369873046875, "rmse": 53.855082146877045, "r2": 0.9425906288187565}