{"mae": 0.018418321385979652, "mse": 0.0005324592348188162, "rmse": 0.023075078219126716, "r2": 0.5434904699065316}