{"mae": 103.62512969970703, "mse": 12876.8896484375, "rmse": 113.47638702392578, "r2": 0.9574732184410095}