{"mae": 16.13477325439453, "mse": 474.7103576660156, "rmse": 21.787848853570093, "r2": 0.9882711750726108}