{"mae": 26.07077980041504, "mse": 1549.146240234375, "rmse": 39.359195116698906, "r2": 0.9569949312072301}