{"mae": 156.42173767089844, "mse": 34449.5, "rmse": 185.6057586669922, "r2": 0.7038642168045044}