{"mae": 0.09064355492591858, "mse": 0.014645103365182877, "rmse": 0.12101695486659246, "r2": 0.845974674030316}