{"mae": 0.051906343549489975, "mse": 0.005029565189033747, "rmse": 0.07091942744434522, "r2": 0.9149959331814308}