{"mae": 21.73613929748535, "mse": 816.0984497070312, "rmse": 28.56743687674887, "r2": 0.959874273037612}