{"mae": 41.33816146850586, "mse": 3385.20361328125, "rmse": 58.18250263851883, "r2": 0.9036966072303689}