{"mae": 0.050827350467443466, "mse": 0.004570918157696724, "rmse": 0.06760856509208679, "r2": 0.9475908875465393}