{"mae": 0.08116458356380463, "mse": 0.007359007839113474, "rmse": 0.0857846587896347, "r2": -0.21397697925567627}