{"mae": 0.06337201595306396, "mse": 0.006474166177213192, "rmse": 0.08046220242977142, "r2": 0.7514552474021912}