{"mae": 0.21503232419490814, "mse": 0.05401492118835449, "rmse": 0.23241110146045685, "r2": -0.24972772598266602}