{"mae": 0.04829615727066994, "mse": 0.003554355585947633, "rmse": 0.05961841717362404, "r2": 0.9444100260734558}