{"mae": 0.17411872744560242, "mse": 0.04548230022192001, "rmse": 0.2132657915353775, "r2": -1.9562792778015137}