{"mae": 40.08033752441406, "mse": 2526.291259765625, "rmse": 50.262224978263994, "r2": 0.9572977170914558}