{"mae": 0.21537241339683533, "mse": 0.0843891128897667, "rmse": 0.2904980480670929, "r2": -8.577239036560059}