{"mae": 19.69414710998535, "mse": 701.0245361328125, "rmse": 26.47686794416614, "r2": 0.9839336980175981}