{"mae": 70.00190734863281, "mse": 11871.12890625, "rmse": 108.9547119140625, "r2": 0.850204586982727}