{"mae": 20.926822662353516, "mse": 647.6857299804688, "rmse": 25.4496705279355, "r2": 0.9653342715819723}