{"mae": 30.131324768066406, "mse": 2080.326416015625, "rmse": 45.61059543588118, "r2": 0.9601066042397788}