{"mae": 95.08946990966797, "mse": 11327.4052734375, "rmse": 106.43028259277344, "r2": 0.2865098714828491}