{"mae": 10.364043235778809, "mse": 182.2512969970703, "rmse": 13.500048036843065, "r2": 0.9404181324198854}