{"mae": 0.22854875028133392, "mse": 0.06343614310026169, "rmse": 0.25186532735824585, "r2": -1.6896889209747314}