{"mae": 0.024315690621733665, "mse": 0.0011887477012351155, "rmse": 0.03447822067965683, "r2": 0.984987449878315}