{"mae": 48.07024002075195, "mse": 4151.66845703125, "rmse": 64.43344116210938, "r2": 0.7548019886016846}