{"mae": 0.06319733709096909, "mse": 0.010339540429413319, "rmse": 0.10168353076783535, "r2": 0.8574450580627239}