{"mae": 0.05264149233698845, "mse": 0.006413593888282776, "rmse": 0.0800849167339442, "r2": 0.8799928057256523}