{"mae": 0.00897097960114479, "mse": 0.0001058312991517596, "rmse": 0.010287433862686157, "r2": 0.967693030834198}