{"mae": 0.005243919789791107, "mse": 4.465959864319302e-05, "rmse": 0.00668278374954577, "r2": 0.9696057342455238}