{"mae": 42.828975677490234, "mse": 2550.133056640625, "rmse": 50.49884033203125, "r2": 0.8870660662651062}