{"mae": 0.06364578753709793, "mse": 0.005962972994893789, "rmse": 0.07722028875168617, "r2": 0.9083920680511821}