{"mae": 0.05289360135793686, "mse": 0.004182515665888786, "rmse": 0.06467237173545429, "r2": 0.9482413230583117}