{"mae": 37.25956344604492, "mse": 2235.0283203125, "rmse": 47.276084899902344, "r2": 0.9956324100494385}