{"mae": 0.014409685507416725, "mse": 0.0003593464498408139, "rmse": 0.018956435844302177, "r2": 0.8392912149429321}