{"mae": 0.10679507255554199, "mse": 0.016544610261917114, "rmse": 0.128625853784988, "r2": 0.4636745217705598}