{"mae": 0.1054220125079155, "mse": 0.01444311998784542, "rmse": 0.12017953395843506, "r2": 0.8001530170440674}