{"mae": 0.1169443354010582, "mse": 0.01736326515674591, "rmse": 0.13176974654197693, "r2": 0.14821749925613403}