{"mae": 136.0390625, "mse": 24053.373046875, "rmse": 155.09149169921875, "r2": 0.7146975994110107}