{"mae": 0.06611079722642899, "mse": 0.006569720804691315, "rmse": 0.08105381578207016, "r2": 0.9392024278640747}