{"mae": 118.05165100097656, "mse": 19679.916015625, "rmse": 140.28512399974917, "r2": 0.9209172737344008}