{"mae": 0.10741078853607178, "mse": 0.012296403758227825, "rmse": 0.11088915169239044, "r2": -5.897408485412598}