{"mae": 0.2817828357219696, "mse": 0.09477414935827255, "rmse": 0.3078541159629822, "r2": -1.0196571350097656}