{"mae": 0.07822025567293167, "mse": 0.013870791532099247, "rmse": 0.11777432262897491, "r2": 0.7231249809265137}