{"mae": 20.988481521606445, "mse": 1193.0517578125, "rmse": 34.54058131839272, "r2": 0.7282239046302943}