{"mae": 36.782188415527344, "mse": 1399.0875244140625, "rmse": 37.40437698364258, "r2": 0.1913154125213623}