{"mae": 33.169376373291016, "mse": 3061.74267578125, "rmse": 55.33301544189453, "r2": 0.8192622661590576}