{"mae": 11.057084083557129, "mse": 209.2927703857422, "rmse": 14.466954231262207, "r2": 0.9877715110778809}