{"mae": 0.018559694290161133, "mse": 0.00045344766112975776, "rmse": 0.021294310534266135, "r2": 0.5552936190058344}