{"mae": 68.46543884277344, "mse": 15126.525390625, "rmse": 122.98993682861328, "r2": 0.9466457366943359}