{"mae": 0.02038906328380108, "mse": 0.0006843386800028384, "rmse": 0.026159867644309998, "r2": 0.9912351965904236}