{"mae": 39.36752700805664, "mse": 3315.614013671875, "rmse": 57.58136863319484, "r2": 0.9332381271057488}