{"mae": 97.93627166748047, "mse": 13544.7626953125, "rmse": 116.38196894413026, "r2": 0.5948000413491803}