{"mae": 17.308246612548828, "mse": 817.7127685546875, "rmse": 28.59567744528336, "r2": 0.9873242358521616}