{"mae": 0.08314353227615356, "mse": 0.01901465468108654, "rmse": 0.13789363539005903, "r2": 0.31511346475068847}