{"mae": 0.0874275267124176, "mse": 0.015613426454365253, "rmse": 0.1249536972416793, "r2": 0.6941260065272383}