{"mae": 0.06922706216573715, "mse": 0.00970983225852251, "rmse": 0.09853848110521346, "r2": 0.8134784199474246}