{"mae": 0.0838906541466713, "mse": 0.012304821982979774, "rmse": 0.11092710211206175, "r2": 0.7613932182838042}