{"mae": 0.014250755310058594, "mse": 0.0002636564604472369, "rmse": 0.016237501668890965, "r2": 0.6830186613004092}