{"mae": 35.5473747253418, "mse": 1983.2750244140625, "rmse": 44.53397606787499, "r2": 0.8302987775907608}