{"mae": 36.932861328125, "mse": 2206.4697265625, "rmse": 46.97307448488442, "r2": 0.9957599628278909}