{"mae": 0.06699669361114502, "mse": 0.00712448637932539, "rmse": 0.08440667259953676, "r2": 0.8859124583919054}