{"mae": 53.97016906738281, "mse": 5230.025390625, "rmse": 72.31891632080078, "r2": 0.6105788946151733}