{"mae": 0.273927241563797, "mse": 0.09958035498857498, "rmse": 0.3155635514259766, "r2": -19.88778825426106}