{"mae": 0.20399096608161926, "mse": 0.0521102137863636, "rmse": 0.22827661037445068, "r2": -1.4632916450500488}