{"mae": 4.623933792114258, "mse": 25.978652954101562, "rmse": 5.096925833686573, "r2": -0.08028718990278794}