{"mae": 38.80501937866211, "mse": 2404.791259765625, "rmse": 49.03867106443266, "r2": 0.9958980761168964}