{"mae": 0.042281802743673325, "mse": 0.003721608081832528, "rmse": 0.06100498512387276, "r2": 0.8999351859092712}