{"mae": 7.708192348480225, "mse": 426.16424560546875, "rmse": 20.64374591990196, "r2": 0.9911914324812627}