{"mae": 0.10273965448141098, "mse": 0.020098727196455002, "rmse": 0.14176997988451223, "r2": 0.49235819708443695}