{"mae": 0.4199785888195038, "mse": 0.24813705682754517, "rmse": 0.4981335699558258, "r2": 0.9999075531959534}