{"mae": 37.3023567199707, "mse": 2443.41015625, "rmse": 49.430862386266334, "r2": 0.9920774651010854}