{"mae": 26.62956428527832, "mse": 1021.5480346679688, "rmse": 31.961665079716493, "r2": 0.7514045473345189}