{"mae": 29.263731002807617, "mse": 1145.2744140625, "rmse": 33.84190322754469, "r2": -1.085158412374121}