{"mae": 0.6131275296211243, "mse": 0.5999672412872314, "rmse": 0.7745755314826965, "r2": 0.9999778866767883}