{"mae": 0.05947524309158325, "mse": 0.007266961503773928, "rmse": 0.08524647502257163, "r2": 0.7232566755125106}