{"mae": 209.89669799804688, "mse": 46994.62890625, "rmse": 216.78244018554688, "r2": -1.0390868186950684}