{"mae": 177.57447814941406, "mse": 53396.625, "rmse": 231.07709752374856, "r2": -0.1403647714510874}