{"mae": 55.26877212524414, "mse": 4295.71923828125, "rmse": 65.54173661325468, "r2": 0.921781484318265}