{"mae": 0.04583728685975075, "mse": 0.0053672632202506065, "rmse": 0.07326161116361618, "r2": 0.9279016852378845}