{"mae": 15.546525955200195, "mse": 407.8850402832031, "rmse": 20.196163999215376, "r2": 0.9717299013864042}