{"mae": 0.12738393247127533, "mse": 0.024885566905140877, "rmse": 0.15775160491466522, "r2": 0.2682691216468811}