{"mae": 28.14217185974121, "mse": 1230.8848876953125, "rmse": 35.083969098369025, "r2": 0.9117766676889897}