{"mae": 15.48262882232666, "mse": 413.9064025878906, "rmse": 20.34468978844088, "r2": 0.9622243274234216}