{"mae": 63.572444915771484, "mse": 6113.27294921875, "rmse": 78.18742193741107, "r2": 0.9674741669558972}