{"mae": 0.03072766400873661, "mse": 0.002104011131450534, "rmse": 0.04586949944496155, "r2": 0.9646367430686951}