{"mae": 13.054740905761719, "mse": 263.8354187011719, "rmse": 16.24301138031898, "r2": 0.983291144169377}