{"mae": 5.581199645996094, "mse": 57.38282775878906, "rmse": 7.575145395224376, "r2": 0.9966332398525094}