{"mae": 0.024213949218392372, "mse": 0.001011015847325325, "rmse": 0.03179647539154812, "r2": -5.179332350357307}