{"mae": 0.08983578532934189, "mse": 0.00865295808762312, "rmse": 0.09302128106355667, "r2": -1.3871591091156006}