{"mae": 0.03422385826706886, "mse": 0.001636363216675818, "rmse": 0.04045198656031392, "r2": -2.6608843515613434}