{"mae": 32.38264846801758, "mse": 1349.0360107421875, "rmse": 36.729225158691406, "r2": 0.9820696115493774}