{"mae": 0.01200506929308176, "mse": 0.0003013087552972138, "rmse": 0.01735824747194295, "r2": 0.8536172217710211}