{"mae": 0.0801708847284317, "mse": 0.010267071425914764, "rmse": 0.10132655834436875, "r2": 0.7777439354846933}