{"mae": 30.03302574157715, "mse": 1678.6314697265625, "rmse": 40.9711053027199, "r2": -0.7034318106932695}