{"mae": 0.19875511527061462, "mse": 0.06949023902416229, "rmse": 0.26361000537872314, "r2": 0.9999997019767761}