{"mae": 0.06131208315491676, "mse": 0.00747919175773859, "rmse": 0.08648232370615005, "r2": 0.8439713716506958}