{"mae": 0.014829135499894619, "mse": 0.0003331683110445738, "rmse": 0.018252898007631302, "r2": 0.9361177682876587}