{"mae": 90.65203857421875, "mse": 10789.0927734375, "rmse": 103.87055969238281, "r2": -7.212955474853516}