{"mae": 0.1036582738161087, "mse": 0.024560263380408287, "rmse": 0.15671714450055643, "r2": 0.2527423561854564}