{"mae": 0.06924737989902496, "mse": 0.007591294590383768, "rmse": 0.08712803572416306, "r2": 0.8203169107437134}