{"mae": 0.0561264231801033, "mse": 0.007413284387439489, "rmse": 0.08610042929649353, "r2": 0.2202000617980957}