{"mae": 71.47229766845703, "mse": 7652.7353515625, "rmse": 87.47991398922669, "r2": 0.7158424313869842}