{"mae": 25.76851463317871, "mse": 1177.4327392578125, "rmse": 34.31373980285175, "r2": 0.9220196265897086}