{"mae": 11.88849925994873, "mse": 230.03538513183594, "rmse": 15.166917456485216, "r2": 0.994529920657564}