{"mae": 0.014758110977709293, "mse": 0.00037611598963849247, "rmse": 0.019393710419535637, "r2": 0.9944843053817749}