{"mae": 0.04042995721101761, "mse": 0.0032939701341092587, "rmse": 0.05739311873912811, "r2": 0.9149903059005737}