{"mae": 0.007967392913997173, "mse": 0.00013532090815715492, "rmse": 0.011632751673460007, "r2": 0.8836504220962524}