{"mae": 0.0048183477483689785, "mse": 4.5875633077230304e-05, "rmse": 0.006773155182600021, "r2": 0.9592860341072083}