{"mae": 21.31051254272461, "mse": 734.2979125976562, "rmse": 27.097931887833365, "r2": 0.8762066248538487}