{"mae": 25.058380126953125, "mse": 1046.956787109375, "rmse": 32.356712341308594, "r2": 0.996269166469574}