{"mae": 23.28000259399414, "mse": 951.9860229492188, "rmse": 30.854270740842647, "r2": 0.9939046420862031}