{"mae": 19.611785888671875, "mse": 617.0664672851562, "rmse": 24.840822596789266, "r2": 0.9701201403773225}