{"mae": 0.005373497027903795, "mse": 7.232248754007742e-05, "rmse": 0.008504263125360012, "r2": 0.9067337512969971}