{"mae": 8.01408863067627, "mse": 215.81509399414062, "rmse": 14.690646479789125, "r2": 0.7808033792840381}