{"mae": 0.006704298313707113, "mse": 4.844746945309453e-05, "rmse": 0.006960421800613403, "r2": 0.9629924893379211}