{"mae": 17.779508590698242, "mse": 558.7997436523438, "rmse": 23.638944625854492, "r2": 0.9818789958953857}