{"mae": 0.00993544701486826, "mse": 0.00016750053327996284, "rmse": 0.012942199707930752, "r2": 0.9217599160602359}