{"mae": 149.29083251953125, "mse": 32553.859375, "rmse": 180.4268798828125, "r2": 0.7934489846229553}