{"mae": 0.03806372731924057, "mse": 0.0018238178454339504, "rmse": 0.04270618036389351, "r2": 0.02162843942642212}