{"mae": 53.76081466674805, "mse": 5751.02880859375, "rmse": 75.83553790007525, "r2": 0.8377721566070948}