{"mae": 0.023262811824679375, "mse": 0.0009484903421252966, "rmse": 0.030797570393219276, "r2": 0.9876711173292265}