{"mae": 0.03587185591459274, "mse": 0.00231053214520216, "rmse": 0.04806799441576004, "r2": 0.9595134854316711}