{"mae": 46.24250411987305, "mse": 3218.146240234375, "rmse": 56.72870737320193, "r2": 0.6746346259304308}