{"mae": 10.607474327087402, "mse": 197.08453369140625, "rmse": 14.03867991270569, "r2": 0.9697162411216081}