{"mae": 0.033279381692409515, "mse": 0.0020407619886100292, "rmse": 0.045174792408943176, "r2": 0.9662771224975586}