{"mae": 0.313407301902771, "mse": 0.10531266778707504, "rmse": 0.3245191276073456, "r2": -2.9772629737854004}