{"mae": 12.272371292114258, "mse": 255.38458251953125, "rmse": 15.980756759643555, "r2": 0.9865829348564148}