{"mae": 0.1426432728767395, "mse": 0.025617128238081932, "rmse": 0.16005352139472961, "r2": 0.41325920820236206}