{"mae": 13.676830291748047, "mse": 319.68890380859375, "rmse": 17.879846302711712, "r2": 0.9646186451868529}