{"mae": 45.1190185546875, "mse": 3052.83984375, "rmse": 55.25250984118278, "r2": 0.9505453844729589}