{"mae": 38.560630798339844, "mse": 3468.1669921875, "rmse": 58.89114527828016, "r2": 0.928283854234108}