{"mae": 115.85872650146484, "mse": 22667.921875, "rmse": 150.5586991010483, "r2": 0.9499349883189666}