{"mae": 0.026013491675257683, "mse": 0.0008731831912882626, "rmse": 0.029549673285643323, "r2": 0.6373350226221602}