{"mae": 0.5132923126220703, "mse": 0.271643728017807, "rmse": 0.5211945176124573, "r2": -5.386041641235352}