{"mae": 0.2743510901927948, "mse": 0.10452893376350403, "rmse": 0.32330934685453194, "r2": -7.963779187040883}