{"mae": 4.787380218505859, "mse": 38.27339172363281, "rmse": 6.186549186706543, "r2": 0.9885550141334534}