{"mae": 0.009177817031741142, "mse": 0.0001323894102824852, "rmse": 0.011506059720099023, "r2": 0.8866674409441786}