{"mae": 36.8766975402832, "mse": 2644.799560546875, "rmse": 51.427614766260305, "r2": 0.9596126235516313}