{"mae": 23.290119171142578, "mse": 924.1210327148438, "rmse": 30.399359083948525, "r2": 0.9822812185796204}