{"mae": 0.472152978181839, "mse": 0.25680428743362427, "rmse": 0.5067586302757263, "r2": 0.9999656677246094}