{"mae": 0.06334424018859863, "mse": 0.006035981699824333, "rmse": 0.07769158062379947, "r2": 0.9069127848942735}