{"mae": 0.09952228516340256, "mse": 0.020902246236801147, "rmse": 0.14457609151170586, "r2": 0.20918576145239043}