{"mae": 0.13569742441177368, "mse": 0.04193655401468277, "rmse": 0.20478416979312897, "r2": 0.2471461296081543}