{"mae": 18.275955200195312, "mse": 525.313232421875, "rmse": 22.91971274736826, "r2": 0.9900080655128375}