{"mae": 27.031675338745117, "mse": 1130.0845947265625, "rmse": 33.616729736328125, "r2": 0.9953169226646423}