{"mae": 0.06893669068813324, "mse": 0.010572103783488274, "rmse": 0.10282073615515634, "r2": 0.6819676122238558}