{"mae": 0.06395939737558365, "mse": 0.006315257865935564, "rmse": 0.0794685967281137, "r2": 0.8892887082904531}