{"mae": 29.19325828552246, "mse": 1790.16943359375, "rmse": 42.31039391915124, "r2": -1.3665881512172189}