{"mae": 33.708736419677734, "mse": 1700.4884033203125, "rmse": 41.23697859106936, "r2": 0.8975479696153706}