{"mae": 0.007348048035055399, "mse": 9.831405623117462e-05, "rmse": 0.009915344483737043, "r2": 0.9079010447826743}