{"mae": 44.16736602783203, "mse": 3375.21142578125, "rmse": 58.096569828013514, "r2": 0.9305834478387267}