{"mae": 0.027144277468323708, "mse": 0.0007781818276271224, "rmse": 0.027895910665392876, "r2": 0.2712430953979492}