{"mae": 8.148792266845703, "mse": 309.3768615722656, "rmse": 17.589112017730333, "r2": 0.8794278653452074}