{"mae": 0.044516146183013916, "mse": 0.0036070337519049644, "rmse": 0.06005858599654977, "r2": 0.935480158334292}