{"mae": 0.006807245779782534, "mse": 8.5713472799398e-05, "rmse": 0.009258157095199778, "r2": 0.9204693156066587}