{"mae": 32.95580291748047, "mse": 2735.390625, "rmse": 52.3009619892407, "r2": 0.7878428937134527}