{"mae": 0.04660174623131752, "mse": 0.003932925872504711, "rmse": 0.06271304190158844, "r2": 0.9309523701667786}