{"mae": 0.03137047216296196, "mse": 0.0019439496099948883, "rmse": 0.04409024491906166, "r2": 0.980707049369812}