{"mae": 0.5917815566062927, "mse": 0.7451866269111633, "rmse": 0.8632419109344482, "r2": 0.999851405620575}