{"mae": 45.686676025390625, "mse": 4014.884033203125, "rmse": 63.36311255930476, "r2": 0.9240094611946177}