{"mae": 67.33405303955078, "mse": 7446.775390625, "rmse": 86.29470082586184, "r2": 0.8572831165381309}