{"mae": 26.565004348754883, "mse": 1073.662841796875, "rmse": 32.76679611206055, "r2": 0.910281777381897}