{"mae": 0.06951512396335602, "mse": 0.0058008176274597645, "rmse": 0.07616309821605682, "r2": -2.143237829208374}