{"mae": 0.0857994481921196, "mse": 0.009412478655576706, "rmse": 0.09701792895793915, "r2": -0.7532191276550293}