{"mae": 152.50633239746094, "mse": 34148.95703125, "rmse": 184.7943641761025, "r2": 0.9319240254276314}