{"mae": 0.0772208571434021, "mse": 0.008403305895626545, "rmse": 0.09166954726421717, "r2": 0.8381266956209635}