{"mae": 0.05391375720500946, "mse": 0.004092855844646692, "rmse": 0.06397543157061696, "r2": 0.9595328094468076}