{"mae": 8.003774642944336, "mse": 107.86602020263672, "rmse": 10.385856738980983, "r2": 0.9924141470383829}