{"mae": 36.00483322143555, "mse": 2305.405029296875, "rmse": 48.01463349122718, "r2": 0.4816169264452196}