{"mae": 33.454856872558594, "mse": 1865.101806640625, "rmse": 43.186824798583984, "r2": -1.9309964179992676}