{"mae": 0.010694754309952259, "mse": 0.0003176893515046686, "rmse": 0.017823842220595104, "r2": 0.8203175033153375}