{"mae": 0.0798821896314621, "mse": 0.020720943808555603, "rmse": 0.1439477120643312, "r2": 0.5262851360569629}