{"mae": 13.628572463989258, "mse": 277.5966491699219, "rmse": 16.661231994628906, "r2": 0.9902877807617188}