{"mae": 0.18479567766189575, "mse": 0.04914233461022377, "rmse": 0.22168070419011163, "r2": -0.8852215868987043}