{"mae": 0.021530188620090485, "mse": 0.0006484909681603312, "rmse": 0.02546548657119274, "r2": 0.49972009658813477}