{"mae": 18.763324737548828, "mse": 569.3658447265625, "rmse": 23.861387252807617, "r2": 0.9917973875999451}