{"mae": 15.025349617004395, "mse": 347.8813781738281, "rmse": 18.651578436524563, "r2": 0.9795307237965383}