{"mae": 0.1314045637845993, "mse": 0.029243294149637222, "rmse": 0.1710067093372345, "r2": 0.14583635330200195}