{"mae": 0.053597528487443924, "mse": 0.004622651729732752, "rmse": 0.06799008552526428, "r2": 0.9329390303468506}