{"mae": 33.15152359008789, "mse": 1502.2994384765625, "rmse": 38.75950622558594, "r2": 0.9940438270568848}