{"mae": 0.060038354247808456, "mse": 0.006807834841310978, "rmse": 0.08250960453978057, "r2": 0.8820181548579172}