{"mae": 38.27887725830078, "mse": 2296.033447265625, "rmse": 47.916943217046146, "r2": 0.9638722259049001}