{"mae": 0.040952686220407486, "mse": 0.0029827009420841932, "rmse": 0.054614109368222724, "r2": 0.9478894694913157}