{"mae": 0.005777854472398758, "mse": 4.501395596889779e-05, "rmse": 0.006709244102239609, "r2": 0.9552634954452515}