{"mae": 0.2109510749578476, "mse": 0.06269773095846176, "rmse": 0.2503951496304626, "r2": -1.5494951861319168}