{"mae": 0.03416891768574715, "mse": 0.0013403536286205053, "rmse": 0.036610840315683894, "r2": -2.3111471845957636}