{"mae": 0.022715171799063683, "mse": 0.0009860496502369642, "rmse": 0.0314014275190948, "r2": 0.9868580190886309}