{"mae": 64.78385925292969, "mse": 7606.96240234375, "rmse": 87.21790184557153, "r2": 0.7733579094273335}