{"mae": 41.696598052978516, "mse": 2658.03662109375, "rmse": 51.55615017719758, "r2": 0.9911505453392483}