{"mae": 41.11534118652344, "mse": 2575.66455078125, "rmse": 50.75100541645702, "r2": 0.9508885278943174}