{"mae": 0.061414413154125214, "mse": 0.005834893323481083, "rmse": 0.07638647343267709, "r2": 0.9130663431197763}