{"mae": 24.853660583496094, "mse": 1113.8787841796875, "rmse": 33.3748226089621, "r2": 0.43582249857796507}