{"mae": 0.04516410082578659, "mse": 0.0031736078672111034, "rmse": 0.056334783812588676, "r2": 0.9376107801376912}