{"mae": 5.3983473777771, "mse": 49.414031982421875, "rmse": 7.029511503825986, "r2": 0.9855264967091041}