{"mae": 0.02824997529387474, "mse": 0.0017894573975354433, "rmse": 0.042301978915929794, "r2": 0.9712008237838745}