{"mae": 93.18647003173828, "mse": 14211.8935546875, "rmse": 119.2136459350586, "r2": 0.9697750806808472}