{"mae": 0.10553884506225586, "mse": 0.018936842679977417, "rmse": 0.13761119544506073, "r2": 0.5103380680084229}