{"mae": 0.2179533690214157, "mse": 0.06346680223941803, "rmse": 0.2519261841083972, "r2": -4.9689713190394444}