{"mae": 87.55538940429688, "mse": 10880.498046875, "rmse": 104.30962585914591, "r2": 0.9623447034497509}