{"mae": 0.3816729485988617, "mse": 0.1777149736881256, "rmse": 0.4215625524520874, "r2": 0.9999809861183167}