{"mae": 0.002796689048409462, "mse": 2.365751970501151e-05, "rmse": 0.004863899639693598, "r2": 0.9869622215847157}