{"mae": 0.12979617714881897, "mse": 0.023303423076868057, "rmse": 0.15265458747403582, "r2": 0.6828703560232197}