{"mae": 0.2280019074678421, "mse": 0.07447440177202225, "rmse": 0.27289998492492124, "r2": -33.41608186695058}