{"mae": 0.016150537878274918, "mse": 0.00037969238474033773, "rmse": 0.019485697150230408, "r2": 0.6187888383865356}