{"mae": 0.006656544283032417, "mse": 9.805530862649903e-05, "rmse": 0.009902288050066965, "r2": 0.9396577125869756}