{"mae": 0.06333274394273758, "mse": 0.009497923776507378, "rmse": 0.09745729206430567, "r2": 0.8754117612404134}