{"mae": 67.22727966308594, "mse": 8031.61669921875, "rmse": 89.61928754023182, "r2": 0.4390913188447444}