{"mae": 0.15502038598060608, "mse": 0.03865642473101616, "rmse": 0.19661237176489216, "r2": -0.9693464833317913}