{"mae": 10.637858390808105, "mse": 149.07180786132812, "rmse": 12.209496626041883, "r2": 0.8921471934544327}