{"mae": 0.03235195577144623, "mse": 0.0011716445442289114, "rmse": 0.034229293656587646, "r2": -0.5168074364356325}