{"mae": 0.19249801337718964, "mse": 0.0553455650806427, "rmse": 0.23525638159387452, "r2": -1.103902146138069}