{"mae": 39.339942932128906, "mse": 2870.653076171875, "rmse": 53.57847586645103, "r2": 0.9949198145454204}