{"mae": 0.027621984481811523, "mse": 0.0016746646724641323, "rmse": 0.04092266783118248, "r2": 0.9643633365631104}