{"mae": 56.24152755737305, "mse": 9537.7861328125, "rmse": 97.66158985400811, "r2": 0.8189875706332741}