{"mae": 40.35456848144531, "mse": 2195.543212890625, "rmse": 46.856624002275545, "r2": 0.9641781500257993}