{"mae": 14.314620018005371, "mse": 425.0374755859375, "rmse": 20.616437911987305, "r2": 0.9912572503089905}