{"mae": 0.06279359012842178, "mse": 0.0060918740928173065, "rmse": 0.0780504586329722, "r2": 0.9068770001835035}