{"mae": 94.47451782226562, "mse": 13576.638671875, "rmse": 116.51883397921128, "r2": 0.9793678554226127}