{"mae": 0.06369544565677643, "mse": 0.010562924668192863, "rmse": 0.10277608782052994, "r2": 0.8588201403617859}