{"mae": 0.022581981495022774, "mse": 0.0009390091872774065, "rmse": 0.030643256799456002, "r2": 0.9841343529585094}