{"mae": 0.009005855768918991, "mse": 0.00011022067337762564, "rmse": 0.01049860380589962, "r2": 0.9348400831222534}