{"mae": 18.914207458496094, "mse": 608.6857299804688, "rmse": 24.671557104902575, "r2": 0.9685206175508932}