{"mae": 0.013510167598724365, "mse": 0.0004415777511894703, "rmse": 0.021013751478245628, "r2": 0.8122941011364112}