{"mae": 31.169483184814453, "mse": 1897.592529296875, "rmse": 43.56136509909756, "r2": 0.9415373526656348}