{"mae": 1.6225049495697021, "mse": 4.39846134185791, "rmse": 2.097250901026844, "r2": 0.9470802736121534}