{"mae": 0.062036510556936264, "mse": 0.009315178729593754, "rmse": 0.09651517357179519, "r2": 0.795616646784065}