{"mae": 0.023721765726804733, "mse": 0.0012355855433270335, "rmse": 0.03515089675784111, "r2": -0.07641327381134033}