{"mae": 35.91871643066406, "mse": 2107.386962890625, "rmse": 45.90628456857105, "r2": 0.9636096960840211}