{"mae": 0.07627106457948685, "mse": 0.009011689573526382, "rmse": 0.09492991864681244, "r2": 0.8411073684692383}