{"mae": 0.08566552400588989, "mse": 0.011184553615748882, "rmse": 0.10575705021619797, "r2": 0.8228026628494263}