{"mae": 14.846068382263184, "mse": 330.1105041503906, "rmse": 18.168943396642266, "r2": 0.9944745078404208}