{"mae": 18.12659454345703, "mse": 503.170654296875, "rmse": 22.43146571887078, "r2": 0.9908910291501091}