,mae,mse,rmse,r2
R3_battery-1,12.901617050170898,267.61688232421875,16.359000040473706,0.9923006996853041
R3_battery-2,8.371990203857422,133.9425506591797,11.573355203188905,0.9944688205535891
R3_battery-3,10.76336669921875,247.91278076171875,15.745246290919642,0.9890498611118831
R3_battery-4,9.48611068725586,187.10057067871094,13.67847106509755,0.993328132970501
R3_battery-5,8.767535209655762,123.73802185058594,11.123759339835878,0.9958343881766081
R3_battery-6,8.963903427124023,145.68348693847656,12.069941463755182,0.9950736253248771
R3_battery-7,7.64319372177124,96.9097900390625,9.844277019622238,0.9944338286162331
R3_battery-8,11.814020156860352,214.52699279785156,14.646740005811926,0.993051382168541
0,9.838967144489288,177.1788845062256,13.13009880358813,0.9934425923259421
