{"mae": 25.899839401245117, "mse": 1069.60693359375, "rmse": 32.70484572037835, "r2": 0.8152762252331889}