{"mae": 71.68535614013672, "mse": 9665.3857421875, "rmse": 98.3126936981563, "r2": 0.6171780894723851}