{"mae": 0.17912447452545166, "mse": 0.05320058763027191, "rmse": 0.23065252602100372, "r2": -0.04126477241516113}