{"mae": 140.73170471191406, "mse": 28437.59375, "rmse": 168.63449750866516, "r2": 0.9488434233470263}