{"mae": 56.04043197631836, "mse": 4835.64794921875, "rmse": 69.53882332351296, "r2": -0.4821765888824776}