{"mae": 0.03808712959289551, "mse": 0.0019779172725975513, "rmse": 0.04447378218173981, "r2": -0.08648145198822021}