{"mae": 1.2165557146072388, "mse": 2.218611717224121, "rmse": 1.4895005226135254, "r2": 0.9999675154685974}