{"mae": 38.714778900146484, "mse": 2131.83447265625, "rmse": 46.17179489135742, "r2": 0.9932529330253601}