{"mae": 21.029390335083008, "mse": 671.2824096679688, "rmse": 25.909118272684786, "r2": 0.9877488457511213}