{"mae": 0.04908941313624382, "mse": 0.004851910751312971, "rmse": 0.0696556584299723, "r2": 0.9171518456274571}