{"mae": 0.10996697843074799, "mse": 0.018366683274507523, "rmse": 0.1355237364768982, "r2": 0.35586369037628174}