{"mae": 25.21630096435547, "mse": 1425.4932861328125, "rmse": 37.75570534545491, "r2": 0.16491206615635}