{"mae": 47.40037155151367, "mse": 3332.82373046875, "rmse": 57.73061346000708, "r2": 0.673338179649618}