{"mae": 53.14088439941406, "mse": 4822.48583984375, "rmse": 69.44412231445312, "r2": 0.7981905341148376}