{"mae": 41.89725875854492, "mse": 2754.971435546875, "rmse": 52.4878217832182, "r2": 0.9553486037333361}