{"mae": 0.01203642226755619, "mse": 0.0003799225960392505, "rmse": 0.019491603218802975, "r2": 0.41584770025567386}