{"mae": 71.30892181396484, "mse": 7058.30419921875, "rmse": 84.01371435199583, "r2": 0.9782315878917497}