{"mae": 0.012531022541224957, "mse": 0.00047635738155804574, "rmse": 0.021825612970957902, "r2": 0.558698256344125}