{"mae": 0.07748252898454666, "mse": 0.010982723906636238, "rmse": 0.10479849191012358, "r2": 0.7963910369746915}