{"mae": 0.08265808969736099, "mse": 0.009243331849575043, "rmse": 0.0961422473192215, "r2": 0.8509594798088074}