{"mae": 24.538623809814453, "mse": 1281.38037109375, "rmse": 35.79637371429891, "r2": 0.9557812783496783}