{"mae": 29.700164794921875, "mse": 1177.3927001953125, "rmse": 34.31315612792969, "r2": 0.9829680919647217}