{"mae": 44.96086883544922, "mse": 4221.05078125, "rmse": 64.96961429199038, "r2": 0.6525115456150077}