{"mae": 79.73655700683594, "mse": 8459.755859375, "rmse": 91.97693112609814, "r2": 0.9723820698236547}