{"mae": 0.021526522934436798, "mse": 0.0005237295990809798, "rmse": 0.022885139262870564, "r2": 0.3944197152045813}