{"mae": 0.04873758181929588, "mse": 0.004932749550789595, "rmse": 0.0702335387468338, "r2": 0.9308969378471375}