{"mae": 28.981245040893555, "mse": 1295.509033203125, "rmse": 35.99318037077475, "r2": 0.9368315196964505}