{"mae": 0.005924052558839321, "mse": 6.243606912903488e-05, "rmse": 0.007901649772612988, "r2": 0.9630926751079788}