{"mae": 0.07582098990678787, "mse": 0.00923863798379898, "rmse": 0.09611783176660538, "r2": 0.8584632873535156}