{"mae": 0.06588086485862732, "mse": 0.005917763337492943, "rmse": 0.07692700005520131, "r2": 0.9123173172514404}