{"mae": 16.625492095947266, "mse": 460.53607177734375, "rmse": 21.4601041884084, "r2": 0.9713257153727388}