{"mae": 0.19360490143299103, "mse": 0.061909474432468414, "rmse": 0.24881614744663239, "r2": 0.9999998807907104}