{"mae": 0.025091249495744705, "mse": 0.0012571142287924886, "rmse": 0.03545580804347992, "r2": 0.723393976688385}