{"mae": 54.212493896484375, "mse": 4731.43798828125, "rmse": 68.78544895747392, "r2": 0.8972861052428366}