{"mae": 348.4560852050781, "mse": 126784.0859375, "rmse": 356.0675354003906, "r2": -3.0033693313598633}