{"mae": 0.10401534289121628, "mse": 0.019767723977565765, "rmse": 0.14059773816660695, "r2": 0.48151363454757456}