{"mae": 25.635934829711914, "mse": 1233.0057373046875, "rmse": 35.114181427233746, "r2": 0.9293823762219722}