{"mae": 214.66342163085938, "mse": 88842.6875, "rmse": 298.0649108886719, "r2": -0.34851324558258057}