{"mae": 7.389177322387695, "mse": 86.79761505126953, "rmse": 9.316523551940918, "r2": 0.9711548089981079}