{"mae": 0.0014756591990590096, "mse": 4.995092240278609e-06, "rmse": 0.0022349702194333076, "r2": 0.9958183169364929}