{"mae": 0.051986511796712875, "mse": 0.0037035909481346607, "rmse": 0.06085713555643792, "r2": 0.9347034192996218}