{"mae": 106.82808685302734, "mse": 17969.859375, "rmse": 134.05170411076466, "r2": 0.7225910232383776}