{"mae": 0.018020667135715485, "mse": 0.0003945014323107898, "rmse": 0.0198620601225248, "r2": 0.5309159928830485}