{"mae": 38.7544059753418, "mse": 2481.001220703125, "rmse": 49.80965042114258, "r2": 0.988900363445282}