{"mae": 0.017389345914125443, "mse": 0.0007231555064208806, "rmse": 0.026891550837035795, "r2": 0.12095536999989831}