{"mae": 81.74056243896484, "mse": 8699.5986328125, "rmse": 93.27163696289062, "r2": -3.881430149078369}