{"mae": 0.2586486041545868, "mse": 0.06809348613023758, "rmse": 0.2609472870826721, "r2": 0.27930086851119995}