{"mae": 0.08264661580324173, "mse": 0.011335530318319798, "rmse": 0.1064684475247, "r2": 0.7920972107383295}