{"mae": 23.428329467773438, "mse": 615.177978515625, "rmse": 24.80278205871582, "r2": -2.0336291790008545}