{"mae": 168.42572021484375, "mse": 34185.625, "rmse": 184.8935546875, "r2": 0.6344935894012451}