{"mae": 13.95889663696289, "mse": 354.0206298828125, "rmse": 18.8154354095459, "r2": 0.9868532419204712}