{"mae": 23.73206901550293, "mse": 1100.7657470703125, "rmse": 33.177791595458984, "r2": 0.9461683630943298}