{"mae": 84.57920837402344, "mse": 8753.923828125, "rmse": 93.56240844726562, "r2": 0.516715943813324}