{"mae": 0.09769276529550552, "mse": 0.02125432901084423, "rmse": 0.1457886449996852, "r2": 0.49597750275646457}