{"mae": 13.337332725524902, "mse": 301.52191162109375, "rmse": 17.3643856048584, "r2": 0.9956334233283997}