{"mae": 42.36177444458008, "mse": 2671.692626953125, "rmse": 51.68841869271225, "r2": 0.9580161763377281}