{"mae": 0.05292082577943802, "mse": 0.004881055559962988, "rmse": 0.06986455152624246, "r2": 0.9260599874435551}