{"mae": 24.353803634643555, "mse": 1152.8411865234375, "rmse": 33.95351508347019, "r2": 0.5880004601098507}