{"mae": 0.6465965509414673, "mse": 0.4767712652683258, "rmse": 0.6904862523078918, "r2": -93.86034393310547}