{"mae": 40.752586364746094, "mse": 2719.912841796875, "rmse": 52.15278364379868, "r2": 0.995447656836701}