{"mae": 0.01992841623723507, "mse": 0.0011204644106328487, "rmse": 0.033473338931798935, "r2": 0.30753034353256226}