{"mae": 0.03752761334180832, "mse": 0.0029537316877394915, "rmse": 0.05434824526309967, "r2": 0.9183055758476257}