{"mae": 0.13005071878433228, "mse": 0.019843507558107376, "rmse": 0.1408669799566269, "r2": 0.8077466487884521}