{"mae": 79.50435638427734, "mse": 15136.0458984375, "rmse": 123.02864074707031, "r2": 0.934686005115509}