{"mae": 0.3295934200286865, "mse": 0.14043733477592468, "rmse": 0.37474969616521997, "r2": -5.793137931655741}