{"mae": 219.86233520507812, "mse": 68894.0, "rmse": 262.4766540527344, "r2": 0.7697756290435791}