{"mae": 41.06990051269531, "mse": 3062.81884765625, "rmse": 55.34273910522461, "r2": 0.9895694255828857}