{"mae": 0.015936221927404404, "mse": 0.00031020655296742916, "rmse": 0.017612681595016392, "r2": 0.5485036374684527}