{"mae": 6.1252031326293945, "mse": 56.58390426635742, "rmse": 7.52222734742559, "r2": 0.9966543901159709}