{"mae": 0.07546829432249069, "mse": 0.01202711183577776, "rmse": 0.1096681897168808, "r2": 0.7385476753225722}