{"mae": 0.035253360867500305, "mse": 0.0012916866689920425, "rmse": 0.03594004362821579, "r2": -0.08258450031280518}