{"mae": 0.03626365587115288, "mse": 0.0014822633238509297, "rmse": 0.03850017303663621, "r2": -1.0496155309537993}