{"mae": 40.0560417175293, "mse": 2902.76513671875, "rmse": 53.87731560423877, "r2": -0.24370053043617612}