{"mae": 18.337074279785156, "mse": 655.908935546875, "rmse": 25.610719153254465, "r2": 0.995568328263785}