{"mae": 134.68441772460938, "mse": 29953.119140625, "rmse": 173.06969446042538, "r2": 0.9336948657221155}