{"mae": 2.597020387649536, "mse": 8.749086380004883, "rmse": 2.957885503768921, "r2": 0.8225160837173462}