{"mae": 0.0840083509683609, "mse": 0.010921002365648746, "rmse": 0.10450359977363817, "r2": 0.8177412841626316}