{"mae": 0.09433142095804214, "mse": 0.0118289515376091, "rmse": 0.1087609835263046, "r2": 0.7687962996038777}