{"mae": 0.0449800007045269, "mse": 0.002644106512889266, "rmse": 0.051420874893665314, "r2": 0.9643670916557312}