{"mae": 34.94480895996094, "mse": 1786.83349609375, "rmse": 42.27095333788617, "r2": -3.001524604439253}