{"mae": 1.1694914102554321, "mse": 2.1455376148223877, "rmse": 1.4647654294967651, "r2": 0.9999653100967407}