{"mae": 0.051083311438560486, "mse": 0.004721845965832472, "rmse": 0.0687156893717328, "r2": 0.9271018098692543}