{"mae": 0.05711930990219116, "mse": 0.013466190546751022, "rmse": 0.11604391783475876, "r2": 0.6243376135826111}