{"mae": 0.0801098495721817, "mse": 0.008377289399504662, "rmse": 0.0915275365114212, "r2": 0.866115927696228}