{"mae": 0.07953520119190216, "mse": 0.008452601730823517, "rmse": 0.09193803369998932, "r2": 0.8659137487411499}