{"mae": 232.2198944091797, "mse": 66646.0, "rmse": 258.15887451171875, "r2": 0.47296255826950073}