{"mae": 69.80934143066406, "mse": 10799.7822265625, "rmse": 103.9219970703125, "r2": 0.9212096333503723}