{"mae": 22.332670211791992, "mse": 726.34619140625, "rmse": 26.950810589038877, "r2": 0.9310504745925117}