{"mae": 0.07339978963136673, "mse": 0.018221242353320122, "rmse": 0.13498608207263488, "r2": 0.4415556356615773}