{"mae": 0.028230121359229088, "mse": 0.0009698469075374305, "rmse": 0.03114236515644614, "r2": -1.2121018481384014}