{"mae": 0.12535302340984344, "mse": 0.01991531066596508, "rmse": 0.14112161099910736, "r2": 0.6631521582603455}