{"mae": 29.157920837402344, "mse": 1355.49560546875, "rmse": 36.817054748535156, "r2": -2.56992506980896}