{"mae": 47.506439208984375, "mse": 4233.13427734375, "rmse": 65.06254127640382, "r2": 0.8017361494294603}