{"mae": 0.07933390885591507, "mse": 0.007888533174991608, "rmse": 0.08881741762161255, "r2": 0.7564787864685059}