{"mae": 0.018352054059505463, "mse": 0.000539381755515933, "rmse": 0.023224593764282143, "r2": 0.5936517691063345}