{"mae": 83.55461883544922, "mse": 7832.14697265625, "rmse": 88.49942016601562, "r2": 0.6221150159835815}