{"mae": 0.05450902879238129, "mse": 0.005560982506722212, "rmse": 0.07457199545890006, "r2": 0.9235079860838128}