{"mae": 0.031979139894247055, "mse": 0.0014133683871477842, "rmse": 0.03759479150176048, "r2": 0.9718636274337769}