{"mae": 0.009388093836605549, "mse": 0.00015393159992527217, "rmse": 0.012406917422360487, "r2": 0.8923317839453657}