{"mae": 20.245092391967773, "mse": 592.3583984375, "rmse": 24.338414049347996, "r2": 0.9776271253729765}