{"mae": 84.24109649658203, "mse": 11808.2158203125, "rmse": 108.66561471004754, "r2": 0.9296233029218031}