{"mae": 0.08198240399360657, "mse": 0.010634488426148891, "rmse": 0.10312365599681235, "r2": 0.7664393526306454}