{"mae": 0.06577279418706894, "mse": 0.010908548720180988, "rmse": 0.10444399800936859, "r2": 0.7246252825807314}