{"mae": 0.15454895794391632, "mse": 0.04854376241564751, "rmse": 0.2203264832496643, "r2": -1.1222667694091797}