{"mae": 0.2760300636291504, "mse": 0.11765400320291519, "rmse": 0.34300729632377625, "r2": 0.9999996423721313}