{"mae": 33.70943069458008, "mse": 1263.1287841796875, "rmse": 35.540523529052734, "r2": -2.5492725372314453}