{"mae": 159.6958770751953, "mse": 40667.04296875, "rmse": 201.66070556640625, "r2": 0.8893163800239563}