{"mae": 65.73915100097656, "mse": 6102.966796875, "rmse": 78.12148742103545, "r2": -3.065577414641706}