{"mae": 0.06196458265185356, "mse": 0.009003302082419395, "rmse": 0.09488573171146121, "r2": 0.7643461297289912}