{"mae": 0.0732785165309906, "mse": 0.008978785015642643, "rmse": 0.09475645105027226, "r2": 0.8370007477717485}