{"mae": 23.28089714050293, "mse": 820.9452514648438, "rmse": 28.65214217933528, "r2": 0.9573477143884332}