{"mae": 0.07327143102884293, "mse": 0.007767577655613422, "rmse": 0.08813386213943777, "r2": 0.8588599681288196}