{"mae": 136.2279815673828, "mse": 22011.763671875, "rmse": 148.36361694335938, "r2": 0.7013130784034729}