{"mae": 27.707799911499023, "mse": 1137.2552490234375, "rmse": 33.72321528299811, "r2": 0.7583756956672693}