{"mae": 121.20278930664062, "mse": 22719.453125, "rmse": 150.729736328125, "r2": 0.8127968311309814}