{"mae": 0.06030304729938507, "mse": 0.0053157745860517025, "rmse": 0.07290935516357422, "r2": 0.9525179266929626}