{"mae": 34.587459564208984, "mse": 1827.9647216796875, "rmse": 42.754704088318604, "r2": 0.5612385824198016}