{"mae": 0.018905505537986755, "mse": 0.0006648323033004999, "rmse": 0.025784341618418694, "r2": 0.991980254650116}