{"mae": 0.06644275039434433, "mse": 0.009032848291099072, "rmse": 0.09504129781889066, "r2": 0.8439431359864185}