{"mae": 0.048918217420578, "mse": 0.004929286893457174, "rmse": 0.0702088804458323, "r2": 0.9033337533771488}