{"mae": 8.2645902633667, "mse": 106.35304260253906, "rmse": 10.312761306762695, "r2": 0.9489340782165527}