{"mae": 0.04223113879561424, "mse": 0.0036232941783964634, "rmse": 0.060193806886672974, "r2": 0.9287504553794861}