{"mae": 29.272480010986328, "mse": 1895.2569580078125, "rmse": 43.534549015785295, "r2": 0.9552407126031731}