{"mae": 82.76981353759766, "mse": 7993.33203125, "rmse": 89.40543365478516, "r2": -105.5555191040039}