{"mae": 43.74507141113281, "mse": 3370.655517578125, "rmse": 58.057346801056326, "r2": 0.9327269593287058}