{"mae": 0.08984161168336868, "mse": 0.025057561695575714, "rmse": 0.15829581022262573, "r2": -0.3623220920562744}