{"mae": 15.697312355041504, "mse": 418.2353515625, "rmse": 20.450803756713867, "r2": 0.9270561933517456}