{"mae": 2.4721107482910156, "mse": 18.98992156982422, "rmse": 4.357742786407471, "r2": 0.999593198299408}