{"mae": 0.11283204704523087, "mse": 0.017888108268380165, "rmse": 0.13374643273141967, "r2": 0.6434365255186674}