{"mae": 5.100952625274658, "mse": 30.092527389526367, "rmse": 5.485665628665893, "r2": 0.27587730858468684}