{"mae": 0.6188497543334961, "mse": 2.6600632667541504, "rmse": 1.6309700012207031, "r2": 0.9998481869697571}