{"mae": 33.41030502319336, "mse": 1900.9766845703125, "rmse": 43.600191336395675, "r2": -0.521583899371364}