{"mae": 46.33079147338867, "mse": 3694.000732421875, "rmse": 60.778291621448815, "r2": 0.9079586827669481}