{"mae": 19.430402755737305, "mse": 584.2555541992188, "rmse": 24.17137882288097, "r2": 0.9652172487561768}