{"mae": 0.04774067550897598, "mse": 0.005356904584914446, "rmse": 0.07319087535142899, "r2": 0.9089799523353577}