{"mae": 5.479881763458252, "mse": 60.13053512573242, "rmse": 7.75438812065352, "r2": 0.9960624767908491}