{"mae": 0.23084020614624023, "mse": 0.08050132542848587, "rmse": 0.2837275564670563, "r2": -4.7379984855651855}