{"mae": 0.06161154806613922, "mse": 0.005870799534022808, "rmse": 0.0766211428655486, "r2": 0.9089064505933938}