{"mae": 31.95146942138672, "mse": 1857.052001953125, "rmse": 43.09352621859953, "r2": 0.9308339052073311}