{"mae": 32.41304397583008, "mse": 1647.5531005859375, "rmse": 40.59006118774414, "r2": -1.900613784790039}