{"mae": 0.11616849899291992, "mse": 0.017044376581907272, "rmse": 0.13055410981178284, "r2": 0.7116111516952515}