{"mae": 85.34306335449219, "mse": 8982.8828125, "rmse": 94.77806854248047, "r2": -0.2854501008987427}