{"mae": 175.78729248046875, "mse": 37355.921875, "rmse": 193.27679443359375, "r2": 0.6404783725738525}