{"mae": 24.354015350341797, "mse": 782.8864135742188, "rmse": 27.9801082611084, "r2": 0.46105653047561646}