{"mae": 30.117568969726562, "mse": 1391.093505859375, "rmse": 37.297365937280006, "r2": 0.9739598407600842}