{"mae": 51.4255485534668, "mse": 5047.42822265625, "rmse": 71.04525475115315, "r2": 0.8438712423358701}