{"mae": 44.78534698486328, "mse": 2942.895751953125, "rmse": 54.2484631298724, "r2": 0.9559122197103844}