{"mae": 0.07413218915462494, "mse": 0.009916405193507671, "rmse": 0.09958114878584035, "r2": 0.8006183461613459}