{"mae": 32.15850830078125, "mse": 1734.24951171875, "rmse": 41.644321482271145, "r2": 0.9246942203538276}