{"mae": 0.052484601736068726, "mse": 0.006167421117424965, "rmse": 0.07853293014669047, "r2": 0.8894571158632592}