{"mae": 177.0401153564453, "mse": 51486.69140625, "rmse": 226.9067840576172, "r2": 0.031325697898864746}