{"mae": 0.6122084259986877, "mse": 0.43943268060684204, "rmse": 0.6628971695899963, "r2": -2.5971405506134033}