{"mae": 23.620019912719727, "mse": 963.8407592773438, "rmse": 31.04578488744235, "r2": 0.9966095936342405}