{"mae": 70.36991882324219, "mse": 7049.30078125, "rmse": 83.96011352539062, "r2": 0.8163086771965027}