{"mae": 0.1315116435289383, "mse": 0.026029136031866074, "rmse": 0.16133547666854328, "r2": 0.328028353023178}