{"mae": 0.030861491337418556, "mse": 0.0014430556911975145, "rmse": 0.03798757120966911, "r2": 0.18179380893707275}