{"mae": 34.05427932739258, "mse": 1636.2149658203125, "rmse": 40.45015408895635, "r2": -2.2718700923500257}