{"mae": 22.664581298828125, "mse": 772.9791259765625, "rmse": 27.80250215316173, "r2": 0.9515522364020437}