{"mae": 0.1887456178665161, "mse": 0.08351510763168335, "rmse": 0.2889898054113386, "r2": -0.5050809560853489}