{"mae": 122.99116516113281, "mse": 26174.173828125, "rmse": 161.78434358158702, "r2": 0.7089434285475857}