{"mae": 0.049919243901968, "mse": 0.004526658449321985, "rmse": 0.06728044897317886, "r2": 0.9414732456207275}