{"mae": 0.05690845102071762, "mse": 0.005741404835134745, "rmse": 0.07577205840634624, "r2": -0.2061228623329332}