{"mae": 18.604005813598633, "mse": 585.1339111328125, "rmse": 24.18954086303711, "r2": 0.973892331123352}