{"mae": 27.79856300354004, "mse": 1293.0877685546875, "rmse": 35.959529593067366, "r2": 0.9949110216211492}