{"mae": 0.5545060038566589, "mse": 0.5738840699195862, "rmse": 0.757551372051239, "r2": 0.9999988675117493}