{"mae": 37.12270736694336, "mse": 3295.20458984375, "rmse": 57.4038726031942, "r2": 0.8747805179108805}