{"mae": 0.06310031563043594, "mse": 0.006294031161814928, "rmse": 0.07933493027547782, "r2": 0.9040321444394139}