{"mae": 121.76537322998047, "mse": 23392.177734375, "rmse": 152.945015395648, "r2": 0.9298222713627199}