{"mae": 130.47201538085938, "mse": 28218.6640625, "rmse": 167.9841184829685, "r2": 0.12129525916972583}