{"mae": 79.37837982177734, "mse": 10783.40625, "rmse": 103.84317779541016, "r2": 0.16446393728256226}