{"mae": 24.078472137451172, "mse": 1429.971435546875, "rmse": 37.814963117089974, "r2": 0.7240523829061662}