{"mae": 0.09323731809854507, "mse": 0.016531510278582573, "rmse": 0.12857492087721684, "r2": 0.5446258779394563}