{"mae": 0.010694305412471294, "mse": 0.00020518583187367767, "rmse": 0.014324309123782469, "r2": 0.9970404934392154}