{"mae": 0.07988964021205902, "mse": 0.009851102717220783, "rmse": 0.09925272146002236, "r2": 0.8891712174825466}