{"mae": 0.020162085071206093, "mse": 0.0006931817042641342, "rmse": 0.026328343898057938, "r2": 0.9914354085922241}