{"mae": 0.03193291276693344, "mse": 0.002010305877774954, "rmse": 0.04483643471302055, "r2": 0.9690915946120775}