{"mae": 12.49537467956543, "mse": 372.345458984375, "rmse": 19.296255050770213, "r2": 0.9763293165252493}