{"mae": 0.005457140970975161, "mse": 4.9999503971775994e-05, "rmse": 0.0070710327372864, "r2": 0.9765074942755272}