{"mae": 0.02340860664844513, "mse": 0.0008104905718937516, "rmse": 0.02846911610664707, "r2": -2.8136142544376965}