{"mae": 8.254053115844727, "mse": 109.37019348144531, "rmse": 10.458020210266113, "r2": 0.9935941100120544}