{"mae": 0.08280918002128601, "mse": 0.008886770345270634, "rmse": 0.09426967054605484, "r2": 0.7160658836364746}