{"mae": 0.05221100151538849, "mse": 0.00605477811768651, "rmse": 0.07781245477226965, "r2": 0.8821910386505027}