{"mae": 0.07060588896274567, "mse": 0.007748551666736603, "rmse": 0.08802585794376902, "r2": 0.8715784461685958}