{"mae": 0.047107528895139694, "mse": 0.0075078085064888, "rmse": 0.08664760738611221, "r2": 0.8449589014053345}