{"mae": 0.45645973086357117, "mse": 0.2105933576822281, "rmse": 0.458904504776001, "r2": -2.8050708770751953}