{"mae": 0.05821556970477104, "mse": 0.0036968351341784, "rmse": 0.06080160290002823, "r2": -1.007981538772583}