{"mae": 15.255419731140137, "mse": 328.5263977050781, "rmse": 18.12529717563489, "r2": 0.9777920247729043}