{"mae": 213.6962432861328, "mse": 68706.7421875, "rmse": 262.1197204589844, "r2": 0.866969108581543}