{"mae": 32.79014205932617, "mse": 1775.379638671875, "rmse": 42.135254107123586, "r2": 0.8556323698907888}