{"mae": 0.17943750321865082, "mse": 0.0650356262922287, "rmse": 0.2550208270549774, "r2": -1.6178369522094727}