{"mae": 22.523582458496094, "mse": 1103.7021484375, "rmse": 33.222013010013406, "r2": 0.5888780093843338}