{"mae": 135.1609344482422, "mse": 24713.017578125, "rmse": 157.20374543287764, "r2": 0.7760729693850643}