{"mae": 185.52642822265625, "mse": 40693.046875, "rmse": 201.7251739501953, "r2": 0.5572642087936401}