{"mae": 24.641950607299805, "mse": 1322.906494140625, "rmse": 36.37178039550781, "r2": 0.9698076248168945}