{"mae": 4.4623918533325195, "mse": 24.471717834472656, "rmse": 4.94688971319077, "r2": 0.3268177441006256}