{"mae": 0.019037645310163498, "mse": 0.0005979681736789644, "rmse": 0.024453388527035713, "r2": 0.9923202395439148}