{"mae": 15.733184814453125, "mse": 374.11297607421875, "rmse": 19.34200031212436, "r2": 0.9681345966771431}