{"mae": 70.57783508300781, "mse": 8085.26611328125, "rmse": 89.91810607910156, "r2": 0.8894076943397522}