{"mae": 93.18203735351562, "mse": 15301.583984375, "rmse": 123.69957148015914, "r2": -0.8055182834647532}