{"mae": 0.28117674589157104, "mse": 0.1101323664188385, "rmse": 0.3318619689250917, "r2": -15.619511609481453}