{"mae": 12.158266067504883, "mse": 241.75035095214844, "rmse": 15.54832309132237, "r2": 0.9232161124361977}