{"mae": 2.678246021270752, "mse": 76.62580108642578, "rmse": 8.753616333007812, "r2": 0.9849768280982971}