{"mae": 0.06228523701429367, "mse": 0.006339878309518099, "rmse": 0.07962335278998303, "r2": 0.9337562544143223}