{"mae": 0.04759354144334793, "mse": 0.003762059146538377, "rmse": 0.06133562698960304, "r2": 0.9329391121864319}