{"mae": 0.06538506597280502, "mse": 0.0061035132966935635, "rmse": 0.07812498509883739, "r2": 0.9042678485224186}