{"mae": 70.9157943725586, "mse": 6132.88623046875, "rmse": 78.31274628353133, "r2": -0.4450067140226084}