{"mae": 205.9910430908203, "mse": 46502.43359375, "rmse": 215.64422607421875, "r2": -1.5440006256103516}