{"mae": 11.304643630981445, "mse": 264.3824157714844, "rmse": 16.259840582597494, "r2": 0.9797571144965985}