{"mae": 0.11315812915563583, "mse": 0.018306057900190353, "rmse": 0.13529987633228302, "r2": 0.5266991853713989}