{"mae": 0.06324581056833267, "mse": 0.005333183333277702, "rmse": 0.07302864734662488, "r2": 0.9369919269334449}