{"mae": 0.0885053277015686, "mse": 0.013654534704983234, "rmse": 0.11685261958973464, "r2": 0.6506697065240905}