{"mae": 35.100067138671875, "mse": 2003.756591796875, "rmse": 44.76333981950939, "r2": 0.9624081346716877}