{"mae": 0.012277401983737946, "mse": 0.00024413876235485077, "rmse": 0.015624940395355225, "r2": 0.8668756484985352}