{"mae": 0.02453560382127762, "mse": 0.0014769346453249454, "rmse": 0.03843090683221817, "r2": 0.5553815364837646}