{"mae": 0.06426157057285309, "mse": 0.006255447864532471, "rmse": 0.07909138931977659, "r2": 0.9026582742673409}