{"mae": 3.0144035816192627, "mse": 13.70107650756836, "rmse": 3.7014966011047363, "r2": 0.9949339628219604}