{"mae": 0.08997027575969696, "mse": 0.013026375323534012, "rmse": 0.11413314734788492, "r2": 0.7134630200485457}