{"mae": 0.17248542606830597, "mse": 0.05183640494942665, "rmse": 0.22767609657016402, "r2": -0.24345722428584304}