{"mae": 103.29988098144531, "mse": 13012.53125, "rmse": 114.07247924804688, "r2": 0.8353726863861084}