{"mae": 41.60715103149414, "mse": 2757.02587890625, "rmse": 52.50738880296991, "r2": 0.3378152448784921}