{"mae": 49.99077606201172, "mse": 4760.1435546875, "rmse": 68.9937935954206, "r2": 0.8978799504329227}