{"mae": 0.01769927330315113, "mse": 0.0009561770712025464, "rmse": 0.030922112980883865, "r2": 0.6857967874701114}