{"mae": 15.324260711669922, "mse": 370.5677490234375, "rmse": 19.250136337788298, "r2": 0.9903061935525336}