{"mae": 0.029292933642864227, "mse": 0.001867776270955801, "rmse": 0.04321777725607601, "r2": 0.9724034958195245}