{"mae": 29.694456100463867, "mse": 1223.6322021484375, "rmse": 34.980454573210416, "r2": 0.9507464212362691}