{"mae": 0.1893206089735031, "mse": 0.05632072687149048, "rmse": 0.23731988668441772, "r2": -2.5071845054626465}