{"mae": 7.375198841094971, "mse": 76.8749771118164, "rmse": 8.767837653139821, "r2": 0.963841329297157}