{"mae": 79.36188507080078, "mse": 8525.8154296875, "rmse": 92.33534225683847, "r2": -1.4217460014724073}