{"mae": 43.281707763671875, "mse": 3939.9296875, "rmse": 62.76885921776817, "r2": 0.892839826234353}