{"mae": 0.047187015414237976, "mse": 0.004008390940725803, "rmse": 0.06331185466187042, "r2": 0.9158085697834909}