{"mae": 0.03596924990415573, "mse": 0.002842120360583067, "rmse": 0.053311540594725516, "r2": 0.9560888352693243}