{"mae": 177.86148071289062, "mse": 51906.9609375, "rmse": 227.83099365234375, "r2": -0.39985203742980957}