{"mae": 0.057976700365543365, "mse": 0.005393094848841429, "rmse": 0.073437693651431, "r2": 0.897864224254971}