{"mae": 0.12172223627567291, "mse": 0.020017176866531372, "rmse": 0.1414820725976665, "r2": 0.5948874776700549}