{"mae": 0.014946208335459232, "mse": 0.00032780124456621706, "rmse": 0.018105282228295064, "r2": 0.8711612482709861}