{"mae": 37.31869888305664, "mse": 2181.51806640625, "rmse": 46.70672399565452, "r2": -0.12702260337579707}