{"mae": 0.3489203453063965, "mse": 0.12892551720142365, "rmse": 0.35906198620796204, "r2": -1.9376380443572998}