{"mae": 113.09120178222656, "mse": 16558.501953125, "rmse": 128.67984008789062, "r2": 0.1804661750793457}