{"mae": 22.35921287536621, "mse": 1036.8004150390625, "rmse": 32.199385320826586, "r2": 0.8085158928373533}