{"mae": 9.999529838562012, "mse": 170.5069580078125, "rmse": 13.057831764221191, "r2": 0.9783889651298523}