{"mae": 29.704133987426758, "mse": 1448.280029296875, "rmse": 38.05627450627393, "r2": 0.8953252433497044}