{"mae": 80.6443862915039, "mse": 8583.6171875, "rmse": 92.64781264282497, "r2": 0.9660621834113751}