{"mae": 0.02273549698293209, "mse": 0.0005887979059480131, "rmse": 0.024265158271645645, "r2": 0.1823544084727743}