{"mae": 0.022615261375904083, "mse": 0.001278030569665134, "rmse": 0.035749553419100695, "r2": -0.06210041276730194}