{"mae": 0.09910231828689575, "mse": 0.017251579090952873, "rmse": 0.1313452667245869, "r2": 0.4569135603635054}