{"mae": 0.01247659046202898, "mse": 0.00026918979710899293, "rmse": 0.016407004513590923, "r2": 0.6949550323617737}