{"mae": 0.0684637650847435, "mse": 0.007725246250629425, "rmse": 0.08789338001595698, "r2": 0.8723053612250855}