{"mae": 103.83533477783203, "mse": 16935.58203125, "rmse": 130.13678200743246, "r2": 0.7351917739778167}