{"mae": 0.13973155617713928, "mse": 0.02323259972035885, "rmse": 0.15242243837558447, "r2": 0.47224228862254347}