{"mae": 13.649394989013672, "mse": 354.020263671875, "rmse": 18.815425872802734, "r2": 0.9910396337509155}