{"mae": 12.75440788269043, "mse": 261.94818115234375, "rmse": 16.184813287534205, "r2": 0.8861526208656851}