{"mae": 0.047478899359703064, "mse": 0.004638233222067356, "rmse": 0.06810457563238578, "r2": 0.9272286066071719}