{"mae": 0.06641542166471481, "mse": 0.007386764045804739, "rmse": 0.08594628581739143, "r2": 0.8820729953915233}