{"mae": 17.72978401184082, "mse": 425.13446044921875, "rmse": 20.618789672851562, "r2": 0.9892401099205017}