{"mae": 46.549983978271484, "mse": 3340.75439453125, "rmse": 57.799259185791016, "r2": -1.2509126663208008}