{"mae": 0.03398232161998749, "mse": 0.0013286765897646546, "rmse": 0.03645101630633438, "r2": -0.46531769928114186}