{"mae": 0.07684848457574844, "mse": 0.008692183531820774, "rmse": 0.09323188044773512, "r2": 0.8379939123035506}