{"mae": 0.14657437801361084, "mse": 0.044613275676965714, "rmse": 0.21121855080127716, "r2": -1.331322431564331}