{"mae": 21.360599517822266, "mse": 1133.1431884765625, "rmse": 33.66219227080379, "r2": 0.44773740623566005}