{"mae": 118.89620208740234, "mse": 18045.380859375, "rmse": 134.33309936523438, "r2": -16.640798568725586}