{"mae": 19.414060592651367, "mse": 502.7493591308594, "rmse": 22.422073364257812, "r2": 0.9908791780471802}