{"mae": 24.745431900024414, "mse": 1115.7977294921875, "rmse": 33.40355863515424, "r2": 0.9720373685150655}