{"mae": 0.006310368422418833, "mse": 9.755224891705438e-05, "rmse": 0.009876853786408901, "r2": 0.975274920463562}