{"mae": 0.13704349100589752, "mse": 0.02432936057448387, "rmse": 0.15597871833838062, "r2": 0.35537445005200996}