{"mae": 15.778831481933594, "mse": 370.4576110839844, "rmse": 19.247276306152344, "r2": 0.9922512769699097}