{"mae": 3.5730693340301514, "mse": 48.68730545043945, "rmse": 6.977628707885742, "r2": 0.9931817650794983}