{"mae": 0.1606653332710266, "mse": 0.03954751417040825, "rmse": 0.1988655680866053, "r2": -0.43792834106724654}