{"mae": 12.514165878295898, "mse": 238.3105926513672, "rmse": 15.43731170415909, "r2": 0.8755473082800498}