{"mae": 0.0852096676826477, "mse": 0.01278616301715374, "rmse": 0.11307591705201307, "r2": 0.768766917926696}