{"mae": 12.886774063110352, "mse": 270.8220520019531, "rmse": 16.456671960088197, "r2": 0.9833946797824165}