{"mae": 80.22528839111328, "mse": 9767.4853515625, "rmse": 98.83058914912174, "r2": 0.608866457984871}