{"mae": 139.7447052001953, "mse": 22624.83984375, "rmse": 150.41555718658228, "r2": 0.9402551505683081}