{"mae": 17.9989070892334, "mse": 508.25738525390625, "rmse": 22.544564428125604, "r2": 0.9557482347236097}