{"mae": 14.42138671875, "mse": 352.0316162109375, "rmse": 18.762505595227346, "r2": 0.9929497388753706}