{"mae": 102.94453430175781, "mse": 13057.4033203125, "rmse": 114.26899719238281, "r2": 0.921589732170105}