{"mae": 0.027096789330244064, "mse": 0.0008713901042938232, "rmse": 0.02951931747676127, "r2": -0.8248501996217266}