{"mae": 0.08235276490449905, "mse": 0.010310252197086811, "rmse": 0.1015394120383155, "r2": 0.7705921919757769}