{"mae": 65.06837463378906, "mse": 5866.65625, "rmse": 76.59410095214844, "r2": -81.05252075195312}