{"mae": 48.10820770263672, "mse": 5300.767578125, "rmse": 72.80637045015361, "r2": 0.6828730013039079}