{"mae": 18.24651336669922, "mse": 710.3551635742188, "rmse": 26.652488881420037, "r2": 0.04916133397106914}