{"mae": 0.21301507949829102, "mse": 0.06001504883170128, "rmse": 0.24497969065149314, "r2": -13.934175548201333}