{"mae": 0.019000409170985222, "mse": 0.0004964143736287951, "rmse": 0.0222803584717301, "r2": 0.7771052190885029}