{"mae": 0.03278579190373421, "mse": 0.0028744235169142485, "rmse": 0.05361365154385567, "r2": 0.287092924118042}