{"mae": 46.12973403930664, "mse": 2821.9462890625, "rmse": 53.12199440027172, "r2": 0.9655793739486471}