{"mae": 0.07737309485673904, "mse": 0.009484542533755302, "rmse": 0.09738861603778597, "r2": 0.8035797413578077}