{"mae": 40.917091369628906, "mse": 2960.134765625, "rmse": 54.40712054157066, "r2": 0.987955812806754}