{"mae": 0.13676616549491882, "mse": 0.046512752771377563, "rmse": 0.21566815428193742, "r2": 0.2972158503035942}