{"mae": 0.07210690528154373, "mse": 0.010211871936917305, "rmse": 0.10105380713717473, "r2": 0.7571943851976563}