{"mae": 50.778682708740234, "mse": 5128.75048828125, "rmse": 71.61529507222077, "r2": 0.9003992037313758}