{"mae": 0.061878275126218796, "mse": 0.006397192366421223, "rmse": 0.07998245036519713, "r2": 0.9263445259127348}