{"mae": 53.021400451660156, "mse": 4760.4560546875, "rmse": 68.99605825471119, "r2": -0.43830228822944806}