{"mae": 20.084068298339844, "mse": 792.145263671875, "rmse": 28.14507530051883, "r2": 0.7873921989449619}