{"mae": 16.447174072265625, "mse": 483.8300476074219, "rmse": 21.99613710648808, "r2": 0.5126213831831319}