{"mae": 5.237337112426758, "mse": 54.554046630859375, "rmse": 7.38607120513916, "r2": 0.9958472847938538}