{"mae": 5.558345794677734, "mse": 45.358646392822266, "rmse": 6.734882804683558, "r2": 0.9828548760180288}