{"mae": 0.02387104369699955, "mse": 0.0006230698199942708, "rmse": 0.024961366549014714, "r2": 0.253591925615152}