{"mae": 85.40589141845703, "mse": 11815.875, "rmse": 108.70085096263047, "r2": 0.7951518534774743}