{"mae": 73.79646301269531, "mse": 6824.13818359375, "rmse": 82.60834209445042, "r2": -1.8237983405054043}