{"mae": 111.47197723388672, "mse": 15007.982421875, "rmse": 122.50707244873047, "r2": 0.2510715126991272}