{"mae": 123.99958038330078, "mse": 20069.474609375, "rmse": 141.66677856445312, "r2": 0.6961206197738647}