{"mae": 0.039667196571826935, "mse": 0.0031429126393049955, "rmse": 0.05606168601910752, "r2": 0.9390908925604452}