{"mae": 0.22415603697299957, "mse": 0.061632245779037476, "rmse": 0.24825842539385742, "r2": -16.389533943130655}