{"mae": 0.07009967416524887, "mse": 0.012673754245042801, "rmse": 0.11257776618003845, "r2": 0.840688943862915}