{"mae": 23.984952926635742, "mse": 862.4334106445312, "rmse": 29.367216110229492, "r2": 0.9253027439117432}