{"mae": 0.015666570514440536, "mse": 0.0004705780593212694, "rmse": 0.021692811236012483, "r2": 0.8423754242837147}