{"mae": 40.962249755859375, "mse": 3012.52880859375, "rmse": 54.88650843872062, "r2": 0.9877169973899338}