{"mae": 0.016480891034007072, "mse": 0.00032177349203266203, "rmse": 0.01793804593685338, "r2": 0.7674256214265796}