{"mae": 23.111284255981445, "mse": 883.2781372070312, "rmse": 29.71999557885282, "r2": 0.9365365422973321}