{"mae": 42.81248474121094, "mse": 2948.814697265625, "rmse": 54.302989763599804, "r2": 0.9522582152771409}