{"mae": 4.933710098266602, "mse": 28.12351417541504, "rmse": 5.303160667419434, "r2": -0.21811890602111816}