{"mae": 0.07118559628725052, "mse": 0.008396388962864876, "rmse": 0.09163181195886544, "r2": 0.8671261601130895}