{"mae": 0.022553393617272377, "mse": 0.0011055486975237727, "rmse": 0.03324979171156883, "r2": 0.9840900897979736}