{"mae": 0.017458034679293633, "mse": 0.0003649469872470945, "rmse": 0.019103585717008587, "r2": 0.46839805391200195}