{"mae": 48.11503219604492, "mse": 3909.040283203125, "rmse": 62.52231828077974, "r2": 0.7619233932398212}