{"mae": 13.003894805908203, "mse": 244.91842651367188, "rmse": 15.6498698561257, "r2": 0.9661516185425771}