{"mae": 0.016124438494443893, "mse": 0.00043801902211271226, "rmse": 0.02092890398737383, "r2": 0.644599855892647}