{"mae": 1.749650001525879, "mse": 4.475243091583252, "rmse": 2.1154770364112325, "r2": 0.9380747337418451}