{"mae": 8.418790817260742, "mse": 102.07295989990234, "rmse": 10.103116345954962, "r2": 0.9631053801565768}