{"mae": 0.019991466775536537, "mse": 0.0004739219439215958, "rmse": 0.021769748366060545, "r2": 0.6430272290950398}