{"mae": 21.134830474853516, "mse": 769.1668701171875, "rmse": 27.733857829685135, "r2": 0.3948784388053266}