{"mae": 18.288713455200195, "mse": 557.1861572265625, "rmse": 23.60479164123535, "r2": 0.9077882766723633}