{"mae": 19.527891159057617, "mse": 518.4506225585938, "rmse": 22.76951026916504, "r2": 0.9840253591537476}