{"mae": 24.020374298095703, "mse": 874.0984497070312, "rmse": 29.5651560068103, "r2": 0.9598120094709566}