{"mae": 0.01213045883923769, "mse": 0.00025053168064914644, "rmse": 0.015828192234039307, "r2": 0.6823245286941528}