{"mae": 0.16313110291957855, "mse": 0.04999690130352974, "rmse": 0.22359986874667379, "r2": -0.18876909187802116}