{"mae": 0.004000425338745117, "mse": 2.6281424652552232e-05, "rmse": 0.005126541014760733, "r2": 0.9764556288719177}