{"mae": 0.7596588730812073, "mse": 3.6667399406433105, "rmse": 1.9148733615875244, "r2": 0.9997900724411011}