{"mae": 0.16444654762744904, "mse": 0.039734434336423874, "rmse": 0.19933498021276616, "r2": -0.11784878414900946}