{"mae": 51.06733322143555, "mse": 6179.75537109375, "rmse": 78.6114201060746, "r2": 0.9642515119207434}