{"mae": 33.91182327270508, "mse": 1732.24755859375, "rmse": 41.620278213795615, "r2": -1.8566785437676643}