{"mae": 0.14696474373340607, "mse": 0.03173556551337242, "rmse": 0.17814478278160095, "r2": 0.5858863592147827}