{"mae": 24.301532745361328, "mse": 837.490478515625, "rmse": 28.939427750313673, "r2": 0.9945564444565431}