{"mae": 0.06444039940834045, "mse": 0.005166051909327507, "rmse": 0.07187525241226989, "r2": 0.9050122017336143}