{"mae": 0.045895766466856, "mse": 0.0050798202864825726, "rmse": 0.07127285799294548, "r2": 0.9115356523985683}