{"mae": 0.01899796910583973, "mse": 0.00042567020864225924, "rmse": 0.02063177667197518, "r2": 0.4406548422796528}