{"mae": 0.08755172044038773, "mse": 0.010749222710728645, "rmse": 0.10367845827715923, "r2": 0.8263711687557971}