{"mae": 0.04936295002698898, "mse": 0.004329472780227661, "rmse": 0.06579872965812683, "r2": 0.9387380480766296}