{"mae": 2.5667295455932617, "mse": 407.8694152832031, "rmse": 20.195777893066406, "r2": 0.9918642640113831}