{"mae": 0.02366957999765873, "mse": 0.0006798558752052486, "rmse": 0.026074046007577123, "r2": 0.49024664203530777}