{"mae": 17.620132446289062, "mse": 459.6446228027344, "rmse": 21.43932421515973, "r2": 0.9776555262526907}