{"mae": 8.429646492004395, "mse": 139.6876220703125, "rmse": 11.818951817750698, "r2": 0.9977646671274987}