{"mae": 23.32379913330078, "mse": 833.0228271484375, "rmse": 28.862134833522582, "r2": 0.9150154917498636}