{"mae": 0.12512584030628204, "mse": 0.02191699855029583, "rmse": 0.1480439007282257, "r2": 0.5309914350509644}