{"mae": 43.89521026611328, "mse": 3149.46533203125, "rmse": 56.12009739862583, "r2": 0.7112706389739204}