{"mae": 135.06175231933594, "mse": 29941.9140625, "rmse": 173.03731985470648, "r2": 0.15060466819539808}