{"mae": 0.03128622844815254, "mse": 0.001439078594557941, "rmse": 0.03793518990278244, "r2": -0.007608294486999512}