{"mae": 0.0435369610786438, "mse": 0.0026368305552750826, "rmse": 0.05135007843494577, "r2": 0.042531223247143424}