{"mae": 0.27790769934654236, "mse": 0.10929767787456512, "rmse": 0.3306019931497164, "r2": -13.314217308763219}