{"mae": 5.627304553985596, "mse": 136.19949340820312, "rmse": 11.670454025268555, "r2": 0.9158447980880737}