{"mae": 0.06144893914461136, "mse": 0.0054213544353842735, "rmse": 0.07362984865903854, "r2": 0.8987558484077454}