{"mae": 1.111264944076538, "mse": 2.0745999813079834, "rmse": 1.4403471946716309, "r2": 0.9999673366546631}