{"mae": 21.51506805419922, "mse": 821.3239135742188, "rmse": 28.658748626708984, "r2": 0.5991963148117065}