{"mae": 19.827980041503906, "mse": 439.1695556640625, "rmse": 20.95637321472168, "r2": -1.6620745658874512}