{"mae": 36.976524353027344, "mse": 2016.929443359375, "rmse": 44.910237623056226, "r2": 0.8573373321544251}