{"mae": 51.13295364379883, "mse": 4829.208984375, "rmse": 69.49251027538867, "r2": 0.8782341363125923}