{"mae": 0.027599530294537544, "mse": 0.0007962972158566117, "rmse": 0.028218738736106044, "r2": 0.49132692722312754}