{"mae": 157.66136169433594, "mse": 31990.46484375, "rmse": 178.85877990722656, "r2": 0.9125439524650574}