{"mae": 0.040535274893045425, "mse": 0.0029825542587786913, "rmse": 0.054612766951322556, "r2": 0.9507652521133423}