{"mae": 7.786389350891113, "mse": 91.447998046875, "rmse": 9.562844662906274, "r2": 0.9727125798254207}