{"mae": 19.083419799804688, "mse": 725.1629028320312, "rmse": 26.92884889541384, "r2": 0.8444172690964221}