{"mae": 19.379026412963867, "mse": 749.13720703125, "rmse": 27.370370864868164, "r2": 0.8991859555244446}