{"mae": 0.07676256448030472, "mse": 0.010949838906526566, "rmse": 0.10464147794506042, "r2": 0.7002802815989115}