{"mae": 0.2807486653327942, "mse": 0.11483468115329742, "rmse": 0.33887266215098766, "r2": -14.683313077828268}