{"mae": 42.902584075927734, "mse": 3290.8291015625, "rmse": 57.365748505205616, "r2": 0.9441338425550143}