{"mae": 0.16090182960033417, "mse": 0.03853446990251541, "rmse": 0.1963019864966104, "r2": -2.2308653089670982}