{"mae": 0.14475351572036743, "mse": 0.026105646044015884, "rmse": 0.16157241733667255, "r2": 0.5400941966235498}