{"mae": 0.025074239820241928, "mse": 0.000754360284190625, "rmse": 0.027465620040163393, "r2": -0.5189306680657173}