{"mae": 33.15690612792969, "mse": 1849.633056640625, "rmse": 43.00736049376461, "r2": -0.12804534191430084}