{"mae": 0.0405820831656456, "mse": 0.0026848269626498222, "rmse": 0.05181531590803845, "r2": 0.953316278727932}