{"mae": 0.17561203241348267, "mse": 0.07521558552980423, "rmse": 0.27425459983344713, "r2": -0.2340323361456924}