{"mae": 0.017353130504488945, "mse": 0.00045965847675688565, "rmse": 0.02143964730952647, "r2": 0.8304543643164185}