{"mae": 34.198123931884766, "mse": 1815.1370849609375, "rmse": 42.604425649936154, "r2": 0.9726323137542495}