{"mae": 252.73974609375, "mse": 85683.1953125, "rmse": 292.7169189453125, "r2": 0.5997743606567383}