{"mae": 20.386943817138672, "mse": 573.18505859375, "rmse": 23.9412835619511, "r2": 0.9835377083906414}