{"mae": 0.242991104722023, "mse": 0.07819970697164536, "rmse": 0.279642105148072, "r2": -11.533416379056538}