{"mae": 0.13878081738948822, "mse": 0.024158282205462456, "rmse": 0.1554293479541829, "r2": 0.5880301367237887}