{"mae": 10.572453498840332, "mse": 170.762451171875, "rmse": 13.067610767537998, "r2": 0.9397990365388997}