{"mae": 71.4202651977539, "mse": 7234.6103515625, "rmse": 85.05651092529297, "r2": 0.7573797702789307}