{"mae": 34.109657287597656, "mse": 1861.2906494140625, "rmse": 43.14267781923211, "r2": 0.835484278651879}