{"mae": 0.10370151698589325, "mse": 0.018633289262652397, "rmse": 0.13650380676982016, "r2": 0.45544584401044363}