{"mae": 26.615346908569336, "mse": 980.178466796875, "rmse": 31.3078020115893, "r2": 0.9519405326620238}