{"mae": 38.61021423339844, "mse": 2570.45751953125, "rmse": 50.69968032836914, "r2": 0.9888737797737122}