{"mae": 33.58011245727539, "mse": 1704.83447265625, "rmse": 41.28964122702267, "r2": 0.8470916739493246}