{"mae": 11.069212913513184, "mse": 224.13714599609375, "rmse": 14.971210479736328, "r2": 0.9912200570106506}