{"mae": 106.71664428710938, "mse": 13922.5634765625, "rmse": 117.99391174316406, "r2": -1.5920274257659912}