{"mae": 36.567569732666016, "mse": 2228.172119140625, "rmse": 47.20351808012433, "r2": 0.890127697889759}