{"mae": 61.95349884033203, "mse": 6082.66552734375, "rmse": 77.99144521897097, "r2": 0.9885457910606467}