{"mae": 21.095020294189453, "mse": 803.1918334960938, "rmse": 28.340639114379883, "r2": 0.6756424903869629}