{"mae": 0.030190620571374893, "mse": 0.0019544484093785286, "rmse": 0.04420914395663558, "r2": 0.9713821456885863}