{"mae": 0.16582641005516052, "mse": 0.04750802367925644, "rmse": 0.2179633539823987, "r2": -0.4116674160217466}