{"mae": 0.0365869365632534, "mse": 0.002256013685837388, "rmse": 0.04749751241736127, "r2": 0.9434944832173209}