{"mae": 0.056750763207674026, "mse": 0.004998239688575268, "rmse": 0.07069823145866394, "r2": 0.9249230623245239}