{"mae": 12.60192584991455, "mse": 282.4629821777344, "rmse": 16.806635064096987, "r2": 0.996707351828035}