{"mae": 17.916044235229492, "mse": 446.25457763671875, "rmse": 21.124738522327767, "r2": 0.9768804907642687}