{"mae": 0.06373688578605652, "mse": 0.006811246741563082, "rmse": 0.08253027498722076, "r2": 0.8989408612251282}