{"mae": 89.41622161865234, "mse": 10484.7587890625, "rmse": 102.39511115801623, "r2": 0.9381036500137205}