{"mae": 0.2824898660182953, "mse": 0.1137828454375267, "rmse": 0.3373171288824905, "r2": -14.529105511215047}