{"mae": 0.14436239004135132, "mse": 0.04044294357299805, "rmse": 0.20110431018006064, "r2": -0.971505515667243}