{"mae": 31.71477699279785, "mse": 1611.947021484375, "rmse": 40.14906003238899, "r2": 0.9552595999363307}