{"mae": 11.020295143127441, "mse": 269.265380859375, "rmse": 16.40930775076679, "r2": 0.9639287832449384}