{"mae": 105.19097137451172, "mse": 12033.068359375, "rmse": 109.69534301757812, "r2": -1.971886157989502}