{"mae": 32.21207046508789, "mse": 1522.3450927734375, "rmse": 39.017240968236564, "r2": 0.8832194641461792}