{"mae": 129.49330139160156, "mse": 22951.177734375, "rmse": 151.4964611282224, "r2": 0.794908784945751}