{"mae": 0.10693718492984772, "mse": 0.01613270305097103, "rmse": 0.1270145781041335, "r2": 0.7478705058186985}