{"mae": 101.58197784423828, "mse": 17773.666015625, "rmse": 133.3179168701172, "r2": 0.9707189202308655}