{"mae": 0.0555434450507164, "mse": 0.0072519308887422085, "rmse": 0.0851582696438943, "r2": 0.8590825066438348}