{"mae": 228.7825927734375, "mse": 75544.6875, "rmse": 274.85394287109375, "r2": -0.2649199962615967}