{"mae": 0.005404863506555557, "mse": 5.1139497372787446e-05, "rmse": 0.00715118832886219, "r2": 0.9710258841514587}