{"mae": 23.780797958374023, "mse": 893.5669555664062, "rmse": 29.89259031208915, "r2": 0.9500438874609903}