{"mae": 0.15037420392036438, "mse": 0.03839247301220894, "rmse": 0.19593997298205626, "r2": 0.06762545802579467}