{"mae": 13.846698760986328, "mse": 256.7971496582031, "rmse": 16.024891564631666, "r2": 0.9867863126846167}