{"mae": 0.3164632022380829, "mse": 0.1721809357404709, "rmse": 0.41494691371917725, "r2": 0.9999992847442627}