{"mae": 0.04207627475261688, "mse": 0.005124407354742289, "rmse": 0.07158496598268584, "r2": 0.932062927161164}