{"mae": 44.44598388671875, "mse": 3002.46435546875, "rmse": 54.79474639892578, "r2": 0.9765918850898743}