{"mae": 0.026120945811271667, "mse": 0.0008684215135872364, "rmse": 0.029468992408754602, "r2": -1.6149369812668377}