{"mae": 0.1474609673023224, "mse": 0.040942296385765076, "rmse": 0.20234203338623047, "r2": -0.48909056186676025}