{"mae": 14.494199752807617, "mse": 473.7057189941406, "rmse": 21.764781951904297, "r2": 0.991570770740509}