{"mae": 0.06464509665966034, "mse": 0.009827220812439919, "rmse": 0.09913233989188351, "r2": 0.6981832610227021}