{"mae": 28.90865707397461, "mse": 1364.3043212890625, "rmse": 36.93649037590148, "r2": 0.9455728433678109}