{"mae": 0.09738608449697495, "mse": 0.013976268470287323, "rmse": 0.11822126911130384, "r2": 0.6873305125364069}