{"mae": 16.413925170898438, "mse": 390.2692565917969, "rmse": 19.755233650650577, "r2": 0.9588689008380006}