{"mae": 32.01874923706055, "mse": 1565.1781005859375, "rmse": 39.56233183959127, "r2": 0.9426412178195219}