{"mae": 0.007473836187273264, "mse": 9.467673226026818e-05, "rmse": 0.009730196557939053, "r2": 0.858635663986206}