{"mae": 6.67393684387207, "mse": 72.23506927490234, "rmse": 8.49912166595459, "r2": 0.976140022277832}