{"mae": 0.09455274045467377, "mse": 0.012244286015629768, "rmse": 0.11065390194489198, "r2": 0.8103868769917264}