{"mae": 0.08303346484899521, "mse": 0.01093133445829153, "rmse": 0.10455302223413501, "r2": 0.6863567528395723}