{"mae": 0.005266343243420124, "mse": 0.00013607696746475995, "rmse": 0.011665203608572483, "r2": 0.9316351413726807}