{"mae": 0.40155258774757385, "mse": 0.37310782074928284, "rmse": 0.6108255386352539, "r2": 0.9999710321426392}