{"mae": 0.019362004473805428, "mse": 0.0004338383150752634, "rmse": 0.020828785374760628, "r2": 0.6495508551597595}