{"mae": 236.82705688476562, "mse": 114858.484375, "rmse": 338.90777587890625, "r2": -2.05106258392334}