{"mae": 6.176403999328613, "mse": 70.54405212402344, "rmse": 8.399050668023348, "r2": -0.4269940226448685}