{"mae": 46.32038116455078, "mse": 3105.872802734375, "rmse": 55.73035799933798, "r2": 0.9509993855497791}