{"mae": 42.914974212646484, "mse": 2121.378662109375, "rmse": 46.05842590332031, "r2": 0.9208438396453857}