{"mae": 58.3807258605957, "mse": 5442.28173828125, "rmse": 73.77182211577298, "r2": 0.7208024208431154}