{"mae": 18.080886840820312, "mse": 890.9695434570312, "rmse": 29.84911294254875, "r2": 0.8453316688423047}