{"mae": 19.95846176147461, "mse": 637.5021362304688, "rmse": 25.24880464953675, "r2": 0.949795197594924}