{"mae": 0.009669954888522625, "mse": 0.0002561071887612343, "rmse": 0.016003349298232362, "r2": 0.8564778310368358}