{"mae": 67.9188461303711, "mse": 6573.6484375, "rmse": 81.0780391813961, "r2": -281.80674021425824}