{"mae": 0.11759736388921738, "mse": 0.02410738356411457, "rmse": 0.15526552600018645, "r2": 0.3724337450294626}