{"mae": 0.07906844466924667, "mse": 0.009755350649356842, "rmse": 0.0987691804766655, "r2": 0.7725585699081421}