{"mae": 0.05563468858599663, "mse": 0.005694023799151182, "rmse": 0.07545875561623834, "r2": 0.9290800202827985}