{"mae": 0.07700372487306595, "mse": 0.014111774042248726, "rmse": 0.11879298818637708, "r2": 0.6451891380115287}