{"mae": 0.06632173806428909, "mse": 0.007035690825432539, "rmse": 0.08387902494326302, "r2": 0.8871946280891567}