{"mae": 0.032239604741334915, "mse": 0.0011485293507575989, "rmse": 0.0338899594387128, "r2": -0.17032944900308844}