{"mae": 0.030878741294145584, "mse": 0.0035429259296506643, "rmse": 0.05952248255617926, "r2": 0.26861770684345754}