{"mae": 136.35450744628906, "mse": 31018.451171875, "rmse": 176.1205586292384, "r2": 0.17241626257716247}