{"mae": 11.28763198852539, "mse": 230.24928283691406, "rmse": 15.173967274147985, "r2": 0.9707097254878615}