{"mae": 80.91350555419922, "mse": 8903.4853515625, "rmse": 94.35828183875806, "r2": 0.9686434244164935}