{"mae": 0.09377969056367874, "mse": 0.013451897539198399, "rmse": 0.11598231563129958, "r2": 0.6902262191426112}