{"mae": 60.50945281982422, "mse": 6291.09228515625, "rmse": 79.31640615381063, "r2": 0.9647662235184944}