{"mae": 0.04410862550139427, "mse": 0.0030678664334118366, "rmse": 0.055388323962688446, "r2": 0.9607225656509399}