{"mae": 0.0063467915169894695, "mse": 6.174194277264178e-05, "rmse": 0.007857603952288628, "r2": 0.97481769323349}