{"mae": 0.025973955169320107, "mse": 0.0010430263355374336, "rmse": 0.032295919954776764, "r2": 0.9840936064720154}