{"mae": 20.676359176635742, "mse": 712.591552734375, "rmse": 26.694410514832033, "r2": 0.8756269201677634}