{"mae": 10.63094425201416, "mse": 201.03341674804688, "rmse": 14.178625106811523, "r2": 0.980493426322937}