{"mae": 0.0418359711766243, "mse": 0.002787032164633274, "rmse": 0.05279234948961141, "r2": 0.949832892740388}