{"mae": 0.010782541707158089, "mse": 0.00022029789397493005, "rmse": 0.014842435580959415, "r2": 0.8226227232748107}