{"mae": 0.03923698514699936, "mse": 0.0027732958551496267, "rmse": 0.052662089467048645, "r2": 0.9714293479919434}