{"mae": 0.04546591639518738, "mse": 0.0036952432710677385, "rmse": 0.060788512229919434, "r2": 0.9319875240325928}