{"mae": 0.10122814029455185, "mse": 0.014162530191242695, "rmse": 0.1190064325928688, "r2": 0.5853742361068726}