{"mae": 0.21691231429576874, "mse": 0.058220069855451584, "rmse": 0.24128834903240204, "r2": -0.9377734661102295}