{"mae": 0.002351397182792425, "mse": 1.255135066458024e-05, "rmse": 0.0035427885595709085, "r2": 0.9872205257415771}