{"mae": 74.50830078125, "mse": 8788.0126953125, "rmse": 93.74440087446557, "r2": 0.9388062681710818}