{"mae": 0.05805838108062744, "mse": 0.007439023349434137, "rmse": 0.08624977303989928, "r2": 0.8689939250564889}