{"mae": 32.96549606323242, "mse": 1915.361572265625, "rmse": 43.76484402195014, "r2": 0.9958091153868226}