{"mae": 0.012102444656193256, "mse": 0.00026930897729471326, "rmse": 0.01641063578426838, "r2": 0.8379133939743042}