{"mae": 0.03428913652896881, "mse": 0.0023065588902682066, "rmse": 0.04802664771008077, "r2": 0.9431875305438353}