{"mae": 0.007850379683077335, "mse": 0.00010414360440336168, "rmse": 0.01020507700741291, "r2": 0.9986763596534729}