{"mae": 319.46197509765625, "mse": 102956.53125, "rmse": 320.868408203125, "r2": -7.124312400817871}