{"mae": 144.7583465576172, "mse": 30156.9609375, "rmse": 173.65759683209947, "r2": 0.9408328394976567}