{"mae": 43.912574768066406, "mse": 2627.31640625, "rmse": 51.257354655210214, "r2": 0.9648809649671384}