{"mae": 0.0769568607211113, "mse": 0.013026006519794464, "rmse": 0.11413153166322822, "r2": 0.6167656356637954}