{"mae": 33.68349838256836, "mse": 1935.29052734375, "rmse": 43.991937071965246, "r2": 0.8769164506425778}