{"mae": 0.11053184419870377, "mse": 0.021451052278280258, "rmse": 0.14646177753352668, "r2": 0.263714536362457}