{"mae": 20.689128875732422, "mse": 641.6260375976562, "rmse": 25.330338284311487, "r2": 0.9448905730998977}