{"mae": 39.58896255493164, "mse": 2367.2314453125, "rmse": 48.65420150756836, "r2": 0.7286394834518433}