{"mae": 246.138916015625, "mse": 93730.640625, "rmse": 306.15460248867726, "r2": 0.7476167568110039}