{"mae": 0.19606755673885345, "mse": 0.05945137143135071, "rmse": 0.24382652342319489, "r2": 0.9992450475692749}