{"mae": 71.4287109375, "mse": 10851.228515625, "rmse": 104.16923017678972, "r2": 0.8999331907865628}