{"mae": 73.06979370117188, "mse": 8758.53515625, "rmse": 93.58704587842273, "r2": 0.5115321027894508}