{"mae": 0.023270441219210625, "mse": 0.00149120157584548, "rmse": 0.03861607923968305, "r2": 0.35096192078015365}