{"mae": 0.08722155541181564, "mse": 0.009805452078580856, "rmse": 0.0990224826924717, "r2": 0.7915782152482216}