{"mae": 40.27709197998047, "mse": 3063.058349609375, "rmse": 55.34490355587744, "r2": 0.9395688307895328}