{"mae": 0.07364673167467117, "mse": 0.012791858054697514, "rmse": 0.11310109661138354, "r2": 0.7700135557320793}