{"mae": 85.17704772949219, "mse": 9081.34765625, "rmse": 95.29610514732488, "r2": 0.9736245871140348}