{"mae": 0.019536461681127548, "mse": 0.00079030089545995, "rmse": 0.028112290825543725, "r2": 0.6533313529005951}