{"mae": 12.972816467285156, "mse": 245.41690063476562, "rmse": 15.665787696838379, "r2": 0.9934594631195068}