{"mae": 0.16252999007701874, "mse": 0.04673223942518234, "rmse": 0.21617640811425826, "r2": -0.6472227958329064}