{"mae": 8.250874519348145, "mse": 94.52410888671875, "rmse": 9.722350995860968, "r2": 0.9496016840731825}