{"mae": 18.627674102783203, "mse": 596.7353515625, "rmse": 24.428167175670385, "r2": 0.9645460643287077}