{"mae": 0.07679160684347153, "mse": 0.010045145638287067, "rmse": 0.10022547096014023, "r2": 0.8490874171257019}