{"mae": 32.87596893310547, "mse": 1739.3475341796875, "rmse": 41.70548566051818, "r2": 0.9039480169962033}