{"mae": 0.02906508930027485, "mse": 0.0009185221279039979, "rmse": 0.03030713088810444, "r2": 0.6789127588272095}