{"mae": 1.0024787187576294, "mse": 1.5363247394561768, "rmse": 1.2394856214523315, "r2": 0.9999707937240601}