{"mae": 0.024600939825177193, "mse": 0.0008573904051445425, "rmse": 0.029281229570230525, "r2": 0.623669047541459}