{"mae": 149.95782470703125, "mse": 33679.91015625, "rmse": 183.52087117341722, "r2": 0.6781600700580735}