{"mae": 25.885894775390625, "mse": 1159.0863037109375, "rmse": 34.04535656607135, "r2": 0.9280004188602015}