{"mae": 0.07328661531209946, "mse": 0.007430828642100096, "rmse": 0.08620225427504838, "r2": 0.8584252404717424}