{"mae": 47.571197509765625, "mse": 3420.970703125, "rmse": 58.489064816639015, "r2": 0.6529976051052062}