{"mae": 23.357803344726562, "mse": 899.0084228515625, "rmse": 29.983469159714698, "r2": 0.9107376187315682}