{"mae": 0.028955582529306412, "mse": 0.001634639804251492, "rmse": 0.04043067991733551, "r2": 0.9724816083908081}