{"mae": 0.06495896726846695, "mse": 0.00707187270745635, "rmse": 0.08409442732700158, "r2": 0.8989126740913682}