{"mae": 19.159221649169922, "mse": 1557.2734375, "rmse": 39.462303161621094, "r2": 0.9309839010238647}