{"mae": 0.058303724974393845, "mse": 0.005563842132687569, "rmse": 0.0745911665861821, "r2": 0.9332288298525577}