{"mae": 57.69683074951172, "mse": 6239.89013671875, "rmse": 78.99297523652815, "r2": 0.973906469557244}