{"mae": 2.2719826698303223, "mse": 7.358065128326416, "rmse": 2.7125754356384277, "r2": 0.8692326545715332}