{"mae": 0.02300756424665451, "mse": 0.0008631699020043015, "rmse": 0.0293797532665661, "r2": 0.12948497362093547}