{"mae": 0.0711103156208992, "mse": 0.006405139807611704, "rmse": 0.080032117664814, "r2": 0.8138920664787292}