{"mae": 0.03870587795972824, "mse": 0.002707807580009103, "rmse": 0.052036598324775696, "r2": 0.960984468460083}