{"mae": 0.013132404536008835, "mse": 0.00021192710846662521, "rmse": 0.014557716457831743, "r2": 0.7603112847096654}