{"mae": 0.07257574796676636, "mse": 0.007233298383653164, "rmse": 0.08504880001301114, "r2": 0.854762003233143}