{"mae": 0.26501938700675964, "mse": 0.08820665627717972, "rmse": 0.2969960570335388, "r2": -9.17298412322998}