{"mae": 0.0700400248169899, "mse": 0.008271501399576664, "rmse": 0.09094779491321746, "r2": 0.819887933825898}