{"mae": 0.01161080040037632, "mse": 0.00018574146088212729, "rmse": 0.013628699816763401, "r2": 0.9110088348388672}