{"mae": 0.1410984992980957, "mse": 0.02618981897830963, "rmse": 0.16183269023895264, "r2": 0.5376359224319458}