{"mae": 10.92864990234375, "mse": 183.20420837402344, "rmse": 13.535294532775879, "r2": 0.9725351929664612}