{"mae": 0.16233640909194946, "mse": 0.045087214559316635, "rmse": 0.21233750879764557, "r2": -0.590957522392273}