{"mae": 9.402612686157227, "mse": 191.51516723632812, "rmse": 13.838900506771775, "r2": 0.9845363833509524}