{"mae": 0.03799372538924217, "mse": 0.003881867742165923, "rmse": 0.06230463660247063, "r2": 0.9243792072665813}