{"mae": 35.07128143310547, "mse": 2335.28076171875, "rmse": 48.32474274860395, "r2": 0.9556172280497063}