{"mae": 0.01309940218925476, "mse": 0.00033543273457325995, "rmse": 0.018314823508262634, "r2": 0.9951867461204529}