{"mae": 0.018358657136559486, "mse": 0.0004620381514541805, "rmse": 0.021495072171092033, "r2": 0.8554663062095642}