{"mae": 6.4837446212768555, "mse": 100.84016418457031, "rmse": 10.04192034346869, "r2": 0.981559539354546}