{"mae": 0.007618177682161331, "mse": 0.00016676794621162117, "rmse": 0.012913865968585014, "r2": 0.8907164931297302}