{"mae": 0.07349654287099838, "mse": 0.007245294749736786, "rmse": 0.08511929716425522, "r2": 0.8615883309004095}