{"mae": 0.07585567981004715, "mse": 0.007853769697248936, "rmse": 0.08862149681227989, "r2": 0.8507067826536096}