{"mae": 0.1305072009563446, "mse": 0.026177482679486275, "rmse": 0.16179456937575584, "r2": 0.039852772775244016}