{"mae": 15.349510192871094, "mse": 397.6795959472656, "rmse": 19.94190552447949, "r2": 0.9665495654816971}