{"mae": 0.005668432451784611, "mse": 5.654853885062039e-05, "rmse": 0.0075198762523475335, "r2": 0.9637017792166869}