{"mae": 0.020297029986977577, "mse": 0.0005653646076098084, "rmse": 0.023777397349476814, "r2": 0.7686163783073425}