{"mae": 161.33370971679688, "mse": 38833.21875, "rmse": 197.06146240234375, "r2": 0.3121090531349182}