{"mae": 0.07950805872678757, "mse": 0.010113008320331573, "rmse": 0.10056345419848889, "r2": 0.7759459395942778}