{"mae": 0.071085624396801, "mse": 0.005767112597823143, "rmse": 0.07594151049852371, "r2": 0.9393225908279419}