{"mae": 31.773473739624023, "mse": 2094.402099609375, "rmse": 45.76463809110015, "r2": 0.9034563442914919}