{"mae": 0.033513326197862625, "mse": 0.0023384527303278446, "rmse": 0.04835755005478859, "r2": 0.9556657075881958}