{"mae": 75.62493133544922, "mse": 9733.00390625, "rmse": 98.65598768574566, "r2": 0.7719986517514245}