{"mae": 23.579526901245117, "mse": 746.538330078125, "rmse": 27.322853088378906, "r2": 0.9900817275047302}