{"mae": 125.79690551757812, "mse": 23792.048828125, "rmse": 154.24671415665554, "r2": 0.5529090353793853}