{"mae": 0.054802305996418, "mse": 0.007735451217740774, "rmse": 0.08795141396100903, "r2": 0.7334413733987655}