{"mae": 58.643402099609375, "mse": 6144.3671875, "rmse": 78.38601397889805, "r2": 0.9719083035869039}