{"mae": 34.65574645996094, "mse": 2449.71630859375, "rmse": 49.49460983276367, "r2": 0.9840200543403625}