{"mae": 0.05637335032224655, "mse": 0.008497186936438084, "rmse": 0.09218018733132453, "r2": 0.8646498989733622}