{"mae": 0.11469916254281998, "mse": 0.02528173103928566, "rmse": 0.15900230407714844, "r2": 0.5985361337661743}