{"mae": 95.8030014038086, "mse": 13324.611328125, "rmse": 115.43228149414062, "r2": 0.8528878688812256}