{"mae": 30.910484313964844, "mse": 1340.1409912109375, "rmse": 36.60793617797837, "r2": 0.8872482811922656}