{"mae": 41.155181884765625, "mse": 3466.152099609375, "rmse": 58.87403586989238, "r2": 0.9423543169341454}