{"mae": 0.013238351792097092, "mse": 0.0002909170580096543, "rmse": 0.017056290863187527, "r2": 0.7764734215749287}