{"mae": 42.06524658203125, "mse": 2401.302734375, "rmse": 49.00308902890715, "r2": 0.9656413207218821}