{"mae": 14.7293062210083, "mse": 422.20916748046875, "rmse": 20.5477294921875, "r2": 0.9762037992477417}