{"mae": 0.09410248696804047, "mse": 0.013271931558847427, "rmse": 0.11520386954806434, "r2": 0.6795310515867723}