{"mae": 81.5853500366211, "mse": 8838.9951171875, "rmse": 94.01593012456719, "r2": 0.9717685239556153}