{"mae": 0.08315083384513855, "mse": 0.010265028104186058, "rmse": 0.10131647498894766, "r2": 0.7977007166246879}