{"mae": 0.0033241158816963434, "mse": 1.7345319065498188e-05, "rmse": 0.004164771176874638, "r2": 0.9837679862976074}