{"mae": 0.019264740869402885, "mse": 0.000419294141465798, "rmse": 0.020476673105409432, "r2": 0.4018833514686817}