{"mae": 0.009246274828910828, "mse": 0.00014267046935856342, "rmse": 0.011944474652409554, "r2": 0.9582140445709229}