{"mae": 15.332925796508789, "mse": 426.1970520019531, "rmse": 20.644540488999827, "r2": 0.6303338358233447}