{"mae": 74.89884948730469, "mse": 9766.923828125, "rmse": 98.82775115966797, "r2": 0.20470041036605835}