{"mae": 0.21311497688293457, "mse": 0.06938023120164871, "rmse": 0.2634012699127197, "r2": 0.9999996423721313}