{"mae": 0.03012876957654953, "mse": 0.0012369987089186907, "rmse": 0.03517099243579417, "r2": 0.2765471664228183}