{"mae": 0.08779314905405045, "mse": 0.011904698796570301, "rmse": 0.10910865664482117, "r2": 0.8522125482559204}