{"mae": 16.780881881713867, "mse": 482.1370544433594, "rmse": 21.95761950766429, "r2": 0.8771389628922097}