{"mae": 0.06085789576172829, "mse": 0.007137675769627094, "rmse": 0.08448476649448168, "r2": 0.8672948162869815}