{"mae": 33.18325424194336, "mse": 2514.35107421875, "rmse": 50.14330537787422, "r2": 0.9380996712686342}