{"mae": 0.03972599282860756, "mse": 0.0024539052974432707, "rmse": 0.049536908436470586, "r2": 0.9646809325195465}