{"mae": 48.139129638671875, "mse": 4588.80908203125, "rmse": 67.74074905130036, "r2": 0.8688236724275032}