{"mae": 0.05226258561015129, "mse": 0.005244922824203968, "rmse": 0.0724218413233757, "r2": 0.9252011775970459}