{"mae": 0.10149271041154861, "mse": 0.010387377813458443, "rmse": 0.10191848874092102, "r2": -2.493227243423462}