{"mae": 0.13895224034786224, "mse": 0.0369134284555912, "rmse": 0.19212867681736426, "r2": 0.010411885755473027}