{"mae": 46.37009811401367, "mse": 4371.61962890625, "rmse": 66.11822463516583, "r2": 0.8901277525537453}