{"mae": 0.013903919607400894, "mse": 0.0005861366516910493, "rmse": 0.024210259318351746, "r2": 0.8535531759262085}