{"mae": 0.05893402546644211, "mse": 0.009222643449902534, "rmse": 0.09603459506814477, "r2": 0.8621190304262067}