{"mae": 0.013423072174191475, "mse": 0.0002437847579130903, "rmse": 0.015613608062267303, "r2": 0.88191157579422}