{"mae": 0.0758223831653595, "mse": 0.009270355105400085, "rmse": 0.09628268331013674, "r2": 0.850101006869888}