{"mae": 5.745202541351318, "mse": 46.815216064453125, "rmse": 6.84216457449345, "r2": 0.980695330518482}