{"mae": 0.09172692894935608, "mse": 0.013317987322807312, "rmse": 0.11540358453188233, "r2": 0.811067134833298}