{"mae": 0.19876235723495483, "mse": 0.06325012445449829, "rmse": 0.2514957742279148, "r2": -1.4362684120598956}