{"mae": 0.0586882047355175, "mse": 0.005159955006092787, "rmse": 0.07183282822370529, "r2": 0.9091578125953674}