{"mae": 61.24245834350586, "mse": 4923.09033203125, "rmse": 70.16473709799853, "r2": 0.5059213924937491}