{"mae": 54.68840408325195, "mse": 5526.2138671875, "rmse": 74.33850864247614, "r2": 0.5015449819944542}