{"mae": 0.08568248897790909, "mse": 0.011363807134330273, "rmse": 0.10660115629434586, "r2": 0.8413990139961243}