{"mae": 6.266074180603027, "mse": 56.53144454956055, "rmse": 7.518739700317383, "r2": 0.9827765822410583}