{"mae": 0.01449507288634777, "mse": 0.0003516024153213948, "rmse": 0.018751064378359827, "r2": 0.9955796420070833}