{"mae": 0.004250469617545605, "mse": 6.927698996150866e-05, "rmse": 0.008323280000186745, "r2": 0.9499156880410999}