{"mae": 81.01651763916016, "mse": 8758.40625, "rmse": 93.58635717881106, "r2": 0.9735125511596397}