{"mae": 0.14211297035217285, "mse": 0.035656217485666275, "rmse": 0.18882854282855988, "r2": 0.15071183443069458}