{"mae": 0.011845609173178673, "mse": 0.00044275535037741065, "rmse": 0.02104175255004703, "r2": 0.4952092241486362}