{"mae": 27.715089797973633, "mse": 1260.630859375, "rmse": 35.50536381133138, "r2": 0.9945859998812557}