{"mae": 0.02589360624551773, "mse": 0.0014141767751425505, "rmse": 0.037605541814239966, "r2": -0.5054406683508645}