{"mae": 0.006873930338770151, "mse": 8.050589531194419e-05, "rmse": 0.008972507749338764, "r2": 0.9499278580080708}