{"mae": 89.65455627441406, "mse": 10632.6533203125, "rmse": 103.11476135253906, "r2": 0.7006139159202576}