{"mae": 0.08012386411428452, "mse": 0.01071061659604311, "rmse": 0.10349210885880676, "r2": 0.8391864597351708}