{"mae": 23.513818740844727, "mse": 1086.4012451171875, "rmse": 32.960601407091886, "r2": 0.9063173986117568}