{"mae": 32.42705154418945, "mse": 2355.4326171875, "rmse": 48.5327993957437, "r2": 0.9443345631352206}