{"mae": 0.0556991882622242, "mse": 0.004764534533023834, "rmse": 0.06902560591697693, "r2": 0.9287678003311157}