{"mae": 18.564786911010742, "mse": 465.3469543457031, "rmse": 21.57190196402958, "r2": 0.9752970986058693}