{"mae": 0.003028005128726363, "mse": 5.4041764087742195e-05, "rmse": 0.007351310458034277, "r2": 0.9767435193061829}