{"mae": 0.02814493700861931, "mse": 0.0011960179544985294, "rmse": 0.03458349406719208, "r2": 0.9817273616790771}