{"mae": 0.07168851047754288, "mse": 0.007157870102673769, "rmse": 0.0846041967202205, "r2": 0.8627693940743097}