{"mae": 19.099899291992188, "mse": 557.6749877929688, "rmse": 23.615143188068302, "r2": 0.9395155197294207}