{"mae": 0.029900742694735527, "mse": 0.0010071737924590707, "rmse": 0.03173600151971055, "r2": -1.2086577685802196}