{"mae": 0.038713160902261734, "mse": 0.0032775155268609524, "rmse": 0.05724959075450897, "r2": 0.9501235485076904}