{"mae": 0.07648714631795883, "mse": 0.009022688493132591, "rmse": 0.09498783339529643, "r2": 0.8984498567100404}