{"mae": 56.0754508972168, "mse": 5655.013671875, "rmse": 75.19982494577364, "r2": 0.9817235194222586}