{"mae": 0.029956862330436707, "mse": 0.002034190110862255, "rmse": 0.04510199651122093, "r2": 0.959875762462616}