{"mae": 0.029584111645817757, "mse": 0.0013398131122812629, "rmse": 0.036603457654725224, "r2": -0.6070487671405571}