{"mae": 79.88947296142578, "mse": 10401.35546875, "rmse": 101.98703578764312, "r2": 0.7798390801981985}