{"mae": 0.06211821734905243, "mse": 0.005812746938318014, "rmse": 0.07624137287797232, "r2": 0.9075531928643172}