{"mae": 10.839570999145508, "mse": 169.5244140625, "rmse": 13.020153999328613, "r2": 0.9884336590766907}