{"mae": 0.005874647293239832, "mse": 0.00012952317774761468, "rmse": 0.011380825002943094, "r2": 0.9161904713056143}