{"mae": 0.43842050433158875, "mse": 0.23315106332302094, "rmse": 0.48285719752311707, "r2": 0.9999870657920837}