{"mae": 0.10161062330007553, "mse": 0.014261559583246708, "rmse": 0.11942177181421613, "r2": 0.7235719078934613}