{"mae": 46.641807556152344, "mse": 3057.55224609375, "rmse": 55.295137635182265, "r2": 0.9461618676862861}