{"mae": 0.07642312347888947, "mse": 0.010352147743105888, "rmse": 0.10174550478082994, "r2": 0.7127973287294511}