{"mae": 0.056146010756492615, "mse": 0.00504580931738019, "rmse": 0.07103386035814321, "r2": 0.9310722191444777}