{"mae": 0.2943744659423828, "mse": 0.12392740696668625, "rmse": 0.35203324696211047, "r2": -35.147316101972635}