{"mae": 0.47067874670028687, "mse": 3.860684871673584, "rmse": 1.964862585067749, "r2": 0.9997881650924683}