{"mae": 226.3792266845703, "mse": 64346.609375, "rmse": 253.6663360595703, "r2": 0.8461790680885315}