{"mae": 0.33007141947746277, "mse": 0.12024273723363876, "rmse": 0.3467603325843811, "r2": -3.8560009002685547}