{"mae": 20.856590270996094, "mse": 713.4216918945312, "rmse": 26.709954921237347, "r2": 0.972434241778962}