{"mae": 13.041688919067383, "mse": 326.5171203613281, "rmse": 18.069784734781102, "r2": 0.941372542078669}