{"mae": 6.245855331420898, "mse": 77.7242202758789, "rmse": 8.816134089036924, "r2": 0.9804092910415771}