{"mae": 0.04245205596089363, "mse": 0.0035624466836452484, "rmse": 0.05968623608350754, "r2": 0.9548386931419373}