{"mae": 6.043037414550781, "mse": 57.195430755615234, "rmse": 7.562766075134277, "r2": 0.9774333834648132}