{"mae": 40.05751037597656, "mse": 2401.506591796875, "rmse": 49.00516903140805, "r2": 0.9592112730333189}