{"mae": 19.24117088317871, "mse": 923.6017456054688, "rmse": 30.390816797273956, "r2": 0.7602672294814409}