{"mae": 0.05563034117221832, "mse": 0.009488426148891449, "rmse": 0.09740855275021516, "r2": 0.787314440095232}