{"mae": 0.3021275997161865, "mse": 0.12224932014942169, "rmse": 0.34964170253192295, "r2": -18.69694597554449}