{"mae": 28.544240951538086, "mse": 1164.1021728515625, "rmse": 34.11894155526461, "r2": 0.784033773138634}