{"mae": 6.414604663848877, "mse": 129.5948028564453, "rmse": 11.38397131305439, "r2": 0.9916929412370978}