{"mae": 0.03503592684864998, "mse": 0.0017381412908434868, "rmse": 0.041691020131111145, "r2": 0.9656485915184021}