{"mae": 0.07777190953493118, "mse": 0.017059164121747017, "rmse": 0.13061073422431946, "r2": 0.7895807027816772}