{"mae": 0.0772925540804863, "mse": 0.01053068321198225, "rmse": 0.10261911718574786, "r2": 0.8469490499427258}