{"mae": 0.2138606458902359, "mse": 0.05270373076200485, "rmse": 0.22957293689250946, "r2": 0.1919063925743103}