{"mae": 0.055756423622369766, "mse": 0.006543836556375027, "rmse": 0.08089398343742893, "r2": 0.8767830652064282}