{"mae": 37.85842514038086, "mse": 2654.91943359375, "rmse": 51.525910313101214, "r2": 0.9913060055285097}