{"mae": 0.07445260137319565, "mse": 0.008482586592435837, "rmse": 0.09210095554590225, "r2": 0.8143587112426758}