{"mae": 231.56454467773438, "mse": 112936.515625, "rmse": 336.0602722167969, "r2": -1.8487932682037354}