{"mae": 0.02277469076216221, "mse": 0.0014883778057992458, "rmse": 0.0385794998127146, "r2": 0.1400575748759284}