{"mae": 3.4694631099700928, "mse": 41.33829879760742, "rmse": 6.4294867515563965, "r2": 0.9943506121635437}