{"mae": 25.81201934814453, "mse": 1331.3167724609375, "rmse": 36.48721382156957, "r2": 0.3288007668781826}