{"mae": 11.224879264831543, "mse": 226.6199493408203, "rmse": 15.053901672363281, "r2": 0.9943381547927856}