{"mae": 0.07143465429544449, "mse": 0.00977811124175787, "rmse": 0.09888433264050413, "r2": 0.8319423965887578}