{"mae": 0.00859958678483963, "mse": 0.00017226838099304587, "rmse": 0.013125104829668999, "r2": 0.953549325466156}