{"mae": 16.627248764038086, "mse": 406.1807861328125, "rmse": 20.15392731287906, "r2": 0.9906946503627743}