{"mae": 0.04575715214014053, "mse": 0.0035165303852409124, "rmse": 0.05930034051538754, "r2": 0.9335771516633514}