{"mae": 0.02309124544262886, "mse": 0.0005617399583570659, "rmse": 0.023701053950342926, "r2": 0.6364652611007031}