{"mae": 0.10620546340942383, "mse": 0.028838347643613815, "rmse": 0.16981858015060425, "r2": -0.7720935344696045}