{"mae": 0.005257651209831238, "mse": 4.417328455019742e-05, "rmse": 0.006646298560115805, "r2": 0.969333124423472}