{"mae": 0.1374780535697937, "mse": 0.02145608514547348, "rmse": 0.14647895097732544, "r2": 0.7683662176132202}