{"mae": 38.61577224731445, "mse": 2898.444091796875, "rmse": 53.837199888152384, "r2": 0.9432640844109194}