{"mae": 29.654150009155273, "mse": 1179.5953369140625, "rmse": 34.34523747063139, "r2": 0.6198874789234072}