{"mae": 28.610044479370117, "mse": 1126.389892578125, "rmse": 33.56173324584961, "r2": -4.842710018157959}