{"mae": 0.014771396294236183, "mse": 0.00033284106757491827, "rmse": 0.01824393234954894, "r2": 0.9958796262950321}