{"mae": 0.018180210143327713, "mse": 0.0005096499226056039, "rmse": 0.02257542684674263, "r2": 0.44140321016311646}