{"mae": 9.644380569458008, "mse": 156.9705047607422, "rmse": 12.528787042676646, "r2": 0.995565329698347}