{"mae": 0.05627133324742317, "mse": 0.004757265094667673, "rmse": 0.06897293015863305, "r2": 0.9429951098486559}