{"mae": 18.83568000793457, "mse": 746.8448486328125, "rmse": 27.3284622442027, "r2": 0.7910799669671151}