{"mae": 71.55547332763672, "mse": 7247.15380859375, "rmse": 85.13021850585938, "r2": -23.982635498046875}