{"mae": 21.25293731689453, "mse": 1221.31982421875, "rmse": 34.947386514856156, "r2": 0.48086600222314624}