{"mae": 11.80265998840332, "mse": 216.44448852539062, "rmse": 14.712052491932953, "r2": 0.9685826654125081}