{"mae": 0.01384027861058712, "mse": 0.0005403227405622602, "rmse": 0.02324484331120045, "r2": 0.7762427392209608}