{"mae": 0.07369447499513626, "mse": 0.0093758599832654, "rmse": 0.09682902448783319, "r2": 0.7537416406203956}