{"mae": 0.6061561703681946, "mse": 0.4042852818965912, "rmse": 0.6358343362808228, "r2": -24.683406829833984}