{"mae": 0.04409048706293106, "mse": 0.0030326968990266323, "rmse": 0.05506992735628614, "r2": 0.9467278022321028}