{"mae": 0.040819089859724045, "mse": 0.006317284889519215, "rmse": 0.07948134931868743, "r2": 0.8836058149645594}