{"mae": 8.786212921142578, "mse": 119.50312042236328, "rmse": 10.931748390197754, "r2": 0.992790699005127}