{"mae": 41.86863327026367, "mse": 2359.915771484375, "rmse": 48.578964289951415, "r2": 0.9275209871694372}