{"mae": 54.732295989990234, "mse": 4763.4287109375, "rmse": 69.0175971107188, "r2": 0.9084203495112003}