{"mae": 0.14239658415317535, "mse": 0.02965083345770836, "rmse": 0.17219416797161102, "r2": -0.6417601108551025}