{"mae": 0.02560589648783207, "mse": 0.0009919526055455208, "rmse": 0.03149527909934314, "r2": -0.25850632402575324}