{"mae": 0.03822575882077217, "mse": 0.0030106643680483103, "rmse": 0.0548695213032546, "r2": 0.9549904983464482}