{"mae": 28.1464900970459, "mse": 1662.101318359375, "rmse": 40.7688768346563, "r2": 0.953695869810596}