{"mae": 0.0611298605799675, "mse": 0.007773651275783777, "rmse": 0.0881683121976585, "r2": 0.8648110152415384}