{"mae": 0.03327947109937668, "mse": 0.0019855911377817392, "rmse": 0.04455997422337532, "r2": 0.9757770299911499}