{"mae": 144.3255157470703, "mse": 29138.841796875, "rmse": 170.70103045053654, "r2": 0.9372051873220639}