{"mae": 0.006007127929478884, "mse": 7.806303619872779e-05, "rmse": 0.008835328867604634, "r2": 0.9666299271710298}