{"mae": 0.08411435037851334, "mse": 0.009580159559845924, "rmse": 0.09787828952247747, "r2": 0.8374350127202531}