{"mae": 0.00391125213354826, "mse": 3.390228084754199e-05, "rmse": 0.005822566517227776, "r2": 0.9764924099326766}