{"mae": 457.3755798339844, "mse": 225394.21875, "rmse": 474.75701904296875, "r2": -3.9327845573425293}