{"mae": 0.03505628928542137, "mse": 0.005520399659872055, "rmse": 0.07429939205587119, "r2": 0.901729690168493}