{"mae": 0.0522100068628788, "mse": 0.00508443359285593, "rmse": 0.0713052143454876, "r2": 0.9382758670538728}