{"mae": 0.278025358915329, "mse": 0.12996071577072144, "rmse": 0.36050063371658325, "r2": 0.9999991655349731}