{"mae": 0.6584184765815735, "mse": 0.43818414211273193, "rmse": 0.6619547605514526, "r2": -7.867330551147461}