{"mae": 52.890716552734375, "mse": 4853.0751953125, "rmse": 69.66401650287256, "r2": -0.3433631012606331}