{"mae": 0.10080333799123764, "mse": 0.013327125459909439, "rmse": 0.11544316982788301, "r2": 0.7375398346726818}