{"mae": 0.008213239721953869, "mse": 9.335572394775227e-05, "rmse": 0.009662076830863953, "r2": 0.9262521266937256}