{"mae": 25.555797576904297, "mse": 1171.3253173828125, "rmse": 34.22463027386581, "r2": 0.7629256833464888}