{"mae": 69.99547576904297, "mse": 5887.56591796875, "rmse": 76.73047580960743, "r2": -0.04199333599422861}