{"mae": 0.04208092764019966, "mse": 0.0031236407812684774, "rmse": 0.055889540893341375, "r2": 0.9433756079198399}