{"mae": 41.53215026855469, "mse": 2572.174072265625, "rmse": 50.716605488396254, "r2": 0.9581274702427462}