{"mae": 119.4327163696289, "mse": 24388.40234375, "rmse": 156.1678659127735, "r2": 0.6990200494971652}