{"mae": 31.734704971313477, "mse": 1583.1070556640625, "rmse": 39.78827786753358, "r2": 0.9947299848376226}