{"mae": 0.09086988866329193, "mse": 0.012400484643876553, "rmse": 0.11135746538639069, "r2": 0.8445060849189758}