{"mae": 38.33750915527344, "mse": 2632.24755859375, "rmse": 51.30543400648463, "r2": 0.9476536099713886}