{"mae": 4.568000793457031, "mse": 93.6805419921875, "rmse": 9.678871154785156, "r2": 0.982263445854187}