{"mae": 20.567007064819336, "mse": 980.1954956054688, "rmse": 31.308073968314766, "r2": 0.9485125116054407}