{"mae": 0.7906457781791687, "mse": 0.984289824962616, "rmse": 0.9921138286590576, "r2": 0.9994703531265259}