{"mae": 242.5902099609375, "mse": 72855.5390625, "rmse": 269.91766357421875, "r2": -4.079572677612305}