{"mae": 25.922561645507812, "mse": 1195.7333984375, "rmse": 34.57937822514309, "r2": 0.9921403133433659}