{"mae": 0.05011206492781639, "mse": 0.004732848610728979, "rmse": 0.06879570335149765, "r2": 0.8626177906990051}