{"mae": 0.013968635350465775, "mse": 0.0003155576123390347, "rmse": 0.017763941351486012, "r2": 0.8777111572416498}