{"mae": 36.95361328125, "mse": 2482.32763671875, "rmse": 49.82296294600262, "r2": 0.9950427753577636}