{"mae": 0.00843858439475298, "mse": 0.00024141088942997158, "rmse": 0.015537402592599392, "r2": 0.5365169048309326}