{"mae": 0.1644238531589508, "mse": 0.04340063035488129, "rmse": 0.20832817256450653, "r2": -0.37231719493865967}