{"mae": 31.660852432250977, "mse": 1386.6920166015625, "rmse": 37.23831558227539, "r2": 0.0727129578590393}