{"mae": 57.3527946472168, "mse": 4331.06005859375, "rmse": 65.810791015625, "r2": -0.999121904373169}