{"mae": 0.06299116462469101, "mse": 0.009162457659840584, "rmse": 0.09572073072195053, "r2": 0.8746324181556702}