{"mae": 0.05615411326289177, "mse": 0.004633886273950338, "rmse": 0.06807265437714574, "r2": 0.9207959161513325}