{"mae": 103.95143127441406, "mse": 13608.3330078125, "rmse": 116.6547622680664, "r2": 0.634369969367981}