{"mae": 0.16749665141105652, "mse": 0.04596662521362305, "rmse": 0.21439828640551922, "r2": -1.2205174745345384}