{"mae": 0.06599446386098862, "mse": 0.008163630962371826, "rmse": 0.09035281380439586, "r2": 0.8582169694402644}