{"mae": 8.041810035705566, "mse": 108.41963958740234, "rmse": 10.412475190241864, "r2": 0.9974847575121855}