{"mae": 0.0222605112940073, "mse": 0.0005838416400365531, "rmse": 0.024162815883755684, "r2": 0.6813464164733887}