{"mae": 0.06543435156345367, "mse": 0.00680866464972496, "rmse": 0.08251463294304205, "r2": 0.920934523871102}