{"mae": 0.19173255562782288, "mse": 0.06429199129343033, "rmse": 0.2535586655139923, "r2": 0.9999997615814209}