{"mae": 0.11630814522504807, "mse": 0.018089381977915764, "rmse": 0.13449677311339392, "r2": 0.7813341848997964}