{"mae": 0.012983920983970165, "mse": 0.0002957186952698976, "rmse": 0.017196473338155636, "r2": 0.996245849251198}