{"mae": 0.12734104692935944, "mse": 0.024190295487642288, "rmse": 0.15553230047225952, "r2": 0.38984185457229614}