{"mae": 0.47634613513946533, "mse": 0.23420095443725586, "rmse": 0.4839431345462799, "r2": -3.8179497718811035}