{"mae": 74.03241729736328, "mse": 10826.90234375, "rmse": 104.05240191244987, "r2": 0.8986284300765756}