{"mae": 0.607361912727356, "mse": 0.41999149322509766, "rmse": 0.6480675339698792, "r2": -81.66706848144531}