{"mae": 0.00442626653239131, "mse": 7.086231926223263e-05, "rmse": 0.008417976088821888, "r2": 0.9444445371627808}