{"mae": 25.010534286499023, "mse": 1152.77880859375, "rmse": 33.95259649266533, "r2": 0.9739731939491396}