{"mae": 16.556110382080078, "mse": 961.8572387695312, "rmse": 31.01382334975053, "r2": 0.9817444932555683}