{"mae": 119.39996337890625, "mse": 25440.392578125, "rmse": 159.5004469527437, "r2": 0.9320535013713231}