{"mae": 0.02572644129395485, "mse": 0.0010152136674150825, "rmse": 0.031862417789852084, "r2": -4.0413038634483325}