{"mae": 8.131996154785156, "mse": 111.1014175415039, "rmse": 10.540465717486297, "r2": 0.9588209321753285}