{"mae": 0.13288402557373047, "mse": 0.030564788728952408, "rmse": 0.17482788315641304, "r2": -0.411638262127775}