{"mae": 70.71953582763672, "mse": 6560.29345703125, "rmse": 80.99563598632812, "r2": 0.665529727935791}