{"mae": 0.22396010160446167, "mse": 0.0882716178894043, "rmse": 0.2971054017543793, "r2": -8.218974113464355}