{"mae": 240.47645568847656, "mse": 71136.6953125, "rmse": 266.7146301269531, "r2": 0.43951845169067383}