{"mae": 1.1274559497833252, "mse": 2.030937910079956, "rmse": 1.4251097440719604, "r2": 0.9999668598175049}