{"mae": 30.82771873474121, "mse": 1678.5404052734375, "rmse": 40.96999396233099, "r2": -2.812747335708922}