{"mae": 0.6552529335021973, "mse": 0.717853307723999, "rmse": 0.8472622632980347, "r2": 0.9999735355377197}