{"mae": 0.013821241445839405, "mse": 0.0002715352165978402, "rmse": 0.01647832617163658, "r2": 0.821557879447937}