{"mae": 32.91364288330078, "mse": 1745.4293212890625, "rmse": 41.77833554952929, "r2": 0.8565675724077837}