{"mae": 19.13726234436035, "mse": 3766.031982421875, "rmse": 61.36800454978046, "r2": 0.9335977155890309}