{"mae": 0.0041495878249406815, "mse": 3.222182931494899e-05, "rmse": 0.005676427390426397, "r2": 0.9757558703422546}