{"mae": 30.460304260253906, "mse": 1391.9649658203125, "rmse": 37.309046702111175, "r2": 0.9762536226200668}