{"mae": 0.046945612877607346, "mse": 0.002959237201139331, "rmse": 0.05439887132229244, "r2": 0.9686321041324534}