{"mae": 0.01042994111776352, "mse": 0.00016967022384051234, "rmse": 0.013025752332994526, "r2": 0.9314584908855719}