{"mae": 66.1273193359375, "mse": 6066.298828125, "rmse": 77.88644829574012, "r2": 0.8988533841275188}