{"mae": 0.06738471239805222, "mse": 0.016620496287941933, "rmse": 0.1289205037530568, "r2": 0.6214091910432246}