{"mae": 57.91529846191406, "mse": 5597.5224609375, "rmse": 74.81659214998703, "r2": 0.8908972291127402}