{"mae": 0.052992917597293854, "mse": 0.004844003822654486, "rmse": 0.06959887802726769, "r2": 0.9404795603286052}