{"mae": 3.720008611679077, "mse": 17.805400848388672, "rmse": 4.219644635320452, "r2": 0.5012025207861135}