{"mae": 0.014843557961285114, "mse": 0.0008294194703921676, "rmse": 0.028799643740057945, "r2": 0.7819032669067383}