{"mae": 0.04115957021713257, "mse": 0.0027023213915526867, "rmse": 0.05198385566473007, "r2": 0.9525265693664551}