{"mae": 16.33048439025879, "mse": 480.7254333496094, "rmse": 21.92545172509815, "r2": 0.9054057531449737}