{"mae": 33.52462387084961, "mse": 1601.674072265625, "rmse": 40.0209204325141, "r2": -2.3460823738839025}