{"mae": 0.181723952293396, "mse": 0.049011532217264175, "rmse": 0.22138548330291255, "r2": -0.4528315732479731}