{"mae": 44.452754974365234, "mse": 2940.52392578125, "rmse": 54.22659795507413, "r2": 0.9574925363593458}