{"mae": 0.049347247928380966, "mse": 0.002718253992497921, "rmse": 0.052136875689029694, "r2": -0.8719022274017334}