{"mae": 0.05181712284684181, "mse": 0.005260813981294632, "rmse": 0.07253146890346722, "r2": 0.9294272206007783}