{"mae": 0.16363531351089478, "mse": 0.036999646574258804, "rmse": 0.19235292192805079, "r2": 0.12313771787656647}