{"mae": 103.01403045654297, "mse": 17137.58984375, "rmse": 130.9106177655197, "r2": 0.8762134544703245}