{"mae": 26.500246047973633, "mse": 1359.7169189453125, "rmse": 36.87433957300541, "r2": 0.6312397054351453}