{"mae": 0.035396676510572433, "mse": 0.002295707119628787, "rmse": 0.04791353642940521, "r2": 0.9661430716514587}