{"mae": 0.05055787414312363, "mse": 0.005629850085824728, "rmse": 0.0750323235988617, "r2": 0.8851414918899536}