{"mae": 87.9573745727539, "mse": 13370.8095703125, "rmse": 115.63221683558825, "r2": 0.507497130557296}