{"mae": 19.452951431274414, "mse": 609.18115234375, "rmse": 24.68159541730943, "r2": 0.9896429947123385}