{"mae": 95.28325653076172, "mse": 13241.3203125, "rmse": 115.07093600253715, "r2": 0.9599779322275642}