{"mae": 30.136899948120117, "mse": 1229.3046875, "rmse": 35.06144332885742, "r2": 0.9840361475944519}