{"mae": 0.1023813858628273, "mse": 0.015367643907666206, "rmse": 0.12396630150031179, "r2": 0.8088101497986117}