{"mae": 0.03142007812857628, "mse": 0.0014548002509400249, "rmse": 0.03814184383246338, "r2": -0.8798237418227521}