{"mae": 0.07621967047452927, "mse": 0.014212260022759438, "rmse": 0.11921518296003342, "r2": 0.6893671751022339}