{"mae": 10.488677978515625, "mse": 177.943115234375, "rmse": 13.339532047053787, "r2": 0.9682333968368279}