{"mae": 0.09137889742851257, "mse": 0.01330892089754343, "rmse": 0.11536429645927473, "r2": 0.8193996724705063}