{"mae": 0.09298671036958694, "mse": 0.015746448189020157, "rmse": 0.12548485398292542, "r2": 0.6043694019317627}