{"mae": 0.1523362547159195, "mse": 0.05276045948266983, "rmse": 0.22969645261764526, "r2": -3.6344375610351562}