{"mae": 62.22848892211914, "mse": 5247.5439453125, "rmse": 72.43993336076794, "r2": 0.9774939530743135}