{"mae": 0.07355231046676636, "mse": 0.010008256882429123, "rmse": 0.10004127589364863, "r2": 0.8435501713015435}