{"mae": 66.24610137939453, "mse": 6215.076171875, "rmse": 78.8357544003671, "r2": 0.972016024926944}