{"mae": 0.08514169603586197, "mse": 0.009226187132298946, "rmse": 0.09605304151773453, "r2": 0.6996532678604126}