{"mae": 12.328475952148438, "mse": 222.5131072998047, "rmse": 14.91687297821045, "r2": 0.9850478172302246}