{"mae": 9.02462387084961, "mse": 121.70171356201172, "rmse": 11.03184996099982, "r2": 0.9343131462841974}