{"mae": 10.220041275024414, "mse": 177.5022430419922, "rmse": 13.322997093200684, "r2": 0.9973120093345642}