{"mae": 0.060586538165807724, "mse": 0.008180102333426476, "rmse": 0.09044391816715193, "r2": 0.7971617188470389}