{"mae": 0.031202849000692368, "mse": 0.0014267360093072057, "rmse": 0.03777216002345085, "r2": 0.9823914170265198}