{"mae": 24.900178909301758, "mse": 998.0840454101562, "rmse": 31.59246826171875, "r2": 0.919540524482727}