{"mae": 92.19622039794922, "mse": 15339.4755859375, "rmse": 123.8526382446289, "r2": 0.8868863582611084}