{"mae": 22.34188461303711, "mse": 875.0580444335938, "rmse": 29.58138002922774, "r2": 0.9791450097708658}