{"mae": 0.10857434570789337, "mse": 0.015187341719865799, "rmse": 0.1232369332621751, "r2": 0.8070402140409187}