{"mae": 0.05642494186758995, "mse": 0.0066683609038591385, "rmse": 0.08166003247525155, "r2": 0.8775358083091991}