{"mae": 39.77317810058594, "mse": 4167.068359375, "rmse": 64.5528335571289, "r2": 0.8581055402755737}