{"mae": 41.503658294677734, "mse": 2197.75390625, "rmse": 46.88020706176758, "r2": 0.7599437832832336}