{"mae": 0.03603445738554001, "mse": 0.0027686627581715584, "rmse": 0.052618083946220987, "r2": 0.9658023619431192}