{"mae": 0.09969611465930939, "mse": 0.010733554139733315, "rmse": 0.10360286384820938, "r2": -5.750487327575684}