{"mae": 0.06922735273838043, "mse": 0.006833844818174839, "rmse": 0.08266707215194474, "r2": 0.8767491482596295}