{"mae": 0.19919171929359436, "mse": 0.06815372407436371, "rmse": 0.2610626816749573, "r2": 0.9999997019767761}