{"mae": 36.572505950927734, "mse": 2115.490966796875, "rmse": 45.994466697602604, "r2": 0.8396958152738911}