{"mae": 0.012726729735732079, "mse": 0.00024979127920232713, "rmse": 0.0158047865914832, "r2": 0.7109181875949441}