{"mae": 0.03636680543422699, "mse": 0.0015233625890687108, "rmse": 0.039030277850262744, "r2": -1.2499401785768738}