{"mae": 0.2756877839565277, "mse": 0.10039070248603821, "rmse": 0.3168449103832245, "r2": -11.179424285888672}