{"mae": 0.007582943420857191, "mse": 0.00019740690186154097, "rmse": 0.014050156809389591, "r2": 0.8430764079093933}