{"mae": 127.71036529541016, "mse": 26196.712890625, "rmse": 161.85398632911392, "r2": 0.677767625151465}