{"mae": 0.05009579285979271, "mse": 0.004341576248407364, "rmse": 0.06589063854909409, "r2": 0.9335926172881543}