{"mae": 143.730712890625, "mse": 24120.015625, "rmse": 155.3061981201172, "r2": 0.9409332275390625}