{"mae": 0.2618957757949829, "mse": 0.1404007524251938, "rmse": 0.3747008740901947, "r2": 0.9999993443489075}