{"mae": 32.926002502441406, "mse": 2197.2041015625, "rmse": 46.874343745406186, "r2": 0.923604023988114}