{"mae": 9.436660766601562, "mse": 135.72097778320312, "rmse": 11.649934668623818, "r2": 0.9980644033752657}