{"mae": 26.706817626953125, "mse": 1693.3135986328125, "rmse": 41.1498908996582, "r2": 0.928537905216217}