{"mae": 0.05309037119150162, "mse": 0.004404307343065739, "rmse": 0.06636495568495272, "r2": 0.9182102089546677}