{"mae": 52.6478271484375, "mse": 3740.10888671875, "rmse": 61.15642964332328, "r2": 0.9237721664108741}