{"mae": 19.822053909301758, "mse": 561.7247924804688, "rmse": 23.700734007208908, "r2": 0.7285184822664139}