{"mae": 0.08950178325176239, "mse": 0.016535073518753052, "rmse": 0.12858877679935, "r2": 0.5549071716458074}