{"mae": 0.02377740480005741, "mse": 0.0011739461915567517, "rmse": 0.03426289817801103, "r2": -6.191287342973992}