{"mae": 29.80257225036621, "mse": 1351.243408203125, "rmse": 36.75926288982309, "r2": 0.9769079052597156}