{"mae": 10.638754844665527, "mse": 168.9139404296875, "rmse": 12.996689595034864, "r2": 0.9408358166527084}