{"mae": 35.484703063964844, "mse": 1904.7462158203125, "rmse": 43.64339830742231, "r2": -2.3149784929249835}