{"mae": 0.04428566247224808, "mse": 0.004806144163012505, "rmse": 0.06932635979923152, "r2": 0.9132954217744809}