{"mae": 0.09731858223676682, "mse": 0.01838500425219536, "rmse": 0.1355913132429123, "r2": 0.6112344861030579}