{"mae": 8.054255485534668, "mse": 102.07511901855469, "rmse": 10.103222846984863, "r2": 0.994317889213562}